split,issue_time,window_hours,duration_hours,strategy,start_offset_hours,emissions_g_for_1kWh_job
test,2024-07-01 17:30:00+00:00,12,1,Immediate,0.0,92.5
test,2024-07-01 17:30:00+00:00,12,1,Oracle,7.0,54.5
test,2024-07-01 17:30:00+00:00,12,1,Persistence,0.0,92.5
test,2024-07-01 17:30:00+00:00,12,1,DailySeasonal,7.5,55.0
test,2024-07-01 17:30:00+00:00,12,1,WeeklySeasonal,5.5,58.5
test,2024-07-01 17:30:00+00:00,12,1,Climatology,5.0,57.5
test,2024-07-01 17:30:00+00:00,12,1,HistGradientBoosting,5.0,57.5
test,2024-07-01 17:30:00+00:00,12,1,RandomForest,3.0,70.0
test,2024-07-01 17:30:00+00:00,12,3,Immediate,0.0,89.66666666666667
test,2024-07-01 17:30:00+00:00,12,3,Oracle,6.5,55.666666666666664
test,2024-07-01 17:30:00+00:00,12,3,Persistence,0.0,89.66666666666667
test,2024-07-01 17:30:00+00:00,12,3,DailySeasonal,7.0,57.166666666666664
test,2024-07-01 17:30:00+00:00,12,3,WeeklySeasonal,4.5,56.666666666666664
test,2024-07-01 17:30:00+00:00,12,3,Climatology,5.0,56.333333333333336
test,2024-07-01 17:30:00+00:00,12,3,HistGradientBoosting,3.5,59.166666666666664
test,2024-07-01 17:30:00+00:00,12,3,RandomForest,2.5,66.0
test,2024-07-01 17:30:00+00:00,12,6,Immediate,0.0,75.75
test,2024-07-01 17:30:00+00:00,12,6,Oracle,4.0,57.333333333333336
test,2024-07-01 17:30:00+00:00,12,6,Persistence,0.0,75.75
test,2024-07-01 17:30:00+00:00,12,6,DailySeasonal,5.0,60.25
test,2024-07-01 17:30:00+00:00,12,6,WeeklySeasonal,3.5,57.416666666666664
test,2024-07-01 17:30:00+00:00,12,6,Climatology,4.0,57.333333333333336
test,2024-07-01 17:30:00+00:00,12,6,HistGradientBoosting,3.0,58.833333333333336
test,2024-07-01 17:30:00+00:00,12,6,RandomForest,0.0,75.75
test,2024-07-01 17:30:00+00:00,6,3,Immediate,0.0,89.66666666666667
test,2024-07-01 17:30:00+00:00,6,3,Oracle,3.0,61.833333333333336
test,2024-07-01 17:30:00+00:00,6,3,Persistence,0.0,89.66666666666667
test,2024-07-01 17:30:00+00:00,6,3,DailySeasonal,3.0,61.833333333333336
test,2024-07-01 17:30:00+00:00,6,3,WeeklySeasonal,3.0,61.833333333333336
test,2024-07-01 17:30:00+00:00,6,3,Climatology,3.0,61.833333333333336
test,2024-07-01 17:30:00+00:00,6,3,HistGradientBoosting,3.0,61.833333333333336
test,2024-07-01 17:30:00+00:00,6,3,RandomForest,2.5,66.0
test,2024-07-01 17:30:00+00:00,24,3,Immediate,0.0,89.66666666666667
test,2024-07-01 17:30:00+00:00,24,3,Oracle,6.5,55.666666666666664
test,2024-07-01 17:30:00+00:00,24,3,Persistence,0.0,89.66666666666667
test,2024-07-01 17:30:00+00:00,24,3,DailySeasonal,18.0,103.83333333333333
test,2024-07-01 17:30:00+00:00,24,3,WeeklySeasonal,16.5,102.66666666666667
test,2024-07-01 17:30:00+00:00,24,3,Climatology,5.0,56.333333333333336
test,2024-07-01 17:30:00+00:00,24,3,HistGradientBoosting,3.5,59.166666666666664
test,2024-07-01 17:30:00+00:00,24,3,RandomForest,2.5,66.0
test,2024-07-02 17:30:00+00:00,12,1,Immediate,0.0,158.0
test,2024-07-02 17:30:00+00:00,12,1,Oracle,6.0,70.0
test,2024-07-02 17:30:00+00:00,12,1,Persistence,0.0,158.0
test,2024-07-02 17:30:00+00:00,12,1,DailySeasonal,7.0,72.5
test,2024-07-02 17:30:00+00:00,12,1,WeeklySeasonal,6.5,71.0
test,2024-07-02 17:30:00+00:00,12,1,Climatology,7.5,73.0
test,2024-07-02 17:30:00+00:00,12,1,HistGradientBoosting,5.0,81.5
test,2024-07-02 17:30:00+00:00,12,1,RandomForest,4.0,95.0
test,2024-07-02 17:30:00+00:00,12,3,Immediate,0.0,158.66666666666666
test,2024-07-02 17:30:00+00:00,12,3,Oracle,5.5,72.16666666666667
test,2024-07-02 17:30:00+00:00,12,3,Persistence,0.0,158.66666666666666
test,2024-07-02 17:30:00+00:00,12,3,DailySeasonal,6.5,73.33333333333333
test,2024-07-02 17:30:00+00:00,12,3,WeeklySeasonal,4.5,78.16666666666667
test,2024-07-02 17:30:00+00:00,12,3,Climatology,7.0,75.5
test,2024-07-02 17:30:00+00:00,12,3,HistGradientBoosting,4.0,82.16666666666667
test,2024-07-02 17:30:00+00:00,12,3,RandomForest,3.0,102.33333333333333
test,2024-07-02 17:30:00+00:00,12,6,Immediate,0.0,130.5
test,2024-07-02 17:30:00+00:00,12,6,Oracle,4.0,78.83333333333333
test,2024-07-02 17:30:00+00:00,12,6,Persistence,0.0,130.5
test,2024-07-02 17:30:00+00:00,12,6,DailySeasonal,4.0,78.83333333333333
test,2024-07-02 17:30:00+00:00,12,6,WeeklySeasonal,4.0,78.83333333333333
test,2024-07-02 17:30:00+00:00,12,6,Climatology,5.0,81.08333333333333
test,2024-07-02 17:30:00+00:00,12,6,HistGradientBoosting,5.5,85.33333333333333
test,2024-07-02 17:30:00+00:00,12,6,RandomForest,3.0,87.41666666666667
test,2024-07-02 17:30:00+00:00,6,3,Immediate,0.0,158.66666666666666
test,2024-07-02 17:30:00+00:00,6,3,Oracle,3.0,102.33333333333333
test,2024-07-02 17:30:00+00:00,6,3,Persistence,0.0,158.66666666666666
test,2024-07-02 17:30:00+00:00,6,3,DailySeasonal,3.0,102.33333333333333
test,2024-07-02 17:30:00+00:00,6,3,WeeklySeasonal,3.0,102.33333333333333
test,2024-07-02 17:30:00+00:00,6,3,Climatology,3.0,102.33333333333333
test,2024-07-02 17:30:00+00:00,6,3,HistGradientBoosting,3.0,102.33333333333333
test,2024-07-02 17:30:00+00:00,6,3,RandomForest,3.0,102.33333333333333
test,2024-07-02 17:30:00+00:00,24,3,Immediate,0.0,158.66666666666666
test,2024-07-02 17:30:00+00:00,24,3,Oracle,17.5,56.5
test,2024-07-02 17:30:00+00:00,24,3,Persistence,0.0,158.66666666666666
test,2024-07-02 17:30:00+00:00,24,3,DailySeasonal,6.5,73.33333333333333
test,2024-07-02 17:30:00+00:00,24,3,WeeklySeasonal,17.0,57.5
test,2024-07-02 17:30:00+00:00,24,3,Climatology,17.0,57.5
test,2024-07-02 17:30:00+00:00,24,3,HistGradientBoosting,17.5,56.5
test,2024-07-02 17:30:00+00:00,24,3,RandomForest,14.5,95.33333333333333
test,2024-07-03 17:30:00+00:00,12,1,Immediate,0.0,100.0
test,2024-07-03 17:30:00+00:00,12,1,Oracle,5.5,53.0
test,2024-07-03 17:30:00+00:00,12,1,Persistence,0.0,100.0
test,2024-07-03 17:30:00+00:00,12,1,DailySeasonal,6.0,57.0
test,2024-07-03 17:30:00+00:00,12,1,WeeklySeasonal,6.5,59.5
test,2024-07-03 17:30:00+00:00,12,1,Climatology,7.5,58.5
test,2024-07-03 17:30:00+00:00,12,1,HistGradientBoosting,5.5,53.0
test,2024-07-03 17:30:00+00:00,12,1,RandomForest,5.0,55.5
test,2024-07-03 17:30:00+00:00,12,3,Immediate,0.0,93.66666666666667
test,2024-07-03 17:30:00+00:00,12,3,Oracle,5.0,56.666666666666664
test,2024-07-03 17:30:00+00:00,12,3,Persistence,0.0,93.66666666666667
test,2024-07-03 17:30:00+00:00,12,3,DailySeasonal,5.5,57.0
test,2024-07-03 17:30:00+00:00,12,3,WeeklySeasonal,6.0,58.166666666666664
test,2024-07-03 17:30:00+00:00,12,3,Climatology,5.5,57.0
test,2024-07-03 17:30:00+00:00,12,3,HistGradientBoosting,5.0,56.666666666666664
test,2024-07-03 17:30:00+00:00,12,3,RandomForest,4.0,60.0
test,2024-07-03 17:30:00+00:00,12,6,Immediate,0.0,80.08333333333333
test,2024-07-03 17:30:00+00:00,12,6,Oracle,4.5,57.75
test,2024-07-03 17:30:00+00:00,12,6,Persistence,0.0,80.08333333333333
test,2024-07-03 17:30:00+00:00,12,6,DailySeasonal,4.0,58.916666666666664
test,2024-07-03 17:30:00+00:00,12,6,WeeklySeasonal,4.5,57.75
test,2024-07-03 17:30:00+00:00,12,6,Climatology,4.0,58.916666666666664
test,2024-07-03 17:30:00+00:00,12,6,HistGradientBoosting,3.5,60.916666666666664
test,2024-07-03 17:30:00+00:00,12,6,RandomForest,3.5,60.916666666666664
test,2024-07-03 17:30:00+00:00,6,3,Immediate,0.0,93.66666666666667
test,2024-07-03 17:30:00+00:00,6,3,Oracle,3.0,66.5
test,2024-07-03 17:30:00+00:00,6,3,Persistence,0.0,93.66666666666667
test,2024-07-03 17:30:00+00:00,6,3,DailySeasonal,3.0,66.5
test,2024-07-03 17:30:00+00:00,6,3,WeeklySeasonal,3.0,66.5
test,2024-07-03 17:30:00+00:00,6,3,Climatology,3.0,66.5
test,2024-07-03 17:30:00+00:00,6,3,HistGradientBoosting,3.0,66.5
test,2024-07-03 17:30:00+00:00,6,3,RandomForest,3.0,66.5
test,2024-07-03 17:30:00+00:00,24,3,Immediate,0.0,93.66666666666667
test,2024-07-03 17:30:00+00:00,24,3,Oracle,18.0,29.333333333333332
test,2024-07-03 17:30:00+00:00,24,3,Persistence,0.0,93.66666666666667
test,2024-07-03 17:30:00+00:00,24,3,DailySeasonal,17.5,29.666666666666668
test,2024-07-03 17:30:00+00:00,24,3,WeeklySeasonal,17.0,30.333333333333332
test,2024-07-03 17:30:00+00:00,24,3,Climatology,5.5,57.0
test,2024-07-03 17:30:00+00:00,24,3,HistGradientBoosting,5.0,56.666666666666664
test,2024-07-03 17:30:00+00:00,24,3,RandomForest,4.0,60.0
test,2024-07-04 17:30:00+00:00,12,1,Immediate,0.0,59.5
test,2024-07-04 17:30:00+00:00,12,1,Oracle,7.0,51.5
test,2024-07-04 17:30:00+00:00,12,1,Persistence,0.0,59.5
test,2024-07-04 17:30:00+00:00,12,1,DailySeasonal,5.5,55.0
test,2024-07-04 17:30:00+00:00,12,1,WeeklySeasonal,7.5,52.5
test,2024-07-04 17:30:00+00:00,12,1,Climatology,7.5,52.5
test,2024-07-04 17:30:00+00:00,12,1,HistGradientBoosting,0.0,59.5
test,2024-07-04 17:30:00+00:00,12,1,RandomForest,0.0,59.5
test,2024-07-04 17:30:00+00:00,12,3,Immediate,0.0,69.0
test,2024-07-04 17:30:00+00:00,12,3,Oracle,5.0,53.5
test,2024-07-04 17:30:00+00:00,12,3,Persistence,0.0,69.0
test,2024-07-04 17:30:00+00:00,12,3,DailySeasonal,5.0,53.5
test,2024-07-04 17:30:00+00:00,12,3,WeeklySeasonal,7.0,54.5
test,2024-07-04 17:30:00+00:00,12,3,Climatology,6.5,54.333333333333336
test,2024-07-04 17:30:00+00:00,12,3,HistGradientBoosting,0.0,69.0
test,2024-07-04 17:30:00+00:00,12,3,RandomForest,0.0,69.0
test,2024-07-04 17:30:00+00:00,12,6,Immediate,0.0,62.666666666666664
test,2024-07-04 17:30:00+00:00,12,6,Oracle,4.0,54.25
test,2024-07-04 17:30:00+00:00,12,6,Persistence,0.0,62.666666666666664
test,2024-07-04 17:30:00+00:00,12,6,DailySeasonal,4.5,54.5
test,2024-07-04 17:30:00+00:00,12,6,WeeklySeasonal,4.0,54.25
test,2024-07-04 17:30:00+00:00,12,6,Climatology,4.5,54.5
test,2024-07-04 17:30:00+00:00,12,6,HistGradientBoosting,0.0,62.666666666666664
test,2024-07-04 17:30:00+00:00,12,6,RandomForest,0.0,62.666666666666664
test,2024-07-04 17:30:00+00:00,6,3,Immediate,0.0,69.0
test,2024-07-04 17:30:00+00:00,6,3,Oracle,3.0,56.333333333333336
test,2024-07-04 17:30:00+00:00,6,3,Persistence,0.0,69.0
test,2024-07-04 17:30:00+00:00,6,3,DailySeasonal,3.0,56.333333333333336
test,2024-07-04 17:30:00+00:00,6,3,WeeklySeasonal,3.0,56.333333333333336
test,2024-07-04 17:30:00+00:00,6,3,Climatology,3.0,56.333333333333336
test,2024-07-04 17:30:00+00:00,6,3,HistGradientBoosting,0.0,69.0
test,2024-07-04 17:30:00+00:00,6,3,RandomForest,0.0,69.0
test,2024-07-04 17:30:00+00:00,24,3,Immediate,0.0,69.0
test,2024-07-04 17:30:00+00:00,24,3,Oracle,5.0,53.5
test,2024-07-04 17:30:00+00:00,24,3,Persistence,0.0,69.0
test,2024-07-04 17:30:00+00:00,24,3,DailySeasonal,18.0,81.5
test,2024-07-04 17:30:00+00:00,24,3,WeeklySeasonal,16.5,69.66666666666667
test,2024-07-04 17:30:00+00:00,24,3,Climatology,17.0,73.33333333333333
test,2024-07-04 17:30:00+00:00,24,3,HistGradientBoosting,0.0,69.0
test,2024-07-04 17:30:00+00:00,24,3,RandomForest,0.0,69.0
test,2024-07-05 17:30:00+00:00,12,1,Immediate,0.0,135.0
test,2024-07-05 17:30:00+00:00,12,1,Oracle,10.0,66.5
test,2024-07-05 17:30:00+00:00,12,1,Persistence,0.0,135.0
test,2024-07-05 17:30:00+00:00,12,1,DailySeasonal,7.0,75.5
test,2024-07-05 17:30:00+00:00,12,1,WeeklySeasonal,11.0,66.5
test,2024-07-05 17:30:00+00:00,12,1,Climatology,7.5,73.5
test,2024-07-05 17:30:00+00:00,12,1,HistGradientBoosting,8.0,71.5
test,2024-07-05 17:30:00+00:00,12,1,RandomForest,6.0,79.5
test,2024-07-05 17:30:00+00:00,12,3,Immediate,0.0,136.66666666666666
test,2024-07-05 17:30:00+00:00,12,3,Oracle,9.0,67.0
test,2024-07-05 17:30:00+00:00,12,3,Persistence,0.0,136.66666666666666
test,2024-07-05 17:30:00+00:00,12,3,DailySeasonal,5.0,77.83333333333333
test,2024-07-05 17:30:00+00:00,12,3,WeeklySeasonal,9.0,67.0
test,2024-07-05 17:30:00+00:00,12,3,Climatology,7.0,71.66666666666667
test,2024-07-05 17:30:00+00:00,12,3,HistGradientBoosting,7.0,71.66666666666667
test,2024-07-05 17:30:00+00:00,12,3,RandomForest,4.0,81.66666666666667
test,2024-07-05 17:30:00+00:00,12,6,Immediate,0.0,115.33333333333333
test,2024-07-05 17:30:00+00:00,12,6,Oracle,6.0,71.25
test,2024-07-05 17:30:00+00:00,12,6,Persistence,0.0,115.33333333333333
test,2024-07-05 17:30:00+00:00,12,6,DailySeasonal,4.0,76.66666666666667
test,2024-07-05 17:30:00+00:00,12,6,WeeklySeasonal,6.0,71.25
test,2024-07-05 17:30:00+00:00,12,6,Climatology,6.0,71.25
test,2024-07-05 17:30:00+00:00,12,6,HistGradientBoosting,4.0,76.66666666666667
test,2024-07-05 17:30:00+00:00,12,6,RandomForest,3.0,84.75
test,2024-07-05 17:30:00+00:00,6,3,Immediate,0.0,136.66666666666666
test,2024-07-05 17:30:00+00:00,6,3,Oracle,3.0,94.0
test,2024-07-05 17:30:00+00:00,6,3,Persistence,0.0,136.66666666666666
test,2024-07-05 17:30:00+00:00,6,3,DailySeasonal,3.0,94.0
test,2024-07-05 17:30:00+00:00,6,3,WeeklySeasonal,3.0,94.0
test,2024-07-05 17:30:00+00:00,6,3,Climatology,3.0,94.0
test,2024-07-05 17:30:00+00:00,6,3,HistGradientBoosting,3.0,94.0
test,2024-07-05 17:30:00+00:00,6,3,RandomForest,3.0,94.0
test,2024-07-05 17:30:00+00:00,24,3,Immediate,0.0,136.66666666666666
test,2024-07-05 17:30:00+00:00,24,3,Oracle,19.0,35.166666666666664
test,2024-07-05 17:30:00+00:00,24,3,Persistence,0.0,136.66666666666666
test,2024-07-05 17:30:00+00:00,24,3,DailySeasonal,5.0,77.83333333333333
test,2024-07-05 17:30:00+00:00,24,3,WeeklySeasonal,17.0,38.666666666666664
test,2024-07-05 17:30:00+00:00,24,3,Climatology,17.0,38.666666666666664
test,2024-07-05 17:30:00+00:00,24,3,HistGradientBoosting,15.0,49.666666666666664
test,2024-07-05 17:30:00+00:00,24,3,RandomForest,17.0,38.666666666666664
test,2024-07-06 17:30:00+00:00,12,1,Immediate,0.0,43.5
test,2024-07-06 17:30:00+00:00,12,1,Oracle,0.0,43.5
test,2024-07-06 17:30:00+00:00,12,1,Persistence,0.0,43.5
test,2024-07-06 17:30:00+00:00,12,1,DailySeasonal,10.0,69.5
test,2024-07-06 17:30:00+00:00,12,1,WeeklySeasonal,6.0,59.0
test,2024-07-06 17:30:00+00:00,12,1,Climatology,9.0,68.5
test,2024-07-06 17:30:00+00:00,12,1,HistGradientBoosting,0.0,43.5
test,2024-07-06 17:30:00+00:00,12,1,RandomForest,0.0,43.5
test,2024-07-06 17:30:00+00:00,12,3,Immediate,0.0,50.833333333333336
test,2024-07-06 17:30:00+00:00,12,3,Oracle,0.0,50.833333333333336
test,2024-07-06 17:30:00+00:00,12,3,Persistence,0.0,50.833333333333336
test,2024-07-06 17:30:00+00:00,12,3,DailySeasonal,9.0,71.5
test,2024-07-06 17:30:00+00:00,12,3,WeeklySeasonal,5.0,59.833333333333336
test,2024-07-06 17:30:00+00:00,12,3,Climatology,9.0,71.5
test,2024-07-06 17:30:00+00:00,12,3,HistGradientBoosting,0.0,50.833333333333336
test,2024-07-06 17:30:00+00:00,12,3,RandomForest,0.0,50.833333333333336
test,2024-07-06 17:30:00+00:00,12,6,Immediate,0.0,54.333333333333336
test,2024-07-06 17:30:00+00:00,12,6,Oracle,0.0,54.333333333333336
test,2024-07-06 17:30:00+00:00,12,6,Persistence,0.0,54.333333333333336
test,2024-07-06 17:30:00+00:00,12,6,DailySeasonal,6.0,67.91666666666667
test,2024-07-06 17:30:00+00:00,12,6,WeeklySeasonal,5.0,64.41666666666667
test,2024-07-06 17:30:00+00:00,12,6,Climatology,6.0,67.91666666666667
test,2024-07-06 17:30:00+00:00,12,6,HistGradientBoosting,0.0,54.333333333333336
test,2024-07-06 17:30:00+00:00,12,6,RandomForest,0.0,54.333333333333336
test,2024-07-06 17:30:00+00:00,6,3,Immediate,0.0,50.833333333333336
test,2024-07-06 17:30:00+00:00,6,3,Oracle,0.0,50.833333333333336
test,2024-07-06 17:30:00+00:00,6,3,Persistence,0.0,50.833333333333336
test,2024-07-06 17:30:00+00:00,6,3,DailySeasonal,3.0,57.833333333333336
test,2024-07-06 17:30:00+00:00,6,3,WeeklySeasonal,3.0,57.833333333333336
test,2024-07-06 17:30:00+00:00,6,3,Climatology,3.0,57.833333333333336
test,2024-07-06 17:30:00+00:00,6,3,HistGradientBoosting,0.0,50.833333333333336
test,2024-07-06 17:30:00+00:00,6,3,RandomForest,0.0,50.833333333333336
test,2024-07-06 17:30:00+00:00,24,3,Immediate,0.0,50.833333333333336
test,2024-07-06 17:30:00+00:00,24,3,Oracle,17.0,48.5
test,2024-07-06 17:30:00+00:00,24,3,Persistence,0.0,50.833333333333336
test,2024-07-06 17:30:00+00:00,24,3,DailySeasonal,19.0,65.66666666666667
test,2024-07-06 17:30:00+00:00,24,3,WeeklySeasonal,16.5,49.0
test,2024-07-06 17:30:00+00:00,24,3,Climatology,16.0,50.5
test,2024-07-06 17:30:00+00:00,24,3,HistGradientBoosting,0.0,50.833333333333336
test,2024-07-06 17:30:00+00:00,24,3,RandomForest,0.0,50.833333333333336
test,2024-07-07 17:30:00+00:00,12,1,Immediate,0.0,135.0
test,2024-07-07 17:30:00+00:00,12,1,Oracle,5.0,116.5
test,2024-07-07 17:30:00+00:00,12,1,Persistence,0.0,135.0
test,2024-07-07 17:30:00+00:00,12,1,DailySeasonal,0.0,135.0
test,2024-07-07 17:30:00+00:00,12,1,WeeklySeasonal,7.5,119.5
test,2024-07-07 17:30:00+00:00,12,1,Climatology,5.0,116.5
test,2024-07-07 17:30:00+00:00,12,1,HistGradientBoosting,3.5,128.5
test,2024-07-07 17:30:00+00:00,12,1,RandomForest,4.0,121.5
test,2024-07-07 17:30:00+00:00,12,3,Immediate,0.0,144.33333333333334
test,2024-07-07 17:30:00+00:00,12,3,Oracle,4.5,118.83333333333333
test,2024-07-07 17:30:00+00:00,12,3,Persistence,0.0,144.33333333333334
test,2024-07-07 17:30:00+00:00,12,3,DailySeasonal,0.0,144.33333333333334
test,2024-07-07 17:30:00+00:00,12,3,WeeklySeasonal,7.0,126.66666666666667
test,2024-07-07 17:30:00+00:00,12,3,Climatology,5.0,118.83333333333333
test,2024-07-07 17:30:00+00:00,12,3,HistGradientBoosting,3.5,121.66666666666667
test,2024-07-07 17:30:00+00:00,12,3,RandomForest,4.0,119.5
test,2024-07-07 17:30:00+00:00,12,6,Immediate,0.0,135.25
test,2024-07-07 17:30:00+00:00,12,6,Oracle,3.5,122.0
test,2024-07-07 17:30:00+00:00,12,6,Persistence,0.0,135.25
test,2024-07-07 17:30:00+00:00,12,6,DailySeasonal,0.0,135.25
test,2024-07-07 17:30:00+00:00,12,6,WeeklySeasonal,5.0,132.33333333333334
test,2024-07-07 17:30:00+00:00,12,6,Climatology,4.0,123.08333333333333
test,2024-07-07 17:30:00+00:00,12,6,HistGradientBoosting,3.5,122.0
test,2024-07-07 17:30:00+00:00,12,6,RandomForest,3.0,123.5
test,2024-07-07 17:30:00+00:00,6,3,Immediate,0.0,144.33333333333334
test,2024-07-07 17:30:00+00:00,6,3,Oracle,3.0,126.16666666666667
test,2024-07-07 17:30:00+00:00,6,3,Persistence,0.0,144.33333333333334
test,2024-07-07 17:30:00+00:00,6,3,DailySeasonal,0.0,144.33333333333334
test,2024-07-07 17:30:00+00:00,6,3,WeeklySeasonal,3.0,126.16666666666667
test,2024-07-07 17:30:00+00:00,6,3,Climatology,3.0,126.16666666666667
test,2024-07-07 17:30:00+00:00,6,3,HistGradientBoosting,2.5,132.16666666666666
test,2024-07-07 17:30:00+00:00,6,3,RandomForest,3.0,126.16666666666667
test,2024-07-07 17:30:00+00:00,24,3,Immediate,0.0,144.33333333333334
test,2024-07-07 17:30:00+00:00,24,3,Oracle,4.5,118.83333333333333
test,2024-07-07 17:30:00+00:00,24,3,Persistence,0.0,144.33333333333334
test,2024-07-07 17:30:00+00:00,24,3,DailySeasonal,17.0,163.66666666666666
test,2024-07-07 17:30:00+00:00,24,3,WeeklySeasonal,18.0,169.5
test,2024-07-07 17:30:00+00:00,24,3,Climatology,5.0,118.83333333333333
test,2024-07-07 17:30:00+00:00,24,3,HistGradientBoosting,3.5,121.66666666666667
test,2024-07-07 17:30:00+00:00,24,3,RandomForest,4.0,119.5
test,2024-07-08 17:30:00+00:00,12,1,Immediate,0.0,212.0
test,2024-07-08 17:30:00+00:00,12,1,Oracle,10.0,57.0
test,2024-07-08 17:30:00+00:00,12,1,Persistence,0.0,212.0
test,2024-07-08 17:30:00+00:00,12,1,DailySeasonal,5.0,83.5
test,2024-07-08 17:30:00+00:00,12,1,WeeklySeasonal,7.0,65.5
test,2024-07-08 17:30:00+00:00,12,1,Climatology,5.0,83.5
test,2024-07-08 17:30:00+00:00,12,1,HistGradientBoosting,6.5,67.0
test,2024-07-08 17:30:00+00:00,12,1,RandomForest,8.0,64.5
test,2024-07-08 17:30:00+00:00,12,3,Immediate,0.0,217.0
test,2024-07-08 17:30:00+00:00,12,3,Oracle,8.0,60.666666666666664
test,2024-07-08 17:30:00+00:00,12,3,Persistence,0.0,217.0
test,2024-07-08 17:30:00+00:00,12,3,DailySeasonal,4.5,78.33333333333333
test,2024-07-08 17:30:00+00:00,12,3,WeeklySeasonal,6.5,64.66666666666667
test,2024-07-08 17:30:00+00:00,12,3,Climatology,5.0,72.66666666666667
test,2024-07-08 17:30:00+00:00,12,3,HistGradientBoosting,6.5,64.66666666666667
test,2024-07-08 17:30:00+00:00,12,3,RandomForest,8.0,60.666666666666664
test,2024-07-08 17:30:00+00:00,12,6,Immediate,0.0,168.16666666666666
test,2024-07-08 17:30:00+00:00,12,6,Oracle,6.0,63.833333333333336
test,2024-07-08 17:30:00+00:00,12,6,Persistence,0.0,168.16666666666666
test,2024-07-08 17:30:00+00:00,12,6,DailySeasonal,3.5,82.08333333333333
test,2024-07-08 17:30:00+00:00,12,6,WeeklySeasonal,4.0,75.25
test,2024-07-08 17:30:00+00:00,12,6,Climatology,4.0,75.25
test,2024-07-08 17:30:00+00:00,12,6,HistGradientBoosting,4.0,75.25
test,2024-07-08 17:30:00+00:00,12,6,RandomForest,5.0,66.66666666666667
test,2024-07-08 17:30:00+00:00,6,3,Immediate,0.0,217.0
test,2024-07-08 17:30:00+00:00,6,3,Oracle,3.0,119.33333333333333
test,2024-07-08 17:30:00+00:00,6,3,Persistence,0.0,217.0
test,2024-07-08 17:30:00+00:00,6,3,DailySeasonal,3.0,119.33333333333333
test,2024-07-08 17:30:00+00:00,6,3,WeeklySeasonal,3.0,119.33333333333333
test,2024-07-08 17:30:00+00:00,6,3,Climatology,3.0,119.33333333333333
test,2024-07-08 17:30:00+00:00,6,3,HistGradientBoosting,3.0,119.33333333333333
test,2024-07-08 17:30:00+00:00,6,3,RandomForest,3.0,119.33333333333333
test,2024-07-08 17:30:00+00:00,24,3,Immediate,0.0,217.0
test,2024-07-08 17:30:00+00:00,24,3,Oracle,8.0,60.666666666666664
test,2024-07-08 17:30:00+00:00,24,3,Persistence,0.0,217.0
test,2024-07-08 17:30:00+00:00,24,3,DailySeasonal,4.5,78.33333333333333
test,2024-07-08 17:30:00+00:00,24,3,WeeklySeasonal,6.5,64.66666666666667
test,2024-07-08 17:30:00+00:00,24,3,Climatology,5.0,72.66666666666667
test,2024-07-08 17:30:00+00:00,24,3,HistGradientBoosting,18.0,85.66666666666667
test,2024-07-08 17:30:00+00:00,24,3,RandomForest,18.0,85.66666666666667
test,2024-07-09 17:30:00+00:00,12,1,Immediate,0.0,142.5
test,2024-07-09 17:30:00+00:00,12,1,Oracle,10.0,58.0
test,2024-07-09 17:30:00+00:00,12,1,Persistence,0.0,142.5
test,2024-07-09 17:30:00+00:00,12,1,DailySeasonal,10.0,58.0
test,2024-07-09 17:30:00+00:00,12,1,WeeklySeasonal,6.0,60.0
test,2024-07-09 17:30:00+00:00,12,1,Climatology,7.5,60.0
test,2024-07-09 17:30:00+00:00,12,1,HistGradientBoosting,6.0,60.0
test,2024-07-09 17:30:00+00:00,12,1,RandomForest,6.5,59.0
test,2024-07-09 17:30:00+00:00,12,3,Immediate,0.0,141.83333333333334
test,2024-07-09 17:30:00+00:00,12,3,Oracle,8.0,59.0
test,2024-07-09 17:30:00+00:00,12,3,Persistence,0.0,141.83333333333334
test,2024-07-09 17:30:00+00:00,12,3,DailySeasonal,8.0,59.0
test,2024-07-09 17:30:00+00:00,12,3,WeeklySeasonal,5.5,60.0
test,2024-07-09 17:30:00+00:00,12,3,Climatology,7.0,59.5
test,2024-07-09 17:30:00+00:00,12,3,HistGradientBoosting,6.5,59.666666666666664
test,2024-07-09 17:30:00+00:00,12,3,RandomForest,5.0,60.5
test,2024-07-09 17:30:00+00:00,12,6,Immediate,0.0,107.58333333333333
test,2024-07-09 17:30:00+00:00,12,6,Oracle,5.0,59.75
test,2024-07-09 17:30:00+00:00,12,6,Persistence,0.0,107.58333333333333
test,2024-07-09 17:30:00+00:00,12,6,DailySeasonal,6.0,62.083333333333336
test,2024-07-09 17:30:00+00:00,12,6,WeeklySeasonal,4.0,60.75
test,2024-07-09 17:30:00+00:00,12,6,Climatology,5.0,59.75
test,2024-07-09 17:30:00+00:00,12,6,HistGradientBoosting,4.0,60.75
test,2024-07-09 17:30:00+00:00,12,6,RandomForest,4.0,60.75
test,2024-07-09 17:30:00+00:00,6,3,Immediate,0.0,141.83333333333334
test,2024-07-09 17:30:00+00:00,6,3,Oracle,3.0,73.33333333333333
test,2024-07-09 17:30:00+00:00,6,3,Persistence,0.0,141.83333333333334
test,2024-07-09 17:30:00+00:00,6,3,DailySeasonal,3.0,73.33333333333333
test,2024-07-09 17:30:00+00:00,6,3,WeeklySeasonal,3.0,73.33333333333333
test,2024-07-09 17:30:00+00:00,6,3,Climatology,3.0,73.33333333333333
test,2024-07-09 17:30:00+00:00,6,3,HistGradientBoosting,3.0,73.33333333333333
test,2024-07-09 17:30:00+00:00,6,3,RandomForest,3.0,73.33333333333333
test,2024-07-09 17:30:00+00:00,24,3,Immediate,0.0,141.83333333333334
test,2024-07-09 17:30:00+00:00,24,3,Oracle,17.0,47.166666666666664
test,2024-07-09 17:30:00+00:00,24,3,Persistence,0.0,141.83333333333334
test,2024-07-09 17:30:00+00:00,24,3,DailySeasonal,8.0,59.0
test,2024-07-09 17:30:00+00:00,24,3,WeeklySeasonal,17.5,47.833333333333336
test,2024-07-09 17:30:00+00:00,24,3,Climatology,17.0,47.166666666666664
test,2024-07-09 17:30:00+00:00,24,3,HistGradientBoosting,16.0,50.0
test,2024-07-09 17:30:00+00:00,24,3,RandomForest,5.0,60.5
test,2024-07-10 17:30:00+00:00,12,1,Immediate,0.0,146.5
test,2024-07-10 17:30:00+00:00,12,1,Oracle,4.5,101.0
test,2024-07-10 17:30:00+00:00,12,1,Persistence,0.0,146.5
test,2024-07-10 17:30:00+00:00,12,1,DailySeasonal,10.0,140.0
test,2024-07-10 17:30:00+00:00,12,1,WeeklySeasonal,5.5,106.5
test,2024-07-10 17:30:00+00:00,12,1,Climatology,7.5,111.0
test,2024-07-10 17:30:00+00:00,12,1,HistGradientBoosting,7.0,109.0
test,2024-07-10 17:30:00+00:00,12,1,RandomForest,7.0,109.0
test,2024-07-10 17:30:00+00:00,12,3,Immediate,0.0,155.16666666666666
test,2024-07-10 17:30:00+00:00,12,3,Oracle,4.5,105.33333333333333
test,2024-07-10 17:30:00+00:00,12,3,Persistence,0.0,155.16666666666666
test,2024-07-10 17:30:00+00:00,12,3,DailySeasonal,8.0,121.83333333333333
test,2024-07-10 17:30:00+00:00,12,3,WeeklySeasonal,5.0,107.33333333333333
test,2024-07-10 17:30:00+00:00,12,3,Climatology,5.5,108.66666666666667
test,2024-07-10 17:30:00+00:00,12,3,HistGradientBoosting,6.0,109.5
test,2024-07-10 17:30:00+00:00,12,3,RandomForest,6.5,110.33333333333333
test,2024-07-10 17:30:00+00:00,12,6,Immediate,0.0,135.66666666666666
test,2024-07-10 17:30:00+00:00,12,6,Oracle,4.0,108.75
test,2024-07-10 17:30:00+00:00,12,6,Persistence,0.0,135.66666666666666
test,2024-07-10 17:30:00+00:00,12,6,DailySeasonal,5.0,114.58333333333333
test,2024-07-10 17:30:00+00:00,12,6,WeeklySeasonal,4.5,109.91666666666667
test,2024-07-10 17:30:00+00:00,12,6,Climatology,4.0,108.75
test,2024-07-10 17:30:00+00:00,12,6,HistGradientBoosting,3.5,109.58333333333333
test,2024-07-10 17:30:00+00:00,12,6,RandomForest,4.5,109.91666666666667
test,2024-07-10 17:30:00+00:00,6,3,Immediate,0.0,155.16666666666666
test,2024-07-10 17:30:00+00:00,6,3,Oracle,3.0,116.16666666666667
test,2024-07-10 17:30:00+00:00,6,3,Persistence,0.0,155.16666666666666
test,2024-07-10 17:30:00+00:00,6,3,DailySeasonal,3.0,116.16666666666667
test,2024-07-10 17:30:00+00:00,6,3,WeeklySeasonal,3.0,116.16666666666667
test,2024-07-10 17:30:00+00:00,6,3,Climatology,3.0,116.16666666666667
test,2024-07-10 17:30:00+00:00,6,3,HistGradientBoosting,3.0,116.16666666666667
test,2024-07-10 17:30:00+00:00,6,3,RandomForest,3.0,116.16666666666667
test,2024-07-10 17:30:00+00:00,24,3,Immediate,0.0,155.16666666666666
test,2024-07-10 17:30:00+00:00,24,3,Oracle,4.5,105.33333333333333
test,2024-07-10 17:30:00+00:00,24,3,Persistence,0.0,155.16666666666666
test,2024-07-10 17:30:00+00:00,24,3,DailySeasonal,17.0,131.5
test,2024-07-10 17:30:00+00:00,24,3,WeeklySeasonal,18.0,138.0
test,2024-07-10 17:30:00+00:00,24,3,Climatology,5.5,108.66666666666667
test,2024-07-10 17:30:00+00:00,24,3,HistGradientBoosting,18.0,138.0
test,2024-07-10 17:30:00+00:00,24,3,RandomForest,6.5,110.33333333333333
test,2024-07-11 17:30:00+00:00,12,1,Immediate,0.0,198.5
test,2024-07-11 17:30:00+00:00,12,1,Oracle,7.0,104.0
test,2024-07-11 17:30:00+00:00,12,1,Persistence,0.0,198.5
test,2024-07-11 17:30:00+00:00,12,1,DailySeasonal,4.5,119.0
test,2024-07-11 17:30:00+00:00,12,1,WeeklySeasonal,7.0,104.0
test,2024-07-11 17:30:00+00:00,12,1,Climatology,7.5,106.0
test,2024-07-11 17:30:00+00:00,12,1,HistGradientBoosting,11.0,141.5
test,2024-07-11 17:30:00+00:00,12,1,RandomForest,8.5,105.0
test,2024-07-11 17:30:00+00:00,12,3,Immediate,0.0,201.0
test,2024-07-11 17:30:00+00:00,12,3,Oracle,6.5,105.5
test,2024-07-11 17:30:00+00:00,12,3,Persistence,0.0,201.0
test,2024-07-11 17:30:00+00:00,12,3,DailySeasonal,4.5,111.0
test,2024-07-11 17:30:00+00:00,12,3,WeeklySeasonal,5.0,107.83333333333333
test,2024-07-11 17:30:00+00:00,12,3,Climatology,6.5,105.5
test,2024-07-11 17:30:00+00:00,12,3,HistGradientBoosting,9.0,123.0
test,2024-07-11 17:30:00+00:00,12,3,RandomForest,7.5,108.33333333333333
test,2024-07-11 17:30:00+00:00,12,6,Immediate,0.0,168.16666666666666
test,2024-07-11 17:30:00+00:00,12,6,Oracle,5.0,109.58333333333333
test,2024-07-11 17:30:00+00:00,12,6,Persistence,0.0,168.16666666666666
test,2024-07-11 17:30:00+00:00,12,6,DailySeasonal,4.0,111.08333333333333
test,2024-07-11 17:30:00+00:00,12,6,WeeklySeasonal,4.0,111.08333333333333
test,2024-07-11 17:30:00+00:00,12,6,Climatology,4.5,109.66666666666667
test,2024-07-11 17:30:00+00:00,12,6,HistGradientBoosting,6.0,114.33333333333333
test,2024-07-11 17:30:00+00:00,12,6,RandomForest,4.5,109.66666666666667
test,2024-07-11 17:30:00+00:00,6,3,Immediate,0.0,201.0
test,2024-07-11 17:30:00+00:00,6,3,Oracle,3.0,135.33333333333334
test,2024-07-11 17:30:00+00:00,6,3,Persistence,0.0,201.0
test,2024-07-11 17:30:00+00:00,6,3,DailySeasonal,3.0,135.33333333333334
test,2024-07-11 17:30:00+00:00,6,3,WeeklySeasonal,3.0,135.33333333333334
test,2024-07-11 17:30:00+00:00,6,3,Climatology,3.0,135.33333333333334
test,2024-07-11 17:30:00+00:00,6,3,HistGradientBoosting,3.0,135.33333333333334
test,2024-07-11 17:30:00+00:00,6,3,RandomForest,3.0,135.33333333333334
test,2024-07-11 17:30:00+00:00,24,3,Immediate,0.0,201.0
test,2024-07-11 17:30:00+00:00,24,3,Oracle,6.5,105.5
test,2024-07-11 17:30:00+00:00,24,3,Persistence,0.0,201.0
test,2024-07-11 17:30:00+00:00,24,3,DailySeasonal,4.5,111.0
test,2024-07-11 17:30:00+00:00,24,3,WeeklySeasonal,5.0,107.83333333333333
test,2024-07-11 17:30:00+00:00,24,3,Climatology,17.0,105.66666666666667
test,2024-07-11 17:30:00+00:00,24,3,HistGradientBoosting,15.5,109.5
test,2024-07-11 17:30:00+00:00,24,3,RandomForest,16.0,108.66666666666667
test,2024-07-12 17:30:00+00:00,12,1,Immediate,0.0,136.5
test,2024-07-12 17:30:00+00:00,12,1,Oracle,7.0,66.0
test,2024-07-12 17:30:00+00:00,12,1,Persistence,0.0,136.5
test,2024-07-12 17:30:00+00:00,12,1,DailySeasonal,7.0,66.0
test,2024-07-12 17:30:00+00:00,12,1,WeeklySeasonal,10.0,73.5
test,2024-07-12 17:30:00+00:00,12,1,Climatology,7.5,66.5
test,2024-07-12 17:30:00+00:00,12,1,HistGradientBoosting,6.0,70.0
test,2024-07-12 17:30:00+00:00,12,1,RandomForest,7.5,66.5
test,2024-07-12 17:30:00+00:00,12,3,Immediate,0.0,138.83333333333334
test,2024-07-12 17:30:00+00:00,12,3,Oracle,6.5,66.66666666666667
test,2024-07-12 17:30:00+00:00,12,3,Persistence,0.0,138.83333333333334
test,2024-07-12 17:30:00+00:00,12,3,DailySeasonal,6.5,66.66666666666667
test,2024-07-12 17:30:00+00:00,12,3,WeeklySeasonal,9.0,72.33333333333333
test,2024-07-12 17:30:00+00:00,12,3,Climatology,7.0,66.66666666666667
test,2024-07-12 17:30:00+00:00,12,3,HistGradientBoosting,6.0,67.5
test,2024-07-12 17:30:00+00:00,12,3,RandomForest,6.0,67.5
test,2024-07-12 17:30:00+00:00,12,6,Immediate,0.0,111.75
test,2024-07-12 17:30:00+00:00,12,6,Oracle,5.0,69.83333333333333
test,2024-07-12 17:30:00+00:00,12,6,Persistence,0.0,111.75
test,2024-07-12 17:30:00+00:00,12,6,DailySeasonal,5.0,69.83333333333333
test,2024-07-12 17:30:00+00:00,12,6,WeeklySeasonal,6.0,69.91666666666667
test,2024-07-12 17:30:00+00:00,12,6,Climatology,6.0,69.91666666666667
test,2024-07-12 17:30:00+00:00,12,6,HistGradientBoosting,6.0,69.91666666666667
test,2024-07-12 17:30:00+00:00,12,6,RandomForest,4.5,70.0
test,2024-07-12 17:30:00+00:00,6,3,Immediate,0.0,138.83333333333334
test,2024-07-12 17:30:00+00:00,6,3,Oracle,3.0,84.66666666666667
test,2024-07-12 17:30:00+00:00,6,3,Persistence,0.0,138.83333333333334
test,2024-07-12 17:30:00+00:00,6,3,DailySeasonal,3.0,84.66666666666667
test,2024-07-12 17:30:00+00:00,6,3,WeeklySeasonal,3.0,84.66666666666667
test,2024-07-12 17:30:00+00:00,6,3,Climatology,3.0,84.66666666666667
test,2024-07-12 17:30:00+00:00,6,3,HistGradientBoosting,3.0,84.66666666666667
test,2024-07-12 17:30:00+00:00,6,3,RandomForest,3.0,84.66666666666667
test,2024-07-12 17:30:00+00:00,24,3,Immediate,0.0,138.83333333333334
test,2024-07-12 17:30:00+00:00,24,3,Oracle,6.5,66.66666666666667
test,2024-07-12 17:30:00+00:00,24,3,Persistence,0.0,138.83333333333334
test,2024-07-12 17:30:00+00:00,24,3,DailySeasonal,6.5,66.66666666666667
test,2024-07-12 17:30:00+00:00,24,3,WeeklySeasonal,19.0,84.66666666666667
test,2024-07-12 17:30:00+00:00,24,3,Climatology,17.0,75.16666666666667
test,2024-07-12 17:30:00+00:00,24,3,HistGradientBoosting,13.5,88.5
test,2024-07-12 17:30:00+00:00,24,3,RandomForest,6.0,67.5
test,2024-07-13 17:30:00+00:00,12,1,Immediate,0.0,113.5
test,2024-07-13 17:30:00+00:00,12,1,Oracle,9.0,62.0
test,2024-07-13 17:30:00+00:00,12,1,Persistence,0.0,113.5
test,2024-07-13 17:30:00+00:00,12,1,DailySeasonal,7.0,68.0
test,2024-07-13 17:30:00+00:00,12,1,WeeklySeasonal,0.0,113.5
test,2024-07-13 17:30:00+00:00,12,1,Climatology,9.0,62.0
test,2024-07-13 17:30:00+00:00,12,1,HistGradientBoosting,7.5,67.0
test,2024-07-13 17:30:00+00:00,12,1,RandomForest,4.0,66.5
test,2024-07-13 17:30:00+00:00,12,3,Immediate,0.0,116.16666666666667
test,2024-07-13 17:30:00+00:00,12,3,Oracle,8.0,63.5
test,2024-07-13 17:30:00+00:00,12,3,Persistence,0.0,116.16666666666667
test,2024-07-13 17:30:00+00:00,12,3,DailySeasonal,6.5,66.0
test,2024-07-13 17:30:00+00:00,12,3,WeeklySeasonal,0.0,116.16666666666667
test,2024-07-13 17:30:00+00:00,12,3,Climatology,9.0,66.0
test,2024-07-13 17:30:00+00:00,12,3,HistGradientBoosting,5.0,66.0
test,2024-07-13 17:30:00+00:00,12,3,RandomForest,3.5,67.66666666666667
test,2024-07-13 17:30:00+00:00,12,6,Immediate,0.0,95.25
test,2024-07-13 17:30:00+00:00,12,6,Oracle,5.0,64.75
test,2024-07-13 17:30:00+00:00,12,6,Persistence,0.0,95.25
test,2024-07-13 17:30:00+00:00,12,6,DailySeasonal,5.0,64.75
test,2024-07-13 17:30:00+00:00,12,6,WeeklySeasonal,0.0,95.25
test,2024-07-13 17:30:00+00:00,12,6,Climatology,6.0,66.25
test,2024-07-13 17:30:00+00:00,12,6,HistGradientBoosting,4.5,64.83333333333333
test,2024-07-13 17:30:00+00:00,12,6,RandomForest,2.5,74.91666666666667
test,2024-07-13 17:30:00+00:00,6,3,Immediate,0.0,116.16666666666667
test,2024-07-13 17:30:00+00:00,6,3,Oracle,3.0,74.33333333333333
test,2024-07-13 17:30:00+00:00,6,3,Persistence,0.0,116.16666666666667
test,2024-07-13 17:30:00+00:00,6,3,DailySeasonal,3.0,74.33333333333333
test,2024-07-13 17:30:00+00:00,6,3,WeeklySeasonal,0.0,116.16666666666667
test,2024-07-13 17:30:00+00:00,6,3,Climatology,3.0,74.33333333333333
test,2024-07-13 17:30:00+00:00,6,3,HistGradientBoosting,3.0,74.33333333333333
test,2024-07-13 17:30:00+00:00,6,3,RandomForest,3.0,74.33333333333333
test,2024-07-13 17:30:00+00:00,24,3,Immediate,0.0,116.16666666666667
test,2024-07-13 17:30:00+00:00,24,3,Oracle,13.5,49.333333333333336
test,2024-07-13 17:30:00+00:00,24,3,Persistence,0.0,116.16666666666667
test,2024-07-13 17:30:00+00:00,24,3,DailySeasonal,6.5,66.0
test,2024-07-13 17:30:00+00:00,24,3,WeeklySeasonal,17.0,63.666666666666664
test,2024-07-13 17:30:00+00:00,24,3,Climatology,16.0,59.5
test,2024-07-13 17:30:00+00:00,24,3,HistGradientBoosting,5.0,66.0
test,2024-07-13 17:30:00+00:00,24,3,RandomForest,3.5,67.66666666666667
test,2024-07-14 17:30:00+00:00,12,1,Immediate,0.0,132.0
test,2024-07-14 17:30:00+00:00,12,1,Oracle,5.0,109.5
test,2024-07-14 17:30:00+00:00,12,1,Persistence,0.0,132.0
test,2024-07-14 17:30:00+00:00,12,1,DailySeasonal,9.0,133.0
test,2024-07-14 17:30:00+00:00,12,1,WeeklySeasonal,5.0,109.5
test,2024-07-14 17:30:00+00:00,12,1,Climatology,5.0,109.5
test,2024-07-14 17:30:00+00:00,12,1,HistGradientBoosting,4.0,112.0
test,2024-07-14 17:30:00+00:00,12,1,RandomForest,5.0,109.5
test,2024-07-14 17:30:00+00:00,12,3,Immediate,0.0,138.83333333333334
test,2024-07-14 17:30:00+00:00,12,3,Oracle,4.0,112.16666666666667
test,2024-07-14 17:30:00+00:00,12,3,Persistence,0.0,138.83333333333334
test,2024-07-14 17:30:00+00:00,12,3,DailySeasonal,8.0,135.5
test,2024-07-14 17:30:00+00:00,12,3,WeeklySeasonal,4.5,113.16666666666667
test,2024-07-14 17:30:00+00:00,12,3,Climatology,5.0,115.0
test,2024-07-14 17:30:00+00:00,12,3,HistGradientBoosting,3.5,112.33333333333333
test,2024-07-14 17:30:00+00:00,12,3,RandomForest,4.0,112.16666666666667
test,2024-07-14 17:30:00+00:00,12,6,Immediate,0.0,128.08333333333334
test,2024-07-14 17:30:00+00:00,12,6,Oracle,3.5,117.91666666666667
test,2024-07-14 17:30:00+00:00,12,6,Persistence,0.0,128.08333333333334
test,2024-07-14 17:30:00+00:00,12,6,DailySeasonal,5.0,125.25
test,2024-07-14 17:30:00+00:00,12,6,WeeklySeasonal,3.5,117.91666666666667
test,2024-07-14 17:30:00+00:00,12,6,Climatology,4.0,119.41666666666667
test,2024-07-14 17:30:00+00:00,12,6,HistGradientBoosting,3.0,119.0
test,2024-07-14 17:30:00+00:00,12,6,RandomForest,3.0,119.0
test,2024-07-14 17:30:00+00:00,6,3,Immediate,0.0,138.83333333333334
test,2024-07-14 17:30:00+00:00,6,3,Oracle,3.0,117.33333333333333
test,2024-07-14 17:30:00+00:00,6,3,Persistence,0.0,138.83333333333334
test,2024-07-14 17:30:00+00:00,6,3,DailySeasonal,3.0,117.33333333333333
test,2024-07-14 17:30:00+00:00,6,3,WeeklySeasonal,3.0,117.33333333333333
test,2024-07-14 17:30:00+00:00,6,3,Climatology,3.0,117.33333333333333
test,2024-07-14 17:30:00+00:00,6,3,HistGradientBoosting,3.0,117.33333333333333
test,2024-07-14 17:30:00+00:00,6,3,RandomForest,3.0,117.33333333333333
test,2024-07-14 17:30:00+00:00,24,3,Immediate,0.0,138.83333333333334
test,2024-07-14 17:30:00+00:00,24,3,Oracle,4.0,112.16666666666667
test,2024-07-14 17:30:00+00:00,24,3,Persistence,0.0,138.83333333333334
test,2024-07-14 17:30:00+00:00,24,3,DailySeasonal,13.5,175.66666666666666
test,2024-07-14 17:30:00+00:00,24,3,WeeklySeasonal,4.5,113.16666666666667
test,2024-07-14 17:30:00+00:00,24,3,Climatology,5.0,115.0
test,2024-07-14 17:30:00+00:00,24,3,HistGradientBoosting,3.5,112.33333333333333
test,2024-07-14 17:30:00+00:00,24,3,RandomForest,4.0,112.16666666666667
test,2024-07-15 17:30:00+00:00,12,1,Immediate,0.0,203.5
test,2024-07-15 17:30:00+00:00,12,1,Oracle,8.5,72.0
test,2024-07-15 17:30:00+00:00,12,1,Persistence,0.0,203.5
test,2024-07-15 17:30:00+00:00,12,1,DailySeasonal,5.0,101.5
test,2024-07-15 17:30:00+00:00,12,1,WeeklySeasonal,10.0,102.0
test,2024-07-15 17:30:00+00:00,12,1,Climatology,5.0,101.5
test,2024-07-15 17:30:00+00:00,12,1,HistGradientBoosting,8.5,72.0
test,2024-07-15 17:30:00+00:00,12,1,RandomForest,8.5,72.0
test,2024-07-15 17:30:00+00:00,12,3,Immediate,0.0,197.66666666666666
test,2024-07-15 17:30:00+00:00,12,3,Oracle,7.0,75.33333333333333
test,2024-07-15 17:30:00+00:00,12,3,Persistence,0.0,197.66666666666666
test,2024-07-15 17:30:00+00:00,12,3,DailySeasonal,4.0,100.33333333333333
test,2024-07-15 17:30:00+00:00,12,3,WeeklySeasonal,8.0,84.33333333333333
test,2024-07-15 17:30:00+00:00,12,3,Climatology,5.0,88.66666666666667
test,2024-07-15 17:30:00+00:00,12,3,HistGradientBoosting,6.5,75.5
test,2024-07-15 17:30:00+00:00,12,3,RandomForest,7.0,75.33333333333333
test,2024-07-15 17:30:00+00:00,12,6,Immediate,0.0,158.16666666666666
test,2024-07-15 17:30:00+00:00,12,6,Oracle,4.5,86.16666666666667
test,2024-07-15 17:30:00+00:00,12,6,Persistence,0.0,158.16666666666666
test,2024-07-15 17:30:00+00:00,12,6,DailySeasonal,3.5,91.25
test,2024-07-15 17:30:00+00:00,12,6,WeeklySeasonal,6.0,95.41666666666667
test,2024-07-15 17:30:00+00:00,12,6,Climatology,4.0,87.83333333333333
test,2024-07-15 17:30:00+00:00,12,6,HistGradientBoosting,4.0,87.83333333333333
test,2024-07-15 17:30:00+00:00,12,6,RandomForest,6.0,95.41666666666667
test,2024-07-15 17:30:00+00:00,6,3,Immediate,0.0,197.66666666666666
test,2024-07-15 17:30:00+00:00,6,3,Oracle,3.0,118.66666666666667
test,2024-07-15 17:30:00+00:00,6,3,Persistence,0.0,197.66666666666666
test,2024-07-15 17:30:00+00:00,6,3,DailySeasonal,3.0,118.66666666666667
test,2024-07-15 17:30:00+00:00,6,3,WeeklySeasonal,3.0,118.66666666666667
test,2024-07-15 17:30:00+00:00,6,3,Climatology,3.0,118.66666666666667
test,2024-07-15 17:30:00+00:00,6,3,HistGradientBoosting,3.0,118.66666666666667
test,2024-07-15 17:30:00+00:00,6,3,RandomForest,3.0,118.66666666666667
test,2024-07-15 17:30:00+00:00,24,3,Immediate,0.0,197.66666666666666
test,2024-07-15 17:30:00+00:00,24,3,Oracle,7.0,75.33333333333333
test,2024-07-15 17:30:00+00:00,24,3,Persistence,0.0,197.66666666666666
test,2024-07-15 17:30:00+00:00,24,3,DailySeasonal,4.0,100.33333333333333
test,2024-07-15 17:30:00+00:00,24,3,WeeklySeasonal,8.0,84.33333333333333
test,2024-07-15 17:30:00+00:00,24,3,Climatology,5.0,88.66666666666667
test,2024-07-15 17:30:00+00:00,24,3,HistGradientBoosting,6.5,75.5
test,2024-07-15 17:30:00+00:00,24,3,RandomForest,16.5,121.66666666666667
test,2024-07-16 17:30:00+00:00,12,1,Immediate,0.0,162.5
test,2024-07-16 17:30:00+00:00,12,1,Oracle,6.5,128.5
test,2024-07-16 17:30:00+00:00,12,1,Persistence,0.0,162.5
test,2024-07-16 17:30:00+00:00,12,1,DailySeasonal,8.5,136.0
test,2024-07-16 17:30:00+00:00,12,1,WeeklySeasonal,10.0,169.0
test,2024-07-16 17:30:00+00:00,12,1,Climatology,7.5,131.0
test,2024-07-16 17:30:00+00:00,12,1,HistGradientBoosting,6.5,128.5
test,2024-07-16 17:30:00+00:00,12,1,RandomForest,8.5,136.0
test,2024-07-16 17:30:00+00:00,12,3,Immediate,0.0,174.66666666666666
test,2024-07-16 17:30:00+00:00,12,3,Oracle,5.5,130.16666666666666
test,2024-07-16 17:30:00+00:00,12,3,Persistence,0.0,174.66666666666666
test,2024-07-16 17:30:00+00:00,12,3,DailySeasonal,7.0,134.16666666666666
test,2024-07-16 17:30:00+00:00,12,3,WeeklySeasonal,8.0,147.33333333333334
test,2024-07-16 17:30:00+00:00,12,3,Climatology,7.0,134.16666666666666
test,2024-07-16 17:30:00+00:00,12,3,HistGradientBoosting,6.0,130.5
test,2024-07-16 17:30:00+00:00,12,3,RandomForest,6.5,131.83333333333334
test,2024-07-16 17:30:00+00:00,12,6,Immediate,0.0,164.33333333333334
test,2024-07-16 17:30:00+00:00,12,6,Oracle,4.5,136.33333333333334
test,2024-07-16 17:30:00+00:00,12,6,Persistence,0.0,164.33333333333334
test,2024-07-16 17:30:00+00:00,12,6,DailySeasonal,4.5,136.33333333333334
test,2024-07-16 17:30:00+00:00,12,6,WeeklySeasonal,5.0,139.41666666666666
test,2024-07-16 17:30:00+00:00,12,6,Climatology,5.0,139.41666666666666
test,2024-07-16 17:30:00+00:00,12,6,HistGradientBoosting,4.5,136.33333333333334
test,2024-07-16 17:30:00+00:00,12,6,RandomForest,5.0,139.41666666666666
test,2024-07-16 17:30:00+00:00,6,3,Immediate,0.0,174.66666666666666
test,2024-07-16 17:30:00+00:00,6,3,Oracle,3.0,154.0
test,2024-07-16 17:30:00+00:00,6,3,Persistence,0.0,174.66666666666666
test,2024-07-16 17:30:00+00:00,6,3,DailySeasonal,3.0,154.0
test,2024-07-16 17:30:00+00:00,6,3,WeeklySeasonal,3.0,154.0
test,2024-07-16 17:30:00+00:00,6,3,Climatology,3.0,154.0
test,2024-07-16 17:30:00+00:00,6,3,HistGradientBoosting,3.0,154.0
test,2024-07-16 17:30:00+00:00,6,3,RandomForest,3.0,154.0
test,2024-07-16 17:30:00+00:00,24,3,Immediate,0.0,174.66666666666666
test,2024-07-16 17:30:00+00:00,24,3,Oracle,5.5,130.16666666666666
test,2024-07-16 17:30:00+00:00,24,3,Persistence,0.0,174.66666666666666
test,2024-07-16 17:30:00+00:00,24,3,DailySeasonal,7.0,134.16666666666666
test,2024-07-16 17:30:00+00:00,24,3,WeeklySeasonal,17.0,131.16666666666666
test,2024-07-16 17:30:00+00:00,24,3,Climatology,17.0,131.16666666666666
test,2024-07-16 17:30:00+00:00,24,3,HistGradientBoosting,6.0,130.5
test,2024-07-16 17:30:00+00:00,24,3,RandomForest,6.5,131.83333333333334
test,2024-07-17 17:30:00+00:00,12,1,Immediate,0.0,201.0
test,2024-07-17 17:30:00+00:00,12,1,Oracle,7.5,98.0
test,2024-07-17 17:30:00+00:00,12,1,Persistence,0.0,201.0
test,2024-07-17 17:30:00+00:00,12,1,DailySeasonal,6.5,103.5
test,2024-07-17 17:30:00+00:00,12,1,WeeklySeasonal,4.5,114.5
test,2024-07-17 17:30:00+00:00,12,1,Climatology,7.5,98.0
test,2024-07-17 17:30:00+00:00,12,1,HistGradientBoosting,6.5,103.5
test,2024-07-17 17:30:00+00:00,12,1,RandomForest,7.5,98.0
test,2024-07-17 17:30:00+00:00,12,3,Immediate,0.0,209.83333333333334
test,2024-07-17 17:30:00+00:00,12,3,Oracle,6.5,101.16666666666667
test,2024-07-17 17:30:00+00:00,12,3,Persistence,0.0,209.83333333333334
test,2024-07-17 17:30:00+00:00,12,3,DailySeasonal,5.5,104.66666666666667
test,2024-07-17 17:30:00+00:00,12,3,WeeklySeasonal,4.5,110.16666666666667
test,2024-07-17 17:30:00+00:00,12,3,Climatology,5.5,104.66666666666667
test,2024-07-17 17:30:00+00:00,12,3,HistGradientBoosting,6.5,101.16666666666667
test,2024-07-17 17:30:00+00:00,12,3,RandomForest,6.5,101.16666666666667
test,2024-07-17 17:30:00+00:00,12,6,Immediate,0.0,170.75
test,2024-07-17 17:30:00+00:00,12,6,Oracle,4.5,106.33333333333333
test,2024-07-17 17:30:00+00:00,12,6,Persistence,0.0,170.75
test,2024-07-17 17:30:00+00:00,12,6,DailySeasonal,4.5,106.33333333333333
test,2024-07-17 17:30:00+00:00,12,6,WeeklySeasonal,4.0,107.0
test,2024-07-17 17:30:00+00:00,12,6,Climatology,4.0,107.0
test,2024-07-17 17:30:00+00:00,12,6,HistGradientBoosting,4.0,107.0
test,2024-07-17 17:30:00+00:00,12,6,RandomForest,3.5,109.66666666666667
test,2024-07-17 17:30:00+00:00,6,3,Immediate,0.0,209.83333333333334
test,2024-07-17 17:30:00+00:00,6,3,Oracle,3.0,131.66666666666666
test,2024-07-17 17:30:00+00:00,6,3,Persistence,0.0,209.83333333333334
test,2024-07-17 17:30:00+00:00,6,3,DailySeasonal,3.0,131.66666666666666
test,2024-07-17 17:30:00+00:00,6,3,WeeklySeasonal,3.0,131.66666666666666
test,2024-07-17 17:30:00+00:00,6,3,Climatology,3.0,131.66666666666666
test,2024-07-17 17:30:00+00:00,6,3,HistGradientBoosting,3.0,131.66666666666666
test,2024-07-17 17:30:00+00:00,6,3,RandomForest,3.0,131.66666666666666
test,2024-07-17 17:30:00+00:00,24,3,Immediate,0.0,209.83333333333334
test,2024-07-17 17:30:00+00:00,24,3,Oracle,16.5,65.0
test,2024-07-17 17:30:00+00:00,24,3,Persistence,0.0,209.83333333333334
test,2024-07-17 17:30:00+00:00,24,3,DailySeasonal,5.5,104.66666666666667
test,2024-07-17 17:30:00+00:00,24,3,WeeklySeasonal,4.5,110.16666666666667
test,2024-07-17 17:30:00+00:00,24,3,Climatology,5.5,104.66666666666667
test,2024-07-17 17:30:00+00:00,24,3,HistGradientBoosting,17.0,66.0
test,2024-07-17 17:30:00+00:00,24,3,RandomForest,17.0,66.0
test,2024-07-18 17:30:00+00:00,12,1,Immediate,0.0,194.5
test,2024-07-18 17:30:00+00:00,12,1,Oracle,8.5,103.0
test,2024-07-18 17:30:00+00:00,12,1,Persistence,0.0,194.5
test,2024-07-18 17:30:00+00:00,12,1,DailySeasonal,7.5,107.5
test,2024-07-18 17:30:00+00:00,12,1,WeeklySeasonal,7.0,108.0
test,2024-07-18 17:30:00+00:00,12,1,Climatology,7.5,107.5
test,2024-07-18 17:30:00+00:00,12,1,HistGradientBoosting,7.5,107.5
test,2024-07-18 17:30:00+00:00,12,1,RandomForest,8.0,104.5
test,2024-07-18 17:30:00+00:00,12,3,Immediate,0.0,200.0
test,2024-07-18 17:30:00+00:00,12,3,Oracle,6.5,105.0
test,2024-07-18 17:30:00+00:00,12,3,Persistence,0.0,200.0
test,2024-07-18 17:30:00+00:00,12,3,DailySeasonal,6.5,105.0
test,2024-07-18 17:30:00+00:00,12,3,WeeklySeasonal,6.5,105.0
test,2024-07-18 17:30:00+00:00,12,3,Climatology,6.5,105.0
test,2024-07-18 17:30:00+00:00,12,3,HistGradientBoosting,6.5,105.0
test,2024-07-18 17:30:00+00:00,12,3,RandomForest,6.5,105.0
test,2024-07-18 17:30:00+00:00,12,6,Immediate,0.0,170.41666666666666
test,2024-07-18 17:30:00+00:00,12,6,Oracle,5.0,109.66666666666667
test,2024-07-18 17:30:00+00:00,12,6,Persistence,0.0,170.41666666666666
test,2024-07-18 17:30:00+00:00,12,6,DailySeasonal,4.5,110.5
test,2024-07-18 17:30:00+00:00,12,6,WeeklySeasonal,5.0,109.66666666666667
test,2024-07-18 17:30:00+00:00,12,6,Climatology,4.5,110.5
test,2024-07-18 17:30:00+00:00,12,6,HistGradientBoosting,4.5,110.5
test,2024-07-18 17:30:00+00:00,12,6,RandomForest,4.5,110.5
test,2024-07-18 17:30:00+00:00,6,3,Immediate,0.0,200.0
test,2024-07-18 17:30:00+00:00,6,3,Oracle,3.0,140.83333333333334
test,2024-07-18 17:30:00+00:00,6,3,Persistence,0.0,200.0
test,2024-07-18 17:30:00+00:00,6,3,DailySeasonal,3.0,140.83333333333334
test,2024-07-18 17:30:00+00:00,6,3,WeeklySeasonal,3.0,140.83333333333334
test,2024-07-18 17:30:00+00:00,6,3,Climatology,3.0,140.83333333333334
test,2024-07-18 17:30:00+00:00,6,3,HistGradientBoosting,3.0,140.83333333333334
test,2024-07-18 17:30:00+00:00,6,3,RandomForest,3.0,140.83333333333334
test,2024-07-18 17:30:00+00:00,24,3,Immediate,0.0,200.0
test,2024-07-18 17:30:00+00:00,24,3,Oracle,17.0,50.166666666666664
test,2024-07-18 17:30:00+00:00,24,3,Persistence,0.0,200.0
test,2024-07-18 17:30:00+00:00,24,3,DailySeasonal,16.5,51.166666666666664
test,2024-07-18 17:30:00+00:00,24,3,WeeklySeasonal,6.5,105.0
test,2024-07-18 17:30:00+00:00,24,3,Climatology,17.0,50.166666666666664
test,2024-07-18 17:30:00+00:00,24,3,HistGradientBoosting,17.5,50.666666666666664
test,2024-07-18 17:30:00+00:00,24,3,RandomForest,18.0,53.5
test,2024-07-19 17:30:00+00:00,12,1,Immediate,0.0,157.0
test,2024-07-19 17:30:00+00:00,12,1,Oracle,4.5,86.0
test,2024-07-19 17:30:00+00:00,12,1,Persistence,0.0,157.0
test,2024-07-19 17:30:00+00:00,12,1,DailySeasonal,8.5,100.5
test,2024-07-19 17:30:00+00:00,12,1,WeeklySeasonal,7.0,95.0
test,2024-07-19 17:30:00+00:00,12,1,Climatology,7.5,99.0
test,2024-07-19 17:30:00+00:00,12,1,HistGradientBoosting,8.0,100.5
test,2024-07-19 17:30:00+00:00,12,1,RandomForest,10.0,105.5
test,2024-07-19 17:30:00+00:00,12,3,Immediate,0.0,160.5
test,2024-07-19 17:30:00+00:00,12,3,Oracle,4.5,88.33333333333333
test,2024-07-19 17:30:00+00:00,12,3,Persistence,0.0,160.5
test,2024-07-19 17:30:00+00:00,12,3,DailySeasonal,6.5,97.33333333333333
test,2024-07-19 17:30:00+00:00,12,3,WeeklySeasonal,6.5,97.33333333333333
test,2024-07-19 17:30:00+00:00,12,3,Climatology,7.0,99.16666666666667
test,2024-07-19 17:30:00+00:00,12,3,HistGradientBoosting,6.5,97.33333333333333
test,2024-07-19 17:30:00+00:00,12,3,RandomForest,8.0,102.66666666666667
test,2024-07-19 17:30:00+00:00,12,6,Immediate,0.0,132.0
test,2024-07-19 17:30:00+00:00,12,6,Oracle,4.0,94.41666666666667
test,2024-07-19 17:30:00+00:00,12,6,Persistence,0.0,132.0
test,2024-07-19 17:30:00+00:00,12,6,DailySeasonal,5.0,96.41666666666667
test,2024-07-19 17:30:00+00:00,12,6,WeeklySeasonal,5.0,96.41666666666667
test,2024-07-19 17:30:00+00:00,12,6,Climatology,6.0,100.91666666666667
test,2024-07-19 17:30:00+00:00,12,6,HistGradientBoosting,6.0,100.91666666666667
test,2024-07-19 17:30:00+00:00,12,6,RandomForest,6.0,100.91666666666667
test,2024-07-19 17:30:00+00:00,6,3,Immediate,0.0,160.5
test,2024-07-19 17:30:00+00:00,6,3,Oracle,3.0,103.5
test,2024-07-19 17:30:00+00:00,6,3,Persistence,0.0,160.5
test,2024-07-19 17:30:00+00:00,6,3,DailySeasonal,3.0,103.5
test,2024-07-19 17:30:00+00:00,6,3,WeeklySeasonal,3.0,103.5
test,2024-07-19 17:30:00+00:00,6,3,Climatology,3.0,103.5
test,2024-07-19 17:30:00+00:00,6,3,HistGradientBoosting,3.0,103.5
test,2024-07-19 17:30:00+00:00,6,3,RandomForest,3.0,103.5
test,2024-07-19 17:30:00+00:00,24,3,Immediate,0.0,160.5
test,2024-07-19 17:30:00+00:00,24,3,Oracle,4.5,88.33333333333333
test,2024-07-19 17:30:00+00:00,24,3,Persistence,0.0,160.5
test,2024-07-19 17:30:00+00:00,24,3,DailySeasonal,17.0,131.66666666666666
test,2024-07-19 17:30:00+00:00,24,3,WeeklySeasonal,6.5,97.33333333333333
test,2024-07-19 17:30:00+00:00,24,3,Climatology,17.0,131.66666666666666
test,2024-07-19 17:30:00+00:00,24,3,HistGradientBoosting,16.0,126.83333333333333
test,2024-07-19 17:30:00+00:00,24,3,RandomForest,17.0,131.66666666666666
test,2024-07-20 17:30:00+00:00,12,1,Immediate,0.0,179.0
test,2024-07-20 17:30:00+00:00,12,1,Oracle,7.0,83.5
test,2024-07-20 17:30:00+00:00,12,1,Persistence,0.0,179.0
test,2024-07-20 17:30:00+00:00,12,1,DailySeasonal,4.5,86.5
test,2024-07-20 17:30:00+00:00,12,1,WeeklySeasonal,9.0,91.0
test,2024-07-20 17:30:00+00:00,12,1,Climatology,9.0,91.0
test,2024-07-20 17:30:00+00:00,12,1,HistGradientBoosting,11.0,88.5
test,2024-07-20 17:30:00+00:00,12,1,RandomForest,11.0,88.5
test,2024-07-20 17:30:00+00:00,12,3,Immediate,0.0,169.66666666666666
test,2024-07-20 17:30:00+00:00,12,3,Oracle,5.0,84.5
test,2024-07-20 17:30:00+00:00,12,3,Persistence,0.0,169.66666666666666
test,2024-07-20 17:30:00+00:00,12,3,DailySeasonal,4.5,85.0
test,2024-07-20 17:30:00+00:00,12,3,WeeklySeasonal,8.0,90.66666666666667
test,2024-07-20 17:30:00+00:00,12,3,Climatology,9.0,90.83333333333333
test,2024-07-20 17:30:00+00:00,12,3,HistGradientBoosting,9.0,90.83333333333333
test,2024-07-20 17:30:00+00:00,12,3,RandomForest,9.0,90.83333333333333
test,2024-07-20 17:30:00+00:00,12,6,Immediate,0.0,135.0
test,2024-07-20 17:30:00+00:00,12,6,Oracle,4.0,87.0
test,2024-07-20 17:30:00+00:00,12,6,Persistence,0.0,135.0
test,2024-07-20 17:30:00+00:00,12,6,DailySeasonal,4.0,87.0
test,2024-07-20 17:30:00+00:00,12,6,WeeklySeasonal,5.0,87.58333333333333
test,2024-07-20 17:30:00+00:00,12,6,Climatology,6.0,88.16666666666667
test,2024-07-20 17:30:00+00:00,12,6,HistGradientBoosting,6.0,88.16666666666667
test,2024-07-20 17:30:00+00:00,12,6,RandomForest,6.0,88.16666666666667
test,2024-07-20 17:30:00+00:00,6,3,Immediate,0.0,169.66666666666666
test,2024-07-20 17:30:00+00:00,6,3,Oracle,3.0,100.33333333333333
test,2024-07-20 17:30:00+00:00,6,3,Persistence,0.0,169.66666666666666
test,2024-07-20 17:30:00+00:00,6,3,DailySeasonal,3.0,100.33333333333333
test,2024-07-20 17:30:00+00:00,6,3,WeeklySeasonal,3.0,100.33333333333333
test,2024-07-20 17:30:00+00:00,6,3,Climatology,3.0,100.33333333333333
test,2024-07-20 17:30:00+00:00,6,3,HistGradientBoosting,3.0,100.33333333333333
test,2024-07-20 17:30:00+00:00,6,3,RandomForest,3.0,100.33333333333333
test,2024-07-20 17:30:00+00:00,24,3,Immediate,0.0,169.66666666666666
test,2024-07-20 17:30:00+00:00,24,3,Oracle,14.0,65.5
test,2024-07-20 17:30:00+00:00,24,3,Persistence,0.0,169.66666666666666
test,2024-07-20 17:30:00+00:00,24,3,DailySeasonal,4.5,85.0
test,2024-07-20 17:30:00+00:00,24,3,WeeklySeasonal,13.5,65.66666666666667
test,2024-07-20 17:30:00+00:00,24,3,Climatology,16.0,66.66666666666667
test,2024-07-20 17:30:00+00:00,24,3,HistGradientBoosting,12.0,73.66666666666667
test,2024-07-20 17:30:00+00:00,24,3,RandomForest,15.5,66.33333333333333
test,2024-07-21 17:30:00+00:00,12,1,Immediate,0.0,168.0
test,2024-07-21 17:30:00+00:00,12,1,Oracle,8.5,101.5
test,2024-07-21 17:30:00+00:00,12,1,Persistence,0.0,168.0
test,2024-07-21 17:30:00+00:00,12,1,DailySeasonal,7.0,105.5
test,2024-07-21 17:30:00+00:00,12,1,WeeklySeasonal,5.0,117.5
test,2024-07-21 17:30:00+00:00,12,1,Climatology,5.0,117.5
test,2024-07-21 17:30:00+00:00,12,1,HistGradientBoosting,7.0,105.5
test,2024-07-21 17:30:00+00:00,12,1,RandomForest,6.0,110.5
test,2024-07-21 17:30:00+00:00,12,3,Immediate,0.0,174.16666666666666
test,2024-07-21 17:30:00+00:00,12,3,Oracle,7.0,103.33333333333333
test,2024-07-21 17:30:00+00:00,12,3,Persistence,0.0,174.16666666666666
test,2024-07-21 17:30:00+00:00,12,3,DailySeasonal,5.0,111.16666666666667
test,2024-07-21 17:30:00+00:00,12,3,WeeklySeasonal,4.0,120.66666666666667
test,2024-07-21 17:30:00+00:00,12,3,Climatology,5.0,111.16666666666667
test,2024-07-21 17:30:00+00:00,12,3,HistGradientBoosting,6.0,106.33333333333333
test,2024-07-21 17:30:00+00:00,12,3,RandomForest,4.5,114.83333333333333
test,2024-07-21 17:30:00+00:00,12,6,Immediate,0.0,155.83333333333334
test,2024-07-21 17:30:00+00:00,12,6,Oracle,5.0,109.0
test,2024-07-21 17:30:00+00:00,12,6,Persistence,0.0,155.83333333333334
test,2024-07-21 17:30:00+00:00,12,6,DailySeasonal,4.0,112.0
test,2024-07-21 17:30:00+00:00,12,6,WeeklySeasonal,3.5,116.25
test,2024-07-21 17:30:00+00:00,12,6,Climatology,4.0,112.0
test,2024-07-21 17:30:00+00:00,12,6,HistGradientBoosting,3.5,116.25
test,2024-07-21 17:30:00+00:00,12,6,RandomForest,4.0,112.0
test,2024-07-21 17:30:00+00:00,6,3,Immediate,0.0,174.16666666666666
test,2024-07-21 17:30:00+00:00,6,3,Oracle,3.0,137.5
test,2024-07-21 17:30:00+00:00,6,3,Persistence,0.0,174.16666666666666
test,2024-07-21 17:30:00+00:00,6,3,DailySeasonal,3.0,137.5
test,2024-07-21 17:30:00+00:00,6,3,WeeklySeasonal,3.0,137.5
test,2024-07-21 17:30:00+00:00,6,3,Climatology,3.0,137.5
test,2024-07-21 17:30:00+00:00,6,3,HistGradientBoosting,3.0,137.5
test,2024-07-21 17:30:00+00:00,6,3,RandomForest,3.0,137.5
test,2024-07-21 17:30:00+00:00,24,3,Immediate,0.0,174.16666666666666
test,2024-07-21 17:30:00+00:00,24,3,Oracle,17.5,88.16666666666667
test,2024-07-21 17:30:00+00:00,24,3,Persistence,0.0,174.16666666666666
test,2024-07-21 17:30:00+00:00,24,3,DailySeasonal,14.0,123.16666666666667
test,2024-07-21 17:30:00+00:00,24,3,WeeklySeasonal,4.0,120.66666666666667
test,2024-07-21 17:30:00+00:00,24,3,Climatology,5.0,111.16666666666667
test,2024-07-21 17:30:00+00:00,24,3,HistGradientBoosting,15.0,111.33333333333333
test,2024-07-21 17:30:00+00:00,24,3,RandomForest,15.0,111.33333333333333
test,2024-07-22 17:30:00+00:00,12,1,Immediate,0.0,169.0
test,2024-07-22 17:30:00+00:00,12,1,Oracle,5.0,136.5
test,2024-07-22 17:30:00+00:00,12,1,Persistence,0.0,169.0
test,2024-07-22 17:30:00+00:00,12,1,DailySeasonal,8.5,137.0
test,2024-07-22 17:30:00+00:00,12,1,WeeklySeasonal,8.5,137.0
test,2024-07-22 17:30:00+00:00,12,1,Climatology,5.0,136.5
test,2024-07-22 17:30:00+00:00,12,1,HistGradientBoosting,7.0,138.5
test,2024-07-22 17:30:00+00:00,12,1,RandomForest,6.5,140.5
test,2024-07-22 17:30:00+00:00,12,3,Immediate,0.0,175.33333333333334
test,2024-07-22 17:30:00+00:00,12,3,Oracle,5.0,138.16666666666666
test,2024-07-22 17:30:00+00:00,12,3,Persistence,0.0,175.33333333333334
test,2024-07-22 17:30:00+00:00,12,3,DailySeasonal,7.0,140.33333333333334
test,2024-07-22 17:30:00+00:00,12,3,WeeklySeasonal,7.0,140.33333333333334
test,2024-07-22 17:30:00+00:00,12,3,Climatology,5.0,138.16666666666666
test,2024-07-22 17:30:00+00:00,12,3,HistGradientBoosting,4.5,139.16666666666666
test,2024-07-22 17:30:00+00:00,12,3,RandomForest,6.5,138.83333333333334
test,2024-07-22 17:30:00+00:00,12,6,Immediate,0.0,163.58333333333334
test,2024-07-22 17:30:00+00:00,12,6,Oracle,4.0,140.91666666666666
test,2024-07-22 17:30:00+00:00,12,6,Persistence,0.0,163.58333333333334
test,2024-07-22 17:30:00+00:00,12,6,DailySeasonal,5.0,143.66666666666666
test,2024-07-22 17:30:00+00:00,12,6,WeeklySeasonal,4.5,141.25
test,2024-07-22 17:30:00+00:00,12,6,Climatology,4.0,140.91666666666666
test,2024-07-22 17:30:00+00:00,12,6,HistGradientBoosting,4.0,140.91666666666666
test,2024-07-22 17:30:00+00:00,12,6,RandomForest,4.5,141.25
test,2024-07-22 17:30:00+00:00,6,3,Immediate,0.0,175.33333333333334
test,2024-07-22 17:30:00+00:00,6,3,Oracle,3.0,151.83333333333334
test,2024-07-22 17:30:00+00:00,6,3,Persistence,0.0,175.33333333333334
test,2024-07-22 17:30:00+00:00,6,3,DailySeasonal,3.0,151.83333333333334
test,2024-07-22 17:30:00+00:00,6,3,WeeklySeasonal,3.0,151.83333333333334
test,2024-07-22 17:30:00+00:00,6,3,Climatology,3.0,151.83333333333334
test,2024-07-22 17:30:00+00:00,6,3,HistGradientBoosting,3.0,151.83333333333334
test,2024-07-22 17:30:00+00:00,6,3,RandomForest,3.0,151.83333333333334
test,2024-07-22 17:30:00+00:00,24,3,Immediate,0.0,175.33333333333334
test,2024-07-22 17:30:00+00:00,24,3,Oracle,17.5,125.66666666666667
test,2024-07-22 17:30:00+00:00,24,3,Persistence,0.0,175.33333333333334
test,2024-07-22 17:30:00+00:00,24,3,DailySeasonal,17.5,125.66666666666667
test,2024-07-22 17:30:00+00:00,24,3,WeeklySeasonal,7.0,140.33333333333334
test,2024-07-22 17:30:00+00:00,24,3,Climatology,5.0,138.16666666666666
test,2024-07-22 17:30:00+00:00,24,3,HistGradientBoosting,4.5,139.16666666666666
test,2024-07-22 17:30:00+00:00,24,3,RandomForest,6.5,138.83333333333334
test,2024-07-23 17:30:00+00:00,12,1,Immediate,0.0,191.5
test,2024-07-23 17:30:00+00:00,12,1,Oracle,8.5,184.0
test,2024-07-23 17:30:00+00:00,12,1,Persistence,0.0,191.5
test,2024-07-23 17:30:00+00:00,12,1,DailySeasonal,5.0,195.5
test,2024-07-23 17:30:00+00:00,12,1,WeeklySeasonal,6.5,193.0
test,2024-07-23 17:30:00+00:00,12,1,Climatology,7.5,187.5
test,2024-07-23 17:30:00+00:00,12,1,HistGradientBoosting,7.0,190.0
test,2024-07-23 17:30:00+00:00,12,1,RandomForest,7.5,187.5
test,2024-07-23 17:30:00+00:00,12,3,Immediate,0.0,201.33333333333334
test,2024-07-23 17:30:00+00:00,12,3,Oracle,7.0,187.66666666666666
test,2024-07-23 17:30:00+00:00,12,3,Persistence,0.0,201.33333333333334
test,2024-07-23 17:30:00+00:00,12,3,DailySeasonal,5.0,192.5
test,2024-07-23 17:30:00+00:00,12,3,WeeklySeasonal,5.5,191.16666666666666
test,2024-07-23 17:30:00+00:00,12,3,Climatology,7.0,187.66666666666666
test,2024-07-23 17:30:00+00:00,12,3,HistGradientBoosting,5.0,192.5
test,2024-07-23 17:30:00+00:00,12,3,RandomForest,6.5,188.16666666666666
test,2024-07-23 17:30:00+00:00,12,6,Immediate,0.0,200.5
test,2024-07-23 17:30:00+00:00,12,6,Oracle,5.0,190.75
test,2024-07-23 17:30:00+00:00,12,6,Persistence,0.0,200.5
test,2024-07-23 17:30:00+00:00,12,6,DailySeasonal,4.0,191.0
test,2024-07-23 17:30:00+00:00,12,6,WeeklySeasonal,4.5,190.83333333333334
test,2024-07-23 17:30:00+00:00,12,6,Climatology,5.0,190.75
test,2024-07-23 17:30:00+00:00,12,6,HistGradientBoosting,3.5,192.08333333333334
test,2024-07-23 17:30:00+00:00,12,6,RandomForest,3.5,192.08333333333334
test,2024-07-23 17:30:00+00:00,6,3,Immediate,0.0,201.33333333333334
test,2024-07-23 17:30:00+00:00,6,3,Oracle,3.0,199.66666666666666
test,2024-07-23 17:30:00+00:00,6,3,Persistence,0.0,201.33333333333334
test,2024-07-23 17:30:00+00:00,6,3,DailySeasonal,3.0,199.66666666666666
test,2024-07-23 17:30:00+00:00,6,3,WeeklySeasonal,3.0,199.66666666666666
test,2024-07-23 17:30:00+00:00,6,3,Climatology,3.0,199.66666666666666
test,2024-07-23 17:30:00+00:00,6,3,HistGradientBoosting,3.0,199.66666666666666
test,2024-07-23 17:30:00+00:00,6,3,RandomForest,3.0,199.66666666666666
test,2024-07-23 17:30:00+00:00,24,3,Immediate,0.0,201.33333333333334
test,2024-07-23 17:30:00+00:00,24,3,Oracle,19.5,110.66666666666667
test,2024-07-23 17:30:00+00:00,24,3,Persistence,0.0,201.33333333333334
test,2024-07-23 17:30:00+00:00,24,3,DailySeasonal,17.5,120.5
test,2024-07-23 17:30:00+00:00,24,3,WeeklySeasonal,5.5,191.16666666666666
test,2024-07-23 17:30:00+00:00,24,3,Climatology,17.0,125.16666666666667
test,2024-07-23 17:30:00+00:00,24,3,HistGradientBoosting,17.5,120.5
test,2024-07-23 17:30:00+00:00,24,3,RandomForest,17.5,120.5
test,2024-07-24 17:30:00+00:00,12,1,Immediate,0.0,144.0
test,2024-07-24 17:30:00+00:00,12,1,Oracle,5.5,69.0
test,2024-07-24 17:30:00+00:00,12,1,Persistence,0.0,144.0
test,2024-07-24 17:30:00+00:00,12,1,DailySeasonal,8.5,79.5
test,2024-07-24 17:30:00+00:00,12,1,WeeklySeasonal,7.5,73.5
test,2024-07-24 17:30:00+00:00,12,1,Climatology,7.5,73.5
test,2024-07-24 17:30:00+00:00,12,1,HistGradientBoosting,7.0,71.0
test,2024-07-24 17:30:00+00:00,12,1,RandomForest,4.0,82.0
test,2024-07-24 17:30:00+00:00,12,3,Immediate,0.0,152.0
test,2024-07-24 17:30:00+00:00,12,3,Oracle,5.5,71.0
test,2024-07-24 17:30:00+00:00,12,3,Persistence,0.0,152.0
test,2024-07-24 17:30:00+00:00,12,3,DailySeasonal,7.0,74.83333333333333
test,2024-07-24 17:30:00+00:00,12,3,WeeklySeasonal,6.5,74.5
test,2024-07-24 17:30:00+00:00,12,3,Climatology,5.5,71.0
test,2024-07-24 17:30:00+00:00,12,3,HistGradientBoosting,5.0,71.16666666666667
test,2024-07-24 17:30:00+00:00,12,3,RandomForest,4.0,74.83333333333333
test,2024-07-24 17:30:00+00:00,12,6,Immediate,0.0,122.83333333333333
test,2024-07-24 17:30:00+00:00,12,6,Oracle,4.0,74.83333333333333
test,2024-07-24 17:30:00+00:00,12,6,Persistence,0.0,122.83333333333333
test,2024-07-24 17:30:00+00:00,12,6,DailySeasonal,5.0,76.75
test,2024-07-24 17:30:00+00:00,12,6,WeeklySeasonal,4.5,74.91666666666667
test,2024-07-24 17:30:00+00:00,12,6,Climatology,4.0,74.83333333333333
test,2024-07-24 17:30:00+00:00,12,6,HistGradientBoosting,3.5,77.16666666666667
test,2024-07-24 17:30:00+00:00,12,6,RandomForest,3.0,83.16666666666667
test,2024-07-24 17:30:00+00:00,6,3,Immediate,0.0,152.0
test,2024-07-24 17:30:00+00:00,6,3,Oracle,3.0,93.66666666666667
test,2024-07-24 17:30:00+00:00,6,3,Persistence,0.0,152.0
test,2024-07-24 17:30:00+00:00,6,3,DailySeasonal,3.0,93.66666666666667
test,2024-07-24 17:30:00+00:00,6,3,WeeklySeasonal,3.0,93.66666666666667
test,2024-07-24 17:30:00+00:00,6,3,Climatology,3.0,93.66666666666667
test,2024-07-24 17:30:00+00:00,6,3,HistGradientBoosting,3.0,93.66666666666667
test,2024-07-24 17:30:00+00:00,6,3,RandomForest,3.0,93.66666666666667
test,2024-07-24 17:30:00+00:00,24,3,Immediate,0.0,152.0
test,2024-07-24 17:30:00+00:00,24,3,Oracle,5.5,71.0
test,2024-07-24 17:30:00+00:00,24,3,Persistence,0.0,152.0
test,2024-07-24 17:30:00+00:00,24,3,DailySeasonal,19.5,119.83333333333333
test,2024-07-24 17:30:00+00:00,24,3,WeeklySeasonal,16.5,112.66666666666667
test,2024-07-24 17:30:00+00:00,24,3,Climatology,5.5,71.0
test,2024-07-24 17:30:00+00:00,24,3,HistGradientBoosting,5.0,71.16666666666667
test,2024-07-24 17:30:00+00:00,24,3,RandomForest,4.0,74.83333333333333
test,2024-07-25 17:30:00+00:00,12,1,Immediate,0.0,144.5
test,2024-07-25 17:30:00+00:00,12,1,Oracle,7.0,78.0
test,2024-07-25 17:30:00+00:00,12,1,Persistence,0.0,144.5
test,2024-07-25 17:30:00+00:00,12,1,DailySeasonal,5.5,84.0
test,2024-07-25 17:30:00+00:00,12,1,WeeklySeasonal,8.5,81.0
test,2024-07-25 17:30:00+00:00,12,1,Climatology,7.5,79.5
test,2024-07-25 17:30:00+00:00,12,1,HistGradientBoosting,6.5,78.5
test,2024-07-25 17:30:00+00:00,12,1,RandomForest,7.5,79.5
test,2024-07-25 17:30:00+00:00,12,3,Immediate,0.0,138.5
test,2024-07-25 17:30:00+00:00,12,3,Oracle,6.0,79.5
test,2024-07-25 17:30:00+00:00,12,3,Persistence,0.0,138.5
test,2024-07-25 17:30:00+00:00,12,3,DailySeasonal,5.5,80.66666666666667
test,2024-07-25 17:30:00+00:00,12,3,WeeklySeasonal,6.5,79.66666666666667
test,2024-07-25 17:30:00+00:00,12,3,Climatology,6.5,79.66666666666667
test,2024-07-25 17:30:00+00:00,12,3,HistGradientBoosting,5.5,80.66666666666667
test,2024-07-25 17:30:00+00:00,12,3,RandomForest,6.5,79.66666666666667
test,2024-07-25 17:30:00+00:00,12,6,Immediate,0.0,117.83333333333333
test,2024-07-25 17:30:00+00:00,12,6,Oracle,4.0,84.33333333333333
test,2024-07-25 17:30:00+00:00,12,6,Persistence,0.0,117.83333333333333
test,2024-07-25 17:30:00+00:00,12,6,DailySeasonal,4.0,84.33333333333333
test,2024-07-25 17:30:00+00:00,12,6,WeeklySeasonal,5.0,86.58333333333333
test,2024-07-25 17:30:00+00:00,12,6,Climatology,4.5,84.91666666666667
test,2024-07-25 17:30:00+00:00,12,6,HistGradientBoosting,4.0,84.33333333333333
test,2024-07-25 17:30:00+00:00,12,6,RandomForest,4.5,84.91666666666667
test,2024-07-25 17:30:00+00:00,6,3,Immediate,0.0,138.5
test,2024-07-25 17:30:00+00:00,6,3,Oracle,3.0,97.16666666666667
test,2024-07-25 17:30:00+00:00,6,3,Persistence,0.0,138.5
test,2024-07-25 17:30:00+00:00,6,3,DailySeasonal,3.0,97.16666666666667
test,2024-07-25 17:30:00+00:00,6,3,WeeklySeasonal,3.0,97.16666666666667
test,2024-07-25 17:30:00+00:00,6,3,Climatology,3.0,97.16666666666667
test,2024-07-25 17:30:00+00:00,6,3,HistGradientBoosting,3.0,97.16666666666667
test,2024-07-25 17:30:00+00:00,6,3,RandomForest,3.0,97.16666666666667
test,2024-07-25 17:30:00+00:00,24,3,Immediate,0.0,138.5
test,2024-07-25 17:30:00+00:00,24,3,Oracle,6.0,79.5
test,2024-07-25 17:30:00+00:00,24,3,Persistence,0.0,138.5
test,2024-07-25 17:30:00+00:00,24,3,DailySeasonal,5.5,80.66666666666667
test,2024-07-25 17:30:00+00:00,24,3,WeeklySeasonal,17.0,85.5
test,2024-07-25 17:30:00+00:00,24,3,Climatology,17.0,85.5
test,2024-07-25 17:30:00+00:00,24,3,HistGradientBoosting,17.0,85.5
test,2024-07-25 17:30:00+00:00,24,3,RandomForest,17.0,85.5
test,2024-07-26 17:30:00+00:00,12,1,Immediate,0.0,179.0
test,2024-07-26 17:30:00+00:00,12,1,Oracle,5.0,146.0
test,2024-07-26 17:30:00+00:00,12,1,Persistence,0.0,179.0
test,2024-07-26 17:30:00+00:00,12,1,DailySeasonal,7.0,154.0
test,2024-07-26 17:30:00+00:00,12,1,WeeklySeasonal,4.5,147.5
test,2024-07-26 17:30:00+00:00,12,1,Climatology,7.5,156.0
test,2024-07-26 17:30:00+00:00,12,1,HistGradientBoosting,7.0,154.0
test,2024-07-26 17:30:00+00:00,12,1,RandomForest,8.5,163.5
test,2024-07-26 17:30:00+00:00,12,3,Immediate,0.0,186.5
test,2024-07-26 17:30:00+00:00,12,3,Oracle,4.0,148.33333333333334
test,2024-07-26 17:30:00+00:00,12,3,Persistence,0.0,186.5
test,2024-07-26 17:30:00+00:00,12,3,DailySeasonal,6.0,154.0
test,2024-07-26 17:30:00+00:00,12,3,WeeklySeasonal,4.5,148.5
test,2024-07-26 17:30:00+00:00,12,3,Climatology,7.0,159.0
test,2024-07-26 17:30:00+00:00,12,3,HistGradientBoosting,5.5,151.33333333333334
test,2024-07-26 17:30:00+00:00,12,3,RandomForest,7.5,160.33333333333334
test,2024-07-26 17:30:00+00:00,12,6,Immediate,0.0,171.5
test,2024-07-26 17:30:00+00:00,12,6,Oracle,3.5,153.33333333333334
test,2024-07-26 17:30:00+00:00,12,6,Persistence,0.0,171.5
test,2024-07-26 17:30:00+00:00,12,6,DailySeasonal,4.0,153.66666666666666
test,2024-07-26 17:30:00+00:00,12,6,WeeklySeasonal,4.0,153.66666666666666
test,2024-07-26 17:30:00+00:00,12,6,Climatology,6.0,159.0
test,2024-07-26 17:30:00+00:00,12,6,HistGradientBoosting,5.5,157.5
test,2024-07-26 17:30:00+00:00,12,6,RandomForest,6.0,159.0
test,2024-07-26 17:30:00+00:00,6,3,Immediate,0.0,186.5
test,2024-07-26 17:30:00+00:00,6,3,Oracle,3.0,156.5
test,2024-07-26 17:30:00+00:00,6,3,Persistence,0.0,186.5
test,2024-07-26 17:30:00+00:00,6,3,DailySeasonal,3.0,156.5
test,2024-07-26 17:30:00+00:00,6,3,WeeklySeasonal,3.0,156.5
test,2024-07-26 17:30:00+00:00,6,3,Climatology,3.0,156.5
test,2024-07-26 17:30:00+00:00,6,3,HistGradientBoosting,3.0,156.5
test,2024-07-26 17:30:00+00:00,6,3,RandomForest,3.0,156.5
test,2024-07-26 17:30:00+00:00,24,3,Immediate,0.0,186.5
test,2024-07-26 17:30:00+00:00,24,3,Oracle,16.5,110.33333333333333
test,2024-07-26 17:30:00+00:00,24,3,Persistence,0.0,186.5
test,2024-07-26 17:30:00+00:00,24,3,DailySeasonal,6.0,154.0
test,2024-07-26 17:30:00+00:00,24,3,WeeklySeasonal,4.5,148.5
test,2024-07-26 17:30:00+00:00,24,3,Climatology,17.0,111.33333333333333
test,2024-07-26 17:30:00+00:00,24,3,HistGradientBoosting,15.0,113.16666666666667
test,2024-07-26 17:30:00+00:00,24,3,RandomForest,16.0,110.5
test,2024-07-27 17:30:00+00:00,12,1,Immediate,0.0,193.5
test,2024-07-27 17:30:00+00:00,12,1,Oracle,11.0,113.5
test,2024-07-27 17:30:00+00:00,12,1,Persistence,0.0,193.5
test,2024-07-27 17:30:00+00:00,12,1,DailySeasonal,5.0,142.0
test,2024-07-27 17:30:00+00:00,12,1,WeeklySeasonal,7.0,120.0
test,2024-07-27 17:30:00+00:00,12,1,Climatology,9.0,119.0
test,2024-07-27 17:30:00+00:00,12,1,HistGradientBoosting,10.0,118.5
test,2024-07-27 17:30:00+00:00,12,1,RandomForest,6.5,122.5
test,2024-07-27 17:30:00+00:00,12,3,Immediate,0.0,198.33333333333334
test,2024-07-27 17:30:00+00:00,12,3,Oracle,9.0,117.0
test,2024-07-27 17:30:00+00:00,12,3,Persistence,0.0,198.33333333333334
test,2024-07-27 17:30:00+00:00,12,3,DailySeasonal,4.0,143.16666666666666
test,2024-07-27 17:30:00+00:00,12,3,WeeklySeasonal,5.0,130.16666666666666
test,2024-07-27 17:30:00+00:00,12,3,Climatology,9.0,117.0
test,2024-07-27 17:30:00+00:00,12,3,HistGradientBoosting,9.0,117.0
test,2024-07-27 17:30:00+00:00,12,3,RandomForest,5.0,130.16666666666666
test,2024-07-27 17:30:00+00:00,12,6,Immediate,0.0,179.66666666666666
test,2024-07-27 17:30:00+00:00,12,6,Oracle,6.0,119.91666666666667
test,2024-07-27 17:30:00+00:00,12,6,Persistence,0.0,179.66666666666666
test,2024-07-27 17:30:00+00:00,12,6,DailySeasonal,3.5,136.16666666666666
test,2024-07-27 17:30:00+00:00,12,6,WeeklySeasonal,4.0,131.41666666666666
test,2024-07-27 17:30:00+00:00,12,6,Climatology,6.0,119.91666666666667
test,2024-07-27 17:30:00+00:00,12,6,HistGradientBoosting,6.0,119.91666666666667
test,2024-07-27 17:30:00+00:00,12,6,RandomForest,5.0,124.66666666666667
test,2024-07-27 17:30:00+00:00,6,3,Immediate,0.0,198.33333333333334
test,2024-07-27 17:30:00+00:00,6,3,Oracle,3.0,161.0
test,2024-07-27 17:30:00+00:00,6,3,Persistence,0.0,198.33333333333334
test,2024-07-27 17:30:00+00:00,6,3,DailySeasonal,3.0,161.0
test,2024-07-27 17:30:00+00:00,6,3,WeeklySeasonal,3.0,161.0
test,2024-07-27 17:30:00+00:00,6,3,Climatology,3.0,161.0
test,2024-07-27 17:30:00+00:00,6,3,HistGradientBoosting,3.0,161.0
test,2024-07-27 17:30:00+00:00,6,3,RandomForest,3.0,161.0
test,2024-07-27 17:30:00+00:00,24,3,Immediate,0.0,198.33333333333334
test,2024-07-27 17:30:00+00:00,24,3,Oracle,17.5,76.5
test,2024-07-27 17:30:00+00:00,24,3,Persistence,0.0,198.33333333333334
test,2024-07-27 17:30:00+00:00,24,3,DailySeasonal,16.5,79.5
test,2024-07-27 17:30:00+00:00,24,3,WeeklySeasonal,14.0,88.16666666666667
test,2024-07-27 17:30:00+00:00,24,3,Climatology,16.0,80.66666666666667
test,2024-07-27 17:30:00+00:00,24,3,HistGradientBoosting,15.5,81.83333333333333
test,2024-07-27 17:30:00+00:00,24,3,RandomForest,16.0,80.66666666666667
test,2024-07-28 17:30:00+00:00,12,1,Immediate,0.0,127.5
test,2024-07-28 17:30:00+00:00,12,1,Oracle,5.5,75.0
test,2024-07-28 17:30:00+00:00,12,1,Persistence,0.0,127.5
test,2024-07-28 17:30:00+00:00,12,1,DailySeasonal,11.0,112.0
test,2024-07-28 17:30:00+00:00,12,1,WeeklySeasonal,8.5,79.0
test,2024-07-28 17:30:00+00:00,12,1,Climatology,5.0,77.5
test,2024-07-28 17:30:00+00:00,12,1,HistGradientBoosting,4.0,90.0
test,2024-07-28 17:30:00+00:00,12,1,RandomForest,6.0,77.0
test,2024-07-28 17:30:00+00:00,12,3,Immediate,0.0,129.16666666666666
test,2024-07-28 17:30:00+00:00,12,3,Oracle,5.0,78.33333333333333
test,2024-07-28 17:30:00+00:00,12,3,Persistence,0.0,129.16666666666666
test,2024-07-28 17:30:00+00:00,12,3,DailySeasonal,9.0,96.33333333333333
test,2024-07-28 17:30:00+00:00,12,3,WeeklySeasonal,7.0,80.33333333333333
test,2024-07-28 17:30:00+00:00,12,3,Climatology,5.0,78.33333333333333
test,2024-07-28 17:30:00+00:00,12,3,HistGradientBoosting,3.5,85.16666666666667
test,2024-07-28 17:30:00+00:00,12,3,RandomForest,6.0,78.83333333333333
test,2024-07-28 17:30:00+00:00,12,6,Immediate,0.0,110.33333333333333
test,2024-07-28 17:30:00+00:00,12,6,Oracle,4.5,80.75
test,2024-07-28 17:30:00+00:00,12,6,Persistence,0.0,110.33333333333333
test,2024-07-28 17:30:00+00:00,12,6,DailySeasonal,6.0,87.58333333333333
test,2024-07-28 17:30:00+00:00,12,6,WeeklySeasonal,5.0,81.83333333333333
test,2024-07-28 17:30:00+00:00,12,6,Climatology,4.0,80.91666666666667
test,2024-07-28 17:30:00+00:00,12,6,HistGradientBoosting,3.0,85.16666666666667
test,2024-07-28 17:30:00+00:00,12,6,RandomForest,3.5,82.41666666666667
test,2024-07-28 17:30:00+00:00,6,3,Immediate,0.0,129.16666666666666
test,2024-07-28 17:30:00+00:00,6,3,Oracle,3.0,91.5
test,2024-07-28 17:30:00+00:00,6,3,Persistence,0.0,129.16666666666666
test,2024-07-28 17:30:00+00:00,6,3,DailySeasonal,3.0,91.5
test,2024-07-28 17:30:00+00:00,6,3,WeeklySeasonal,3.0,91.5
test,2024-07-28 17:30:00+00:00,6,3,Climatology,3.0,91.5
test,2024-07-28 17:30:00+00:00,6,3,HistGradientBoosting,3.0,91.5
test,2024-07-28 17:30:00+00:00,6,3,RandomForest,3.0,91.5
test,2024-07-28 17:30:00+00:00,24,3,Immediate,0.0,129.16666666666666
test,2024-07-28 17:30:00+00:00,24,3,Oracle,16.5,58.333333333333336
test,2024-07-28 17:30:00+00:00,24,3,Persistence,0.0,129.16666666666666
test,2024-07-28 17:30:00+00:00,24,3,DailySeasonal,17.5,60.833333333333336
test,2024-07-28 17:30:00+00:00,24,3,WeeklySeasonal,17.5,60.833333333333336
test,2024-07-28 17:30:00+00:00,24,3,Climatology,5.0,78.33333333333333
test,2024-07-28 17:30:00+00:00,24,3,HistGradientBoosting,16.5,58.333333333333336
test,2024-07-28 17:30:00+00:00,24,3,RandomForest,6.0,78.83333333333333
test,2024-07-29 17:30:00+00:00,12,1,Immediate,0.0,149.0
test,2024-07-29 17:30:00+00:00,12,1,Oracle,4.5,112.0
test,2024-07-29 17:30:00+00:00,12,1,Persistence,0.0,149.0
test,2024-07-29 17:30:00+00:00,12,1,DailySeasonal,5.5,119.0
test,2024-07-29 17:30:00+00:00,12,1,WeeklySeasonal,5.0,114.0
test,2024-07-29 17:30:00+00:00,12,1,Climatology,5.0,114.0
test,2024-07-29 17:30:00+00:00,12,1,HistGradientBoosting,6.5,127.0
test,2024-07-29 17:30:00+00:00,12,1,RandomForest,4.5,112.0
test,2024-07-29 17:30:00+00:00,12,3,Immediate,0.0,149.83333333333334
test,2024-07-29 17:30:00+00:00,12,3,Oracle,3.5,115.5
test,2024-07-29 17:30:00+00:00,12,3,Persistence,0.0,149.83333333333334
test,2024-07-29 17:30:00+00:00,12,3,DailySeasonal,5.0,122.16666666666667
test,2024-07-29 17:30:00+00:00,12,3,WeeklySeasonal,5.0,122.16666666666667
test,2024-07-29 17:30:00+00:00,12,3,Climatology,5.0,122.16666666666667
test,2024-07-29 17:30:00+00:00,12,3,HistGradientBoosting,5.0,122.16666666666667
test,2024-07-29 17:30:00+00:00,12,3,RandomForest,4.0,116.83333333333333
test,2024-07-29 17:30:00+00:00,12,6,Immediate,0.0,134.0
test,2024-07-29 17:30:00+00:00,12,6,Oracle,3.5,121.75
test,2024-07-29 17:30:00+00:00,12,6,Persistence,0.0,134.0
test,2024-07-29 17:30:00+00:00,12,6,DailySeasonal,4.5,124.25
test,2024-07-29 17:30:00+00:00,12,6,WeeklySeasonal,4.0,122.5
test,2024-07-29 17:30:00+00:00,12,6,Climatology,4.0,122.5
test,2024-07-29 17:30:00+00:00,12,6,HistGradientBoosting,3.5,121.75
test,2024-07-29 17:30:00+00:00,12,6,RandomForest,3.5,121.75
test,2024-07-29 17:30:00+00:00,6,3,Immediate,0.0,149.83333333333334
test,2024-07-29 17:30:00+00:00,6,3,Oracle,3.0,118.16666666666667
test,2024-07-29 17:30:00+00:00,6,3,Persistence,0.0,149.83333333333334
test,2024-07-29 17:30:00+00:00,6,3,DailySeasonal,3.0,118.16666666666667
test,2024-07-29 17:30:00+00:00,6,3,WeeklySeasonal,3.0,118.16666666666667
test,2024-07-29 17:30:00+00:00,6,3,Climatology,3.0,118.16666666666667
test,2024-07-29 17:30:00+00:00,6,3,HistGradientBoosting,3.0,118.16666666666667
test,2024-07-29 17:30:00+00:00,6,3,RandomForest,3.0,118.16666666666667
test,2024-07-29 17:30:00+00:00,24,3,Immediate,0.0,149.83333333333334
test,2024-07-29 17:30:00+00:00,24,3,Oracle,17.0,82.66666666666667
test,2024-07-29 17:30:00+00:00,24,3,Persistence,0.0,149.83333333333334
test,2024-07-29 17:30:00+00:00,24,3,DailySeasonal,16.5,84.0
test,2024-07-29 17:30:00+00:00,24,3,WeeklySeasonal,17.5,83.66666666666667
test,2024-07-29 17:30:00+00:00,24,3,Climatology,5.0,122.16666666666667
test,2024-07-29 17:30:00+00:00,24,3,HistGradientBoosting,14.5,100.5
test,2024-07-29 17:30:00+00:00,24,3,RandomForest,17.5,83.66666666666667
test,2024-07-30 17:30:00+00:00,12,1,Immediate,0.0,193.0
test,2024-07-30 17:30:00+00:00,12,1,Oracle,4.5,149.5
test,2024-07-30 17:30:00+00:00,12,1,Persistence,0.0,193.0
test,2024-07-30 17:30:00+00:00,12,1,DailySeasonal,4.5,149.5
test,2024-07-30 17:30:00+00:00,12,1,WeeklySeasonal,8.5,155.5
test,2024-07-30 17:30:00+00:00,12,1,Climatology,7.5,156.5
test,2024-07-30 17:30:00+00:00,12,1,HistGradientBoosting,6.5,152.5
test,2024-07-30 17:30:00+00:00,12,1,RandomForest,4.0,155.5
test,2024-07-30 17:30:00+00:00,12,3,Immediate,0.0,200.83333333333334
test,2024-07-30 17:30:00+00:00,12,3,Oracle,4.5,151.0
test,2024-07-30 17:30:00+00:00,12,3,Persistence,0.0,200.83333333333334
test,2024-07-30 17:30:00+00:00,12,3,DailySeasonal,3.5,155.83333333333334
test,2024-07-30 17:30:00+00:00,12,3,WeeklySeasonal,7.0,155.33333333333334
test,2024-07-30 17:30:00+00:00,12,3,Climatology,7.0,155.33333333333334
test,2024-07-30 17:30:00+00:00,12,3,HistGradientBoosting,5.0,152.0
test,2024-07-30 17:30:00+00:00,12,3,RandomForest,4.0,152.33333333333334
test,2024-07-30 17:30:00+00:00,12,6,Immediate,0.0,182.33333333333334
test,2024-07-30 17:30:00+00:00,12,6,Oracle,4.5,153.41666666666666
test,2024-07-30 17:30:00+00:00,12,6,Persistence,0.0,182.33333333333334
test,2024-07-30 17:30:00+00:00,12,6,DailySeasonal,3.5,155.33333333333334
test,2024-07-30 17:30:00+00:00,12,6,WeeklySeasonal,5.0,154.33333333333334
test,2024-07-30 17:30:00+00:00,12,6,Climatology,5.0,154.33333333333334
test,2024-07-30 17:30:00+00:00,12,6,HistGradientBoosting,4.0,153.83333333333334
test,2024-07-30 17:30:00+00:00,12,6,RandomForest,4.0,153.83333333333334
test,2024-07-30 17:30:00+00:00,6,3,Immediate,0.0,200.83333333333334
test,2024-07-30 17:30:00+00:00,6,3,Oracle,3.0,163.83333333333334
test,2024-07-30 17:30:00+00:00,6,3,Persistence,0.0,200.83333333333334
test,2024-07-30 17:30:00+00:00,6,3,DailySeasonal,3.0,163.83333333333334
test,2024-07-30 17:30:00+00:00,6,3,WeeklySeasonal,3.0,163.83333333333334
test,2024-07-30 17:30:00+00:00,6,3,Climatology,3.0,163.83333333333334
test,2024-07-30 17:30:00+00:00,6,3,HistGradientBoosting,3.0,163.83333333333334
test,2024-07-30 17:30:00+00:00,6,3,RandomForest,3.0,163.83333333333334
test,2024-07-30 17:30:00+00:00,24,3,Immediate,0.0,200.83333333333334
test,2024-07-30 17:30:00+00:00,24,3,Oracle,17.0,107.16666666666667
test,2024-07-30 17:30:00+00:00,24,3,Persistence,0.0,200.83333333333334
test,2024-07-30 17:30:00+00:00,24,3,DailySeasonal,17.0,107.16666666666667
test,2024-07-30 17:30:00+00:00,24,3,WeeklySeasonal,19.5,139.83333333333334
test,2024-07-30 17:30:00+00:00,24,3,Climatology,17.0,107.16666666666667
test,2024-07-30 17:30:00+00:00,24,3,HistGradientBoosting,17.5,108.5
test,2024-07-30 17:30:00+00:00,24,3,RandomForest,17.5,108.5
test,2024-07-31 17:30:00+00:00,12,1,Immediate,0.0,194.0
test,2024-07-31 17:30:00+00:00,12,1,Oracle,6.5,142.5
test,2024-07-31 17:30:00+00:00,12,1,Persistence,0.0,194.0
test,2024-07-31 17:30:00+00:00,12,1,DailySeasonal,4.5,150.0
test,2024-07-31 17:30:00+00:00,12,1,WeeklySeasonal,5.5,146.5
test,2024-07-31 17:30:00+00:00,12,1,Climatology,7.5,143.5
test,2024-07-31 17:30:00+00:00,12,1,HistGradientBoosting,4.5,150.0
test,2024-07-31 17:30:00+00:00,12,1,RandomForest,4.0,151.5
test,2024-07-31 17:30:00+00:00,12,3,Immediate,0.0,197.83333333333334
test,2024-07-31 17:30:00+00:00,12,3,Oracle,6.5,143.5
test,2024-07-31 17:30:00+00:00,12,3,Persistence,0.0,197.83333333333334
test,2024-07-31 17:30:00+00:00,12,3,DailySeasonal,4.5,146.33333333333334
test,2024-07-31 17:30:00+00:00,12,3,WeeklySeasonal,5.5,144.16666666666666
test,2024-07-31 17:30:00+00:00,12,3,Climatology,5.5,144.16666666666666
test,2024-07-31 17:30:00+00:00,12,3,HistGradientBoosting,4.0,148.0
test,2024-07-31 17:30:00+00:00,12,3,RandomForest,4.0,148.0
test,2024-07-31 17:30:00+00:00,12,6,Immediate,0.0,177.91666666666666
test,2024-07-31 17:30:00+00:00,12,6,Oracle,4.0,146.16666666666666
test,2024-07-31 17:30:00+00:00,12,6,Persistence,0.0,177.91666666666666
test,2024-07-31 17:30:00+00:00,12,6,DailySeasonal,4.5,146.66666666666666
test,2024-07-31 17:30:00+00:00,12,6,WeeklySeasonal,4.0,146.16666666666666
test,2024-07-31 17:30:00+00:00,12,6,Climatology,4.0,146.16666666666666
test,2024-07-31 17:30:00+00:00,12,6,HistGradientBoosting,3.5,147.0
test,2024-07-31 17:30:00+00:00,12,6,RandomForest,3.5,147.0
test,2024-07-31 17:30:00+00:00,6,3,Immediate,0.0,197.83333333333334
test,2024-07-31 17:30:00+00:00,6,3,Oracle,3.0,158.0
test,2024-07-31 17:30:00+00:00,6,3,Persistence,0.0,197.83333333333334
test,2024-07-31 17:30:00+00:00,6,3,DailySeasonal,3.0,158.0
test,2024-07-31 17:30:00+00:00,6,3,WeeklySeasonal,3.0,158.0
test,2024-07-31 17:30:00+00:00,6,3,Climatology,3.0,158.0
test,2024-07-31 17:30:00+00:00,6,3,HistGradientBoosting,3.0,158.0
test,2024-07-31 17:30:00+00:00,6,3,RandomForest,3.0,158.0
test,2024-07-31 17:30:00+00:00,24,3,Immediate,0.0,197.83333333333334
test,2024-07-31 17:30:00+00:00,24,3,Oracle,17.5,142.5
test,2024-07-31 17:30:00+00:00,24,3,Persistence,0.0,197.83333333333334
test,2024-07-31 17:30:00+00:00,24,3,DailySeasonal,17.0,142.83333333333334
test,2024-07-31 17:30:00+00:00,24,3,WeeklySeasonal,5.5,144.16666666666666
test,2024-07-31 17:30:00+00:00,24,3,Climatology,5.5,144.16666666666666
test,2024-07-31 17:30:00+00:00,24,3,HistGradientBoosting,17.5,142.5
test,2024-07-31 17:30:00+00:00,24,3,RandomForest,16.0,146.83333333333334
test,2024-08-01 17:30:00+00:00,12,1,Immediate,0.0,198.5
test,2024-08-01 17:30:00+00:00,12,1,Oracle,11.0,130.5
test,2024-08-01 17:30:00+00:00,12,1,Persistence,0.0,198.5
test,2024-08-01 17:30:00+00:00,12,1,DailySeasonal,6.5,140.0
test,2024-08-01 17:30:00+00:00,12,1,WeeklySeasonal,7.0,138.5
test,2024-08-01 17:30:00+00:00,12,1,Climatology,7.5,137.0
test,2024-08-01 17:30:00+00:00,12,1,HistGradientBoosting,6.5,140.0
test,2024-08-01 17:30:00+00:00,12,1,RandomForest,4.0,162.5
test,2024-08-01 17:30:00+00:00,12,3,Immediate,0.0,204.66666666666666
test,2024-08-01 17:30:00+00:00,12,3,Oracle,9.0,138.0
test,2024-08-01 17:30:00+00:00,12,3,Persistence,0.0,204.66666666666666
test,2024-08-01 17:30:00+00:00,12,3,DailySeasonal,6.5,139.83333333333334
test,2024-08-01 17:30:00+00:00,12,3,WeeklySeasonal,6.0,140.0
test,2024-08-01 17:30:00+00:00,12,3,Climatology,6.5,139.83333333333334
test,2024-08-01 17:30:00+00:00,12,3,HistGradientBoosting,4.5,146.83333333333334
test,2024-08-01 17:30:00+00:00,12,3,RandomForest,4.0,151.33333333333334
test,2024-08-01 17:30:00+00:00,12,6,Immediate,0.0,185.66666666666666
test,2024-08-01 17:30:00+00:00,12,6,Oracle,6.0,139.0
test,2024-08-01 17:30:00+00:00,12,6,Persistence,0.0,185.66666666666666
test,2024-08-01 17:30:00+00:00,12,6,DailySeasonal,4.0,145.83333333333334
test,2024-08-01 17:30:00+00:00,12,6,WeeklySeasonal,4.0,145.83333333333334
test,2024-08-01 17:30:00+00:00,12,6,Climatology,4.5,144.08333333333334
test,2024-08-01 17:30:00+00:00,12,6,HistGradientBoosting,3.5,148.41666666666666
test,2024-08-01 17:30:00+00:00,12,6,RandomForest,3.5,148.41666666666666
test,2024-08-01 17:30:00+00:00,6,3,Immediate,0.0,204.66666666666666
test,2024-08-01 17:30:00+00:00,6,3,Oracle,3.0,166.66666666666666
test,2024-08-01 17:30:00+00:00,6,3,Persistence,0.0,204.66666666666666
test,2024-08-01 17:30:00+00:00,6,3,DailySeasonal,3.0,166.66666666666666
test,2024-08-01 17:30:00+00:00,6,3,WeeklySeasonal,3.0,166.66666666666666
test,2024-08-01 17:30:00+00:00,6,3,Climatology,3.0,166.66666666666666
test,2024-08-01 17:30:00+00:00,6,3,HistGradientBoosting,3.0,166.66666666666666
test,2024-08-01 17:30:00+00:00,6,3,RandomForest,3.0,166.66666666666666
test,2024-08-01 17:30:00+00:00,24,3,Immediate,0.0,204.66666666666666
test,2024-08-01 17:30:00+00:00,24,3,Oracle,16.0,47.666666666666664
test,2024-08-01 17:30:00+00:00,24,3,Persistence,0.0,204.66666666666666
test,2024-08-01 17:30:00+00:00,24,3,DailySeasonal,17.5,47.833333333333336
test,2024-08-01 17:30:00+00:00,24,3,WeeklySeasonal,6.0,140.0
test,2024-08-01 17:30:00+00:00,24,3,Climatology,17.0,47.666666666666664
test,2024-08-01 17:30:00+00:00,24,3,HistGradientBoosting,17.0,47.666666666666664
test,2024-08-01 17:30:00+00:00,24,3,RandomForest,17.5,47.833333333333336
test,2024-08-02 17:30:00+00:00,12,1,Immediate,0.0,136.5
test,2024-08-02 17:30:00+00:00,12,1,Oracle,9.5,95.0
test,2024-08-02 17:30:00+00:00,12,1,Persistence,0.0,136.5
test,2024-08-02 17:30:00+00:00,12,1,DailySeasonal,11.0,97.5
test,2024-08-02 17:30:00+00:00,12,1,WeeklySeasonal,5.0,111.0
test,2024-08-02 17:30:00+00:00,12,1,Climatology,7.5,103.0
test,2024-08-02 17:30:00+00:00,12,1,HistGradientBoosting,10.0,95.0
test,2024-08-02 17:30:00+00:00,12,1,RandomForest,7.5,103.0
test,2024-08-02 17:30:00+00:00,12,3,Immediate,0.0,137.33333333333334
test,2024-08-02 17:30:00+00:00,12,3,Oracle,9.0,96.5
test,2024-08-02 17:30:00+00:00,12,3,Persistence,0.0,137.33333333333334
test,2024-08-02 17:30:00+00:00,12,3,DailySeasonal,9.0,96.5
test,2024-08-02 17:30:00+00:00,12,3,WeeklySeasonal,4.0,109.66666666666667
test,2024-08-02 17:30:00+00:00,12,3,Climatology,7.0,101.66666666666667
test,2024-08-02 17:30:00+00:00,12,3,HistGradientBoosting,9.0,96.5
test,2024-08-02 17:30:00+00:00,12,3,RandomForest,6.0,106.66666666666667
test,2024-08-02 17:30:00+00:00,12,6,Immediate,0.0,125.25
test,2024-08-02 17:30:00+00:00,12,6,Oracle,6.0,101.58333333333333
test,2024-08-02 17:30:00+00:00,12,6,Persistence,0.0,125.25
test,2024-08-02 17:30:00+00:00,12,6,DailySeasonal,6.0,101.58333333333333
test,2024-08-02 17:30:00+00:00,12,6,WeeklySeasonal,3.5,107.0
test,2024-08-02 17:30:00+00:00,12,6,Climatology,6.0,101.58333333333333
test,2024-08-02 17:30:00+00:00,12,6,HistGradientBoosting,6.0,101.58333333333333
test,2024-08-02 17:30:00+00:00,12,6,RandomForest,4.5,104.91666666666667
test,2024-08-02 17:30:00+00:00,6,3,Immediate,0.0,137.33333333333334
test,2024-08-02 17:30:00+00:00,6,3,Oracle,3.0,113.16666666666667
test,2024-08-02 17:30:00+00:00,6,3,Persistence,0.0,137.33333333333334
test,2024-08-02 17:30:00+00:00,6,3,DailySeasonal,3.0,113.16666666666667
test,2024-08-02 17:30:00+00:00,6,3,WeeklySeasonal,3.0,113.16666666666667
test,2024-08-02 17:30:00+00:00,6,3,Climatology,3.0,113.16666666666667
test,2024-08-02 17:30:00+00:00,6,3,HistGradientBoosting,3.0,113.16666666666667
test,2024-08-02 17:30:00+00:00,6,3,RandomForest,3.0,113.16666666666667
test,2024-08-02 17:30:00+00:00,24,3,Immediate,0.0,137.33333333333334
test,2024-08-02 17:30:00+00:00,24,3,Oracle,17.5,48.666666666666664
test,2024-08-02 17:30:00+00:00,24,3,Persistence,0.0,137.33333333333334
test,2024-08-02 17:30:00+00:00,24,3,DailySeasonal,16.0,53.833333333333336
test,2024-08-02 17:30:00+00:00,24,3,WeeklySeasonal,16.5,50.833333333333336
test,2024-08-02 17:30:00+00:00,24,3,Climatology,17.0,49.0
test,2024-08-02 17:30:00+00:00,24,3,HistGradientBoosting,14.0,75.16666666666667
test,2024-08-02 17:30:00+00:00,24,3,RandomForest,16.5,50.833333333333336
test,2024-08-03 17:30:00+00:00,12,1,Immediate,0.0,144.0
test,2024-08-03 17:30:00+00:00,12,1,Oracle,11.0,92.5
test,2024-08-03 17:30:00+00:00,12,1,Persistence,0.0,144.0
test,2024-08-03 17:30:00+00:00,12,1,DailySeasonal,9.5,96.5
test,2024-08-03 17:30:00+00:00,12,1,WeeklySeasonal,11.0,92.5
test,2024-08-03 17:30:00+00:00,12,1,Climatology,9.0,99.5
test,2024-08-03 17:30:00+00:00,12,1,HistGradientBoosting,9.0,99.5
test,2024-08-03 17:30:00+00:00,12,1,RandomForest,7.0,101.5
test,2024-08-03 17:30:00+00:00,12,3,Immediate,0.0,151.83333333333334
test,2024-08-03 17:30:00+00:00,12,3,Oracle,9.0,96.16666666666667
test,2024-08-03 17:30:00+00:00,12,3,Persistence,0.0,151.83333333333334
test,2024-08-03 17:30:00+00:00,12,3,DailySeasonal,9.0,96.16666666666667
test,2024-08-03 17:30:00+00:00,12,3,WeeklySeasonal,9.0,96.16666666666667
test,2024-08-03 17:30:00+00:00,12,3,Climatology,9.0,96.16666666666667
test,2024-08-03 17:30:00+00:00,12,3,HistGradientBoosting,7.0,100.83333333333333
test,2024-08-03 17:30:00+00:00,12,3,RandomForest,5.5,107.0
test,2024-08-03 17:30:00+00:00,12,6,Immediate,0.0,146.83333333333334
test,2024-08-03 17:30:00+00:00,12,6,Oracle,6.0,100.0
test,2024-08-03 17:30:00+00:00,12,6,Persistence,0.0,146.83333333333334
test,2024-08-03 17:30:00+00:00,12,6,DailySeasonal,6.0,100.0
test,2024-08-03 17:30:00+00:00,12,6,WeeklySeasonal,6.0,100.0
test,2024-08-03 17:30:00+00:00,12,6,Climatology,6.0,100.0
test,2024-08-03 17:30:00+00:00,12,6,HistGradientBoosting,6.0,100.0
test,2024-08-03 17:30:00+00:00,12,6,RandomForest,5.0,105.66666666666667
test,2024-08-03 17:30:00+00:00,6,3,Immediate,0.0,151.83333333333334
test,2024-08-03 17:30:00+00:00,6,3,Oracle,3.0,141.83333333333334
test,2024-08-03 17:30:00+00:00,6,3,Persistence,0.0,151.83333333333334
test,2024-08-03 17:30:00+00:00,6,3,DailySeasonal,3.0,141.83333333333334
test,2024-08-03 17:30:00+00:00,6,3,WeeklySeasonal,3.0,141.83333333333334
test,2024-08-03 17:30:00+00:00,6,3,Climatology,3.0,141.83333333333334
test,2024-08-03 17:30:00+00:00,6,3,HistGradientBoosting,3.0,141.83333333333334
test,2024-08-03 17:30:00+00:00,6,3,RandomForest,3.0,141.83333333333334
test,2024-08-03 17:30:00+00:00,24,3,Immediate,0.0,151.83333333333334
test,2024-08-03 17:30:00+00:00,24,3,Oracle,18.0,33.833333333333336
test,2024-08-03 17:30:00+00:00,24,3,Persistence,0.0,151.83333333333334
test,2024-08-03 17:30:00+00:00,24,3,DailySeasonal,17.5,34.833333333333336
test,2024-08-03 17:30:00+00:00,24,3,WeeklySeasonal,17.5,34.833333333333336
test,2024-08-03 17:30:00+00:00,24,3,Climatology,16.0,40.0
test,2024-08-03 17:30:00+00:00,24,3,HistGradientBoosting,15.5,43.5
test,2024-08-03 17:30:00+00:00,24,3,RandomForest,17.0,36.166666666666664
test,2024-08-04 17:30:00+00:00,12,1,Immediate,0.0,67.5
test,2024-08-04 17:30:00+00:00,12,1,Oracle,6.5,58.5
test,2024-08-04 17:30:00+00:00,12,1,Persistence,0.0,67.5
test,2024-08-04 17:30:00+00:00,12,1,DailySeasonal,11.0,59.0
test,2024-08-04 17:30:00+00:00,12,1,WeeklySeasonal,5.5,60.0
test,2024-08-04 17:30:00+00:00,12,1,Climatology,5.0,59.5
test,2024-08-04 17:30:00+00:00,12,1,HistGradientBoosting,0.0,67.5
test,2024-08-04 17:30:00+00:00,12,1,RandomForest,0.0,67.5
test,2024-08-04 17:30:00+00:00,12,3,Immediate,0.0,75.83333333333333
test,2024-08-04 17:30:00+00:00,12,3,Oracle,5.0,59.333333333333336
test,2024-08-04 17:30:00+00:00,12,3,Persistence,0.0,75.83333333333333
test,2024-08-04 17:30:00+00:00,12,3,DailySeasonal,9.0,62.666666666666664
test,2024-08-04 17:30:00+00:00,12,3,WeeklySeasonal,5.0,59.333333333333336
test,2024-08-04 17:30:00+00:00,12,3,Climatology,5.0,59.333333333333336
test,2024-08-04 17:30:00+00:00,12,3,HistGradientBoosting,0.0,75.83333333333333
test,2024-08-04 17:30:00+00:00,12,3,RandomForest,0.0,75.83333333333333
test,2024-08-04 17:30:00+00:00,12,6,Immediate,0.0,70.66666666666667
test,2024-08-04 17:30:00+00:00,12,6,Oracle,4.0,61.333333333333336
test,2024-08-04 17:30:00+00:00,12,6,Persistence,0.0,70.66666666666667
test,2024-08-04 17:30:00+00:00,12,6,DailySeasonal,6.0,61.583333333333336
test,2024-08-04 17:30:00+00:00,12,6,WeeklySeasonal,4.5,61.583333333333336
test,2024-08-04 17:30:00+00:00,12,6,Climatology,4.0,61.333333333333336
test,2024-08-04 17:30:00+00:00,12,6,HistGradientBoosting,0.0,70.66666666666667
test,2024-08-04 17:30:00+00:00,12,6,RandomForest,0.0,70.66666666666667
test,2024-08-04 17:30:00+00:00,6,3,Immediate,0.0,75.83333333333333
test,2024-08-04 17:30:00+00:00,6,3,Oracle,3.0,65.5
test,2024-08-04 17:30:00+00:00,6,3,Persistence,0.0,75.83333333333333
test,2024-08-04 17:30:00+00:00,6,3,DailySeasonal,3.0,65.5
test,2024-08-04 17:30:00+00:00,6,3,WeeklySeasonal,3.0,65.5
test,2024-08-04 17:30:00+00:00,6,3,Climatology,3.0,65.5
test,2024-08-04 17:30:00+00:00,6,3,HistGradientBoosting,0.0,75.83333333333333
test,2024-08-04 17:30:00+00:00,6,3,RandomForest,0.0,75.83333333333333
test,2024-08-04 17:30:00+00:00,24,3,Immediate,0.0,75.83333333333333
test,2024-08-04 17:30:00+00:00,24,3,Oracle,16.0,47.166666666666664
test,2024-08-04 17:30:00+00:00,24,3,Persistence,0.0,75.83333333333333
test,2024-08-04 17:30:00+00:00,24,3,DailySeasonal,18.0,52.5
test,2024-08-04 17:30:00+00:00,24,3,WeeklySeasonal,16.5,47.333333333333336
test,2024-08-04 17:30:00+00:00,24,3,Climatology,5.0,59.333333333333336
test,2024-08-04 17:30:00+00:00,24,3,HistGradientBoosting,0.0,75.83333333333333
test,2024-08-04 17:30:00+00:00,24,3,RandomForest,0.0,75.83333333333333
test,2024-08-05 17:30:00+00:00,12,1,Immediate,0.0,124.5
test,2024-08-05 17:30:00+00:00,12,1,Oracle,5.0,56.0
test,2024-08-05 17:30:00+00:00,12,1,Persistence,0.0,124.5
test,2024-08-05 17:30:00+00:00,12,1,DailySeasonal,6.5,61.0
test,2024-08-05 17:30:00+00:00,12,1,WeeklySeasonal,4.5,57.0
test,2024-08-05 17:30:00+00:00,12,1,Climatology,5.0,56.0
test,2024-08-05 17:30:00+00:00,12,1,HistGradientBoosting,5.5,57.5
test,2024-08-05 17:30:00+00:00,12,1,RandomForest,6.5,61.0
test,2024-08-05 17:30:00+00:00,12,3,Immediate,0.0,128.0
test,2024-08-05 17:30:00+00:00,12,3,Oracle,4.0,58.166666666666664
test,2024-08-05 17:30:00+00:00,12,3,Persistence,0.0,128.0
test,2024-08-05 17:30:00+00:00,12,3,DailySeasonal,5.0,59.0
test,2024-08-05 17:30:00+00:00,12,3,WeeklySeasonal,3.5,58.833333333333336
test,2024-08-05 17:30:00+00:00,12,3,Climatology,5.0,59.0
test,2024-08-05 17:30:00+00:00,12,3,HistGradientBoosting,5.0,59.0
test,2024-08-05 17:30:00+00:00,12,3,RandomForest,5.5,60.166666666666664
test,2024-08-05 17:30:00+00:00,12,6,Immediate,0.0,97.75
test,2024-08-05 17:30:00+00:00,12,6,Oracle,3.5,60.333333333333336
test,2024-08-05 17:30:00+00:00,12,6,Persistence,0.0,97.75
test,2024-08-05 17:30:00+00:00,12,6,DailySeasonal,4.0,60.583333333333336
test,2024-08-05 17:30:00+00:00,12,6,WeeklySeasonal,3.5,60.333333333333336
test,2024-08-05 17:30:00+00:00,12,6,Climatology,4.0,60.583333333333336
test,2024-08-05 17:30:00+00:00,12,6,HistGradientBoosting,3.5,60.333333333333336
test,2024-08-05 17:30:00+00:00,12,6,RandomForest,3.0,64.41666666666667
test,2024-08-05 17:30:00+00:00,6,3,Immediate,0.0,128.0
test,2024-08-05 17:30:00+00:00,6,3,Oracle,3.0,67.5
test,2024-08-05 17:30:00+00:00,6,3,Persistence,0.0,128.0
test,2024-08-05 17:30:00+00:00,6,3,DailySeasonal,3.0,67.5
test,2024-08-05 17:30:00+00:00,6,3,WeeklySeasonal,3.0,67.5
test,2024-08-05 17:30:00+00:00,6,3,Climatology,3.0,67.5
test,2024-08-05 17:30:00+00:00,6,3,HistGradientBoosting,3.0,67.5
test,2024-08-05 17:30:00+00:00,6,3,RandomForest,3.0,67.5
test,2024-08-05 17:30:00+00:00,24,3,Immediate,0.0,128.0
test,2024-08-05 17:30:00+00:00,24,3,Oracle,4.0,58.166666666666664
test,2024-08-05 17:30:00+00:00,24,3,Persistence,0.0,128.0
test,2024-08-05 17:30:00+00:00,24,3,DailySeasonal,16.0,82.5
test,2024-08-05 17:30:00+00:00,24,3,WeeklySeasonal,17.0,74.16666666666667
test,2024-08-05 17:30:00+00:00,24,3,Climatology,5.0,59.0
test,2024-08-05 17:30:00+00:00,24,3,HistGradientBoosting,5.0,59.0
test,2024-08-05 17:30:00+00:00,24,3,RandomForest,5.5,60.166666666666664
test,2024-08-06 17:30:00+00:00,12,1,Immediate,0.0,119.5
test,2024-08-06 17:30:00+00:00,12,1,Oracle,10.0,55.0
test,2024-08-06 17:30:00+00:00,12,1,Persistence,0.0,119.5
test,2024-08-06 17:30:00+00:00,12,1,DailySeasonal,5.0,57.5
test,2024-08-06 17:30:00+00:00,12,1,WeeklySeasonal,4.5,58.0
test,2024-08-06 17:30:00+00:00,12,1,Climatology,7.5,57.0
test,2024-08-06 17:30:00+00:00,12,1,HistGradientBoosting,4.0,60.0
test,2024-08-06 17:30:00+00:00,12,1,RandomForest,5.5,57.5
test,2024-08-06 17:30:00+00:00,12,3,Immediate,0.0,120.33333333333333
test,2024-08-06 17:30:00+00:00,12,3,Oracle,6.0,56.5
test,2024-08-06 17:30:00+00:00,12,3,Persistence,0.0,120.33333333333333
test,2024-08-06 17:30:00+00:00,12,3,DailySeasonal,4.0,58.166666666666664
test,2024-08-06 17:30:00+00:00,12,3,WeeklySeasonal,4.5,57.0
test,2024-08-06 17:30:00+00:00,12,3,Climatology,7.0,56.833333333333336
test,2024-08-06 17:30:00+00:00,12,3,HistGradientBoosting,3.5,59.666666666666664
test,2024-08-06 17:30:00+00:00,12,3,RandomForest,3.5,59.666666666666664
test,2024-08-06 17:30:00+00:00,12,6,Immediate,0.0,93.41666666666667
test,2024-08-06 17:30:00+00:00,12,6,Oracle,5.0,56.666666666666664
test,2024-08-06 17:30:00+00:00,12,6,Persistence,0.0,93.41666666666667
test,2024-08-06 17:30:00+00:00,12,6,DailySeasonal,3.5,58.166666666666664
test,2024-08-06 17:30:00+00:00,12,6,WeeklySeasonal,4.5,57.083333333333336
test,2024-08-06 17:30:00+00:00,12,6,Climatology,5.0,56.666666666666664
test,2024-08-06 17:30:00+00:00,12,6,HistGradientBoosting,3.5,58.166666666666664
test,2024-08-06 17:30:00+00:00,12,6,RandomForest,3.0,61.5
test,2024-08-06 17:30:00+00:00,6,3,Immediate,0.0,120.33333333333333
test,2024-08-06 17:30:00+00:00,6,3,Oracle,3.0,66.5
test,2024-08-06 17:30:00+00:00,6,3,Persistence,0.0,120.33333333333333
test,2024-08-06 17:30:00+00:00,6,3,DailySeasonal,3.0,66.5
test,2024-08-06 17:30:00+00:00,6,3,WeeklySeasonal,3.0,66.5
test,2024-08-06 17:30:00+00:00,6,3,Climatology,3.0,66.5
test,2024-08-06 17:30:00+00:00,6,3,HistGradientBoosting,3.0,66.5
test,2024-08-06 17:30:00+00:00,6,3,RandomForest,3.0,66.5
test,2024-08-06 17:30:00+00:00,24,3,Immediate,0.0,120.33333333333333
test,2024-08-06 17:30:00+00:00,24,3,Oracle,16.0,43.166666666666664
test,2024-08-06 17:30:00+00:00,24,3,Persistence,0.0,120.33333333333333
test,2024-08-06 17:30:00+00:00,24,3,DailySeasonal,4.0,58.166666666666664
test,2024-08-06 17:30:00+00:00,24,3,WeeklySeasonal,17.0,43.666666666666664
test,2024-08-06 17:30:00+00:00,24,3,Climatology,17.0,43.666666666666664
test,2024-08-06 17:30:00+00:00,24,3,HistGradientBoosting,3.5,59.666666666666664
test,2024-08-06 17:30:00+00:00,24,3,RandomForest,3.5,59.666666666666664
test,2024-08-07 17:30:00+00:00,12,1,Immediate,0.0,70.5
test,2024-08-07 17:30:00+00:00,12,1,Oracle,4.5,64.5
test,2024-08-07 17:30:00+00:00,12,1,Persistence,0.0,70.5
test,2024-08-07 17:30:00+00:00,12,1,DailySeasonal,10.0,83.0
test,2024-08-07 17:30:00+00:00,12,1,WeeklySeasonal,6.5,72.0
test,2024-08-07 17:30:00+00:00,12,1,Climatology,7.5,70.0
test,2024-08-07 17:30:00+00:00,12,1,HistGradientBoosting,3.5,67.0
test,2024-08-07 17:30:00+00:00,12,1,RandomForest,1.5,84.0
test,2024-08-07 17:30:00+00:00,12,3,Immediate,0.0,78.83333333333333
test,2024-08-07 17:30:00+00:00,12,3,Oracle,3.0,68.16666666666667
test,2024-08-07 17:30:00+00:00,12,3,Persistence,0.0,78.83333333333333
test,2024-08-07 17:30:00+00:00,12,3,DailySeasonal,6.0,70.83333333333333
test,2024-08-07 17:30:00+00:00,12,3,WeeklySeasonal,6.5,70.83333333333333
test,2024-08-07 17:30:00+00:00,12,3,Climatology,5.5,71.66666666666667
test,2024-08-07 17:30:00+00:00,12,3,HistGradientBoosting,3.5,68.16666666666667
test,2024-08-07 17:30:00+00:00,12,3,RandomForest,0.0,78.83333333333333
test,2024-08-07 17:30:00+00:00,12,6,Immediate,0.0,73.5
test,2024-08-07 17:30:00+00:00,12,6,Oracle,3.0,69.5
test,2024-08-07 17:30:00+00:00,12,6,Persistence,0.0,73.5
test,2024-08-07 17:30:00+00:00,12,6,DailySeasonal,5.0,72.83333333333333
test,2024-08-07 17:30:00+00:00,12,6,WeeklySeasonal,4.0,70.0
test,2024-08-07 17:30:00+00:00,12,6,Climatology,4.0,70.0
test,2024-08-07 17:30:00+00:00,12,6,HistGradientBoosting,3.0,69.5
test,2024-08-07 17:30:00+00:00,12,6,RandomForest,0.0,73.5
test,2024-08-07 17:30:00+00:00,6,3,Immediate,0.0,78.83333333333333
test,2024-08-07 17:30:00+00:00,6,3,Oracle,3.0,68.16666666666667
test,2024-08-07 17:30:00+00:00,6,3,Persistence,0.0,78.83333333333333
test,2024-08-07 17:30:00+00:00,6,3,DailySeasonal,3.0,68.16666666666667
test,2024-08-07 17:30:00+00:00,6,3,WeeklySeasonal,3.0,68.16666666666667
test,2024-08-07 17:30:00+00:00,6,3,Climatology,3.0,68.16666666666667
test,2024-08-07 17:30:00+00:00,6,3,HistGradientBoosting,3.0,68.16666666666667
test,2024-08-07 17:30:00+00:00,6,3,RandomForest,0.0,78.83333333333333
test,2024-08-07 17:30:00+00:00,24,3,Immediate,0.0,78.83333333333333
test,2024-08-07 17:30:00+00:00,24,3,Oracle,18.0,66.33333333333333
test,2024-08-07 17:30:00+00:00,24,3,Persistence,0.0,78.83333333333333
test,2024-08-07 17:30:00+00:00,24,3,DailySeasonal,16.0,70.66666666666667
test,2024-08-07 17:30:00+00:00,24,3,WeeklySeasonal,17.5,66.5
test,2024-08-07 17:30:00+00:00,24,3,Climatology,5.5,71.66666666666667
test,2024-08-07 17:30:00+00:00,24,3,HistGradientBoosting,3.5,68.16666666666667
test,2024-08-07 17:30:00+00:00,24,3,RandomForest,0.0,78.83333333333333
test,2024-08-08 17:30:00+00:00,12,1,Immediate,0.0,53.0
test,2024-08-08 17:30:00+00:00,12,1,Oracle,2.5,46.0
test,2024-08-08 17:30:00+00:00,12,1,Persistence,0.0,53.0
test,2024-08-08 17:30:00+00:00,12,1,DailySeasonal,4.5,48.5
test,2024-08-08 17:30:00+00:00,12,1,WeeklySeasonal,11.0,53.0
test,2024-08-08 17:30:00+00:00,12,1,Climatology,7.5,47.0
test,2024-08-08 17:30:00+00:00,12,1,HistGradientBoosting,0.0,53.0
test,2024-08-08 17:30:00+00:00,12,1,RandomForest,0.0,53.0
test,2024-08-08 17:30:00+00:00,12,3,Immediate,0.0,52.333333333333336
test,2024-08-08 17:30:00+00:00,12,3,Oracle,7.0,46.833333333333336
test,2024-08-08 17:30:00+00:00,12,3,Persistence,0.0,52.333333333333336
test,2024-08-08 17:30:00+00:00,12,3,DailySeasonal,3.0,48.0
test,2024-08-08 17:30:00+00:00,12,3,WeeklySeasonal,9.0,49.833333333333336
test,2024-08-08 17:30:00+00:00,12,3,Climatology,6.5,47.0
test,2024-08-08 17:30:00+00:00,12,3,HistGradientBoosting,0.0,52.333333333333336
test,2024-08-08 17:30:00+00:00,12,3,RandomForest,0.0,52.333333333333336
test,2024-08-08 17:30:00+00:00,12,6,Immediate,0.0,50.166666666666664
test,2024-08-08 17:30:00+00:00,12,6,Oracle,4.0,47.416666666666664
test,2024-08-08 17:30:00+00:00,12,6,Persistence,0.0,50.166666666666664
test,2024-08-08 17:30:00+00:00,12,6,DailySeasonal,3.0,47.583333333333336
test,2024-08-08 17:30:00+00:00,12,6,WeeklySeasonal,6.0,48.5
test,2024-08-08 17:30:00+00:00,12,6,Climatology,4.5,47.5
test,2024-08-08 17:30:00+00:00,12,6,HistGradientBoosting,0.0,50.166666666666664
test,2024-08-08 17:30:00+00:00,12,6,RandomForest,0.0,50.166666666666664
test,2024-08-08 17:30:00+00:00,6,3,Immediate,0.0,52.333333333333336
test,2024-08-08 17:30:00+00:00,6,3,Oracle,2.5,47.833333333333336
test,2024-08-08 17:30:00+00:00,6,3,Persistence,0.0,52.333333333333336
test,2024-08-08 17:30:00+00:00,6,3,DailySeasonal,3.0,48.0
test,2024-08-08 17:30:00+00:00,6,3,WeeklySeasonal,3.0,48.0
test,2024-08-08 17:30:00+00:00,6,3,Climatology,3.0,48.0
test,2024-08-08 17:30:00+00:00,6,3,HistGradientBoosting,0.0,52.333333333333336
test,2024-08-08 17:30:00+00:00,6,3,RandomForest,0.0,52.333333333333336
test,2024-08-08 17:30:00+00:00,24,3,Immediate,0.0,52.333333333333336
test,2024-08-08 17:30:00+00:00,24,3,Oracle,15.5,37.333333333333336
test,2024-08-08 17:30:00+00:00,24,3,Persistence,0.0,52.333333333333336
test,2024-08-08 17:30:00+00:00,24,3,DailySeasonal,18.0,42.833333333333336
test,2024-08-08 17:30:00+00:00,24,3,WeeklySeasonal,16.0,37.333333333333336
test,2024-08-08 17:30:00+00:00,24,3,Climatology,17.0,40.0
test,2024-08-08 17:30:00+00:00,24,3,HistGradientBoosting,0.0,52.333333333333336
test,2024-08-08 17:30:00+00:00,24,3,RandomForest,0.0,52.333333333333336
test,2024-08-09 17:30:00+00:00,12,1,Immediate,0.0,78.5
test,2024-08-09 17:30:00+00:00,12,1,Oracle,4.5,56.5
test,2024-08-09 17:30:00+00:00,12,1,Persistence,0.0,78.5
test,2024-08-09 17:30:00+00:00,12,1,DailySeasonal,2.5,75.5
test,2024-08-09 17:30:00+00:00,12,1,WeeklySeasonal,9.5,59.5
test,2024-08-09 17:30:00+00:00,12,1,Climatology,7.5,70.5
test,2024-08-09 17:30:00+00:00,12,1,HistGradientBoosting,1.0,94.5
test,2024-08-09 17:30:00+00:00,12,1,RandomForest,1.5,95.5
test,2024-08-09 17:30:00+00:00,12,3,Immediate,0.0,87.0
test,2024-08-09 17:30:00+00:00,12,3,Oracle,4.0,57.833333333333336
test,2024-08-09 17:30:00+00:00,12,3,Persistence,0.0,87.0
test,2024-08-09 17:30:00+00:00,12,3,DailySeasonal,7.0,64.16666666666667
test,2024-08-09 17:30:00+00:00,12,3,WeeklySeasonal,9.0,60.0
test,2024-08-09 17:30:00+00:00,12,3,Climatology,7.0,64.16666666666667
test,2024-08-09 17:30:00+00:00,12,3,HistGradientBoosting,0.0,87.0
test,2024-08-09 17:30:00+00:00,12,3,RandomForest,0.0,87.0
test,2024-08-09 17:30:00+00:00,12,6,Immediate,0.0,73.58333333333333
test,2024-08-09 17:30:00+00:00,12,6,Oracle,4.0,61.0
test,2024-08-09 17:30:00+00:00,12,6,Persistence,0.0,73.58333333333333
test,2024-08-09 17:30:00+00:00,12,6,DailySeasonal,4.0,61.0
test,2024-08-09 17:30:00+00:00,12,6,WeeklySeasonal,6.0,62.0
test,2024-08-09 17:30:00+00:00,12,6,Climatology,6.0,62.0
test,2024-08-09 17:30:00+00:00,12,6,HistGradientBoosting,0.0,73.58333333333333
test,2024-08-09 17:30:00+00:00,12,6,RandomForest,0.0,73.58333333333333
test,2024-08-09 17:30:00+00:00,6,3,Immediate,0.0,87.0
test,2024-08-09 17:30:00+00:00,6,3,Oracle,3.0,60.166666666666664
test,2024-08-09 17:30:00+00:00,6,3,Persistence,0.0,87.0
test,2024-08-09 17:30:00+00:00,6,3,DailySeasonal,2.5,64.5
test,2024-08-09 17:30:00+00:00,6,3,WeeklySeasonal,3.0,60.166666666666664
test,2024-08-09 17:30:00+00:00,6,3,Climatology,3.0,60.166666666666664
test,2024-08-09 17:30:00+00:00,6,3,HistGradientBoosting,0.0,87.0
test,2024-08-09 17:30:00+00:00,6,3,RandomForest,0.0,87.0
test,2024-08-09 17:30:00+00:00,24,3,Immediate,0.0,87.0
test,2024-08-09 17:30:00+00:00,24,3,Oracle,16.5,36.666666666666664
test,2024-08-09 17:30:00+00:00,24,3,Persistence,0.0,87.0
test,2024-08-09 17:30:00+00:00,24,3,DailySeasonal,15.5,39.166666666666664
test,2024-08-09 17:30:00+00:00,24,3,WeeklySeasonal,17.5,37.166666666666664
test,2024-08-09 17:30:00+00:00,24,3,Climatology,17.0,36.833333333333336
test,2024-08-09 17:30:00+00:00,24,3,HistGradientBoosting,0.0,87.0
test,2024-08-09 17:30:00+00:00,24,3,RandomForest,0.0,87.0
test,2024-08-10 17:30:00+00:00,12,1,Immediate,0.0,110.5
test,2024-08-10 17:30:00+00:00,12,1,Oracle,9.5,94.5
test,2024-08-10 17:30:00+00:00,12,1,Persistence,0.0,110.5
test,2024-08-10 17:30:00+00:00,12,1,DailySeasonal,4.5,105.0
test,2024-08-10 17:30:00+00:00,12,1,WeeklySeasonal,11.0,99.5
test,2024-08-10 17:30:00+00:00,12,1,Climatology,9.0,96.5
test,2024-08-10 17:30:00+00:00,12,1,HistGradientBoosting,7.5,105.0
test,2024-08-10 17:30:00+00:00,12,1,RandomForest,4.5,105.0
test,2024-08-10 17:30:00+00:00,12,3,Immediate,0.0,114.66666666666667
test,2024-08-10 17:30:00+00:00,12,3,Oracle,9.0,97.16666666666667
test,2024-08-10 17:30:00+00:00,12,3,Persistence,0.0,114.66666666666667
test,2024-08-10 17:30:00+00:00,12,3,DailySeasonal,4.0,103.16666666666667
test,2024-08-10 17:30:00+00:00,12,3,WeeklySeasonal,9.0,97.16666666666667
test,2024-08-10 17:30:00+00:00,12,3,Climatology,9.0,97.16666666666667
test,2024-08-10 17:30:00+00:00,12,3,HistGradientBoosting,6.5,102.66666666666667
test,2024-08-10 17:30:00+00:00,12,3,RandomForest,3.0,105.33333333333333
test,2024-08-10 17:30:00+00:00,12,6,Immediate,0.0,110.0
test,2024-08-10 17:30:00+00:00,12,6,Oracle,5.5,99.91666666666667
test,2024-08-10 17:30:00+00:00,12,6,Persistence,0.0,110.0
test,2024-08-10 17:30:00+00:00,12,6,DailySeasonal,4.0,102.16666666666667
test,2024-08-10 17:30:00+00:00,12,6,WeeklySeasonal,6.0,99.91666666666667
test,2024-08-10 17:30:00+00:00,12,6,Climatology,6.0,99.91666666666667
test,2024-08-10 17:30:00+00:00,12,6,HistGradientBoosting,3.5,103.16666666666667
test,2024-08-10 17:30:00+00:00,12,6,RandomForest,2.5,104.66666666666667
test,2024-08-10 17:30:00+00:00,6,3,Immediate,0.0,114.66666666666667
test,2024-08-10 17:30:00+00:00,6,3,Oracle,3.0,105.33333333333333
test,2024-08-10 17:30:00+00:00,6,3,Persistence,0.0,114.66666666666667
test,2024-08-10 17:30:00+00:00,6,3,DailySeasonal,3.0,105.33333333333333
test,2024-08-10 17:30:00+00:00,6,3,WeeklySeasonal,3.0,105.33333333333333
test,2024-08-10 17:30:00+00:00,6,3,Climatology,3.0,105.33333333333333
test,2024-08-10 17:30:00+00:00,6,3,HistGradientBoosting,2.5,107.33333333333333
test,2024-08-10 17:30:00+00:00,6,3,RandomForest,3.0,105.33333333333333
test,2024-08-10 17:30:00+00:00,24,3,Immediate,0.0,114.66666666666667
test,2024-08-10 17:30:00+00:00,24,3,Oracle,18.0,50.833333333333336
test,2024-08-10 17:30:00+00:00,24,3,Persistence,0.0,114.66666666666667
test,2024-08-10 17:30:00+00:00,24,3,DailySeasonal,16.5,54.5
test,2024-08-10 17:30:00+00:00,24,3,WeeklySeasonal,18.0,50.833333333333336
test,2024-08-10 17:30:00+00:00,24,3,Climatology,16.0,56.5
test,2024-08-10 17:30:00+00:00,24,3,HistGradientBoosting,6.5,102.66666666666667
test,2024-08-10 17:30:00+00:00,24,3,RandomForest,3.0,105.33333333333333
test,2024-08-11 17:30:00+00:00,12,1,Immediate,0.0,86.5
test,2024-08-11 17:30:00+00:00,12,1,Oracle,7.5,45.0
test,2024-08-11 17:30:00+00:00,12,1,Persistence,0.0,86.5
test,2024-08-11 17:30:00+00:00,12,1,DailySeasonal,9.5,48.5
test,2024-08-11 17:30:00+00:00,12,1,WeeklySeasonal,6.5,52.0
test,2024-08-11 17:30:00+00:00,12,1,Climatology,5.0,51.5
test,2024-08-11 17:30:00+00:00,12,1,HistGradientBoosting,0.0,86.5
test,2024-08-11 17:30:00+00:00,12,1,RandomForest,0.0,86.5
test,2024-08-11 17:30:00+00:00,12,3,Immediate,0.0,76.83333333333333
test,2024-08-11 17:30:00+00:00,12,3,Oracle,7.0,48.166666666666664
test,2024-08-11 17:30:00+00:00,12,3,Persistence,0.0,76.83333333333333
test,2024-08-11 17:30:00+00:00,12,3,DailySeasonal,9.0,54.833333333333336
test,2024-08-11 17:30:00+00:00,12,3,WeeklySeasonal,5.0,50.666666666666664
test,2024-08-11 17:30:00+00:00,12,3,Climatology,5.0,50.666666666666664
test,2024-08-11 17:30:00+00:00,12,3,HistGradientBoosting,0.0,76.83333333333333
test,2024-08-11 17:30:00+00:00,12,3,RandomForest,2.0,55.833333333333336
test,2024-08-11 17:30:00+00:00,12,6,Immediate,0.0,64.08333333333333
test,2024-08-11 17:30:00+00:00,12,6,Oracle,4.0,49.916666666666664
test,2024-08-11 17:30:00+00:00,12,6,Persistence,0.0,64.08333333333333
test,2024-08-11 17:30:00+00:00,12,6,DailySeasonal,5.5,51.583333333333336
test,2024-08-11 17:30:00+00:00,12,6,WeeklySeasonal,4.0,49.916666666666664
test,2024-08-11 17:30:00+00:00,12,6,Climatology,4.0,49.916666666666664
test,2024-08-11 17:30:00+00:00,12,6,HistGradientBoosting,0.0,64.08333333333333
test,2024-08-11 17:30:00+00:00,12,6,RandomForest,0.0,64.08333333333333
test,2024-08-11 17:30:00+00:00,6,3,Immediate,0.0,76.83333333333333
test,2024-08-11 17:30:00+00:00,6,3,Oracle,3.0,51.333333333333336
test,2024-08-11 17:30:00+00:00,6,3,Persistence,0.0,76.83333333333333
test,2024-08-11 17:30:00+00:00,6,3,DailySeasonal,3.0,51.333333333333336
test,2024-08-11 17:30:00+00:00,6,3,WeeklySeasonal,3.0,51.333333333333336
test,2024-08-11 17:30:00+00:00,6,3,Climatology,3.0,51.333333333333336
test,2024-08-11 17:30:00+00:00,6,3,HistGradientBoosting,0.0,76.83333333333333
test,2024-08-11 17:30:00+00:00,6,3,RandomForest,2.0,55.833333333333336
test,2024-08-11 17:30:00+00:00,24,3,Immediate,0.0,76.83333333333333
test,2024-08-11 17:30:00+00:00,24,3,Oracle,7.0,48.166666666666664
test,2024-08-11 17:30:00+00:00,24,3,Persistence,0.0,76.83333333333333
test,2024-08-11 17:30:00+00:00,24,3,DailySeasonal,18.0,56.0
test,2024-08-11 17:30:00+00:00,24,3,WeeklySeasonal,16.0,51.833333333333336
test,2024-08-11 17:30:00+00:00,24,3,Climatology,5.0,50.666666666666664
test,2024-08-11 17:30:00+00:00,24,3,HistGradientBoosting,0.0,76.83333333333333
test,2024-08-11 17:30:00+00:00,24,3,RandomForest,2.0,55.833333333333336
test,2024-08-12 17:30:00+00:00,12,1,Immediate,0.0,141.5
test,2024-08-12 17:30:00+00:00,12,1,Oracle,5.5,71.5
test,2024-08-12 17:30:00+00:00,12,1,Persistence,0.0,141.5
test,2024-08-12 17:30:00+00:00,12,1,DailySeasonal,7.5,78.0
test,2024-08-12 17:30:00+00:00,12,1,WeeklySeasonal,5.0,72.0
test,2024-08-12 17:30:00+00:00,12,1,Climatology,5.0,72.0
test,2024-08-12 17:30:00+00:00,12,1,HistGradientBoosting,4.0,72.0
test,2024-08-12 17:30:00+00:00,12,1,RandomForest,6.5,83.0
test,2024-08-12 17:30:00+00:00,12,3,Immediate,0.0,135.83333333333334
test,2024-08-12 17:30:00+00:00,12,3,Oracle,4.0,73.5
test,2024-08-12 17:30:00+00:00,12,3,Persistence,0.0,135.83333333333334
test,2024-08-12 17:30:00+00:00,12,3,DailySeasonal,7.0,78.16666666666667
test,2024-08-12 17:30:00+00:00,12,3,WeeklySeasonal,4.0,73.5
test,2024-08-12 17:30:00+00:00,12,3,Climatology,5.0,77.16666666666667
test,2024-08-12 17:30:00+00:00,12,3,HistGradientBoosting,3.5,74.5
test,2024-08-12 17:30:00+00:00,12,3,RandomForest,6.0,78.0
test,2024-08-12 17:30:00+00:00,12,6,Immediate,0.0,108.66666666666667
test,2024-08-12 17:30:00+00:00,12,6,Oracle,4.0,75.83333333333333
test,2024-08-12 17:30:00+00:00,12,6,Persistence,0.0,108.66666666666667
test,2024-08-12 17:30:00+00:00,12,6,DailySeasonal,4.0,75.83333333333333
test,2024-08-12 17:30:00+00:00,12,6,WeeklySeasonal,3.5,76.41666666666667
test,2024-08-12 17:30:00+00:00,12,6,Climatology,4.0,75.83333333333333
test,2024-08-12 17:30:00+00:00,12,6,HistGradientBoosting,3.0,79.75
test,2024-08-12 17:30:00+00:00,12,6,RandomForest,3.0,79.75
test,2024-08-12 17:30:00+00:00,6,3,Immediate,0.0,135.83333333333334
test,2024-08-12 17:30:00+00:00,6,3,Oracle,3.0,81.5
test,2024-08-12 17:30:00+00:00,6,3,Persistence,0.0,135.83333333333334
test,2024-08-12 17:30:00+00:00,6,3,DailySeasonal,3.0,81.5
test,2024-08-12 17:30:00+00:00,6,3,WeeklySeasonal,3.0,81.5
test,2024-08-12 17:30:00+00:00,6,3,Climatology,3.0,81.5
test,2024-08-12 17:30:00+00:00,6,3,HistGradientBoosting,3.0,81.5
test,2024-08-12 17:30:00+00:00,6,3,RandomForest,3.0,81.5
test,2024-08-12 17:30:00+00:00,24,3,Immediate,0.0,135.83333333333334
test,2024-08-12 17:30:00+00:00,24,3,Oracle,16.0,50.5
test,2024-08-12 17:30:00+00:00,24,3,Persistence,0.0,135.83333333333334
test,2024-08-12 17:30:00+00:00,24,3,DailySeasonal,7.0,78.16666666666667
test,2024-08-12 17:30:00+00:00,24,3,WeeklySeasonal,4.0,73.5
test,2024-08-12 17:30:00+00:00,24,3,Climatology,5.0,77.16666666666667
test,2024-08-12 17:30:00+00:00,24,3,HistGradientBoosting,3.5,74.5
test,2024-08-12 17:30:00+00:00,24,3,RandomForest,6.0,78.0
test,2024-08-13 17:30:00+00:00,12,1,Immediate,0.0,161.5
test,2024-08-13 17:30:00+00:00,12,1,Oracle,8.5,89.0
test,2024-08-13 17:30:00+00:00,12,1,Persistence,0.0,161.5
test,2024-08-13 17:30:00+00:00,12,1,DailySeasonal,5.5,110.0
test,2024-08-13 17:30:00+00:00,12,1,WeeklySeasonal,10.0,106.5
test,2024-08-13 17:30:00+00:00,12,1,Climatology,7.5,93.0
test,2024-08-13 17:30:00+00:00,12,1,HistGradientBoosting,4.0,115.5
test,2024-08-13 17:30:00+00:00,12,1,RandomForest,8.5,89.0
test,2024-08-13 17:30:00+00:00,12,3,Immediate,0.0,162.83333333333334
test,2024-08-13 17:30:00+00:00,12,3,Oracle,7.5,91.33333333333333
test,2024-08-13 17:30:00+00:00,12,3,Persistence,0.0,162.83333333333334
test,2024-08-13 17:30:00+00:00,12,3,DailySeasonal,4.0,111.0
test,2024-08-13 17:30:00+00:00,12,3,WeeklySeasonal,6.0,98.33333333333333
test,2024-08-13 17:30:00+00:00,12,3,Climatology,7.0,92.0
test,2024-08-13 17:30:00+00:00,12,3,HistGradientBoosting,4.0,111.0
test,2024-08-13 17:30:00+00:00,12,3,RandomForest,7.0,92.0
test,2024-08-13 17:30:00+00:00,12,6,Immediate,0.0,141.58333333333334
test,2024-08-13 17:30:00+00:00,12,6,Oracle,4.5,99.16666666666667
test,2024-08-13 17:30:00+00:00,12,6,Persistence,0.0,141.58333333333334
test,2024-08-13 17:30:00+00:00,12,6,DailySeasonal,4.0,101.5
test,2024-08-13 17:30:00+00:00,12,6,WeeklySeasonal,5.0,100.0
test,2024-08-13 17:30:00+00:00,12,6,Climatology,5.0,100.0
test,2024-08-13 17:30:00+00:00,12,6,HistGradientBoosting,3.5,104.58333333333333
test,2024-08-13 17:30:00+00:00,12,6,RandomForest,6.0,105.83333333333333
test,2024-08-13 17:30:00+00:00,6,3,Immediate,0.0,162.83333333333334
test,2024-08-13 17:30:00+00:00,6,3,Oracle,3.0,120.33333333333333
test,2024-08-13 17:30:00+00:00,6,3,Persistence,0.0,162.83333333333334
test,2024-08-13 17:30:00+00:00,6,3,DailySeasonal,3.0,120.33333333333333
test,2024-08-13 17:30:00+00:00,6,3,WeeklySeasonal,3.0,120.33333333333333
test,2024-08-13 17:30:00+00:00,6,3,Climatology,3.0,120.33333333333333
test,2024-08-13 17:30:00+00:00,6,3,HistGradientBoosting,3.0,120.33333333333333
test,2024-08-13 17:30:00+00:00,6,3,RandomForest,3.0,120.33333333333333
test,2024-08-13 17:30:00+00:00,24,3,Immediate,0.0,162.83333333333334
test,2024-08-13 17:30:00+00:00,24,3,Oracle,7.5,91.33333333333333
test,2024-08-13 17:30:00+00:00,24,3,Persistence,0.0,162.83333333333334
test,2024-08-13 17:30:00+00:00,24,3,DailySeasonal,16.0,125.0
test,2024-08-13 17:30:00+00:00,24,3,WeeklySeasonal,16.0,125.0
test,2024-08-13 17:30:00+00:00,24,3,Climatology,17.0,125.33333333333333
test,2024-08-13 17:30:00+00:00,24,3,HistGradientBoosting,15.5,125.83333333333333
test,2024-08-13 17:30:00+00:00,24,3,RandomForest,16.5,124.83333333333333
test,2024-08-14 17:30:00+00:00,12,1,Immediate,0.0,166.0
test,2024-08-14 17:30:00+00:00,12,1,Oracle,11.0,63.0
test,2024-08-14 17:30:00+00:00,12,1,Persistence,0.0,166.0
test,2024-08-14 17:30:00+00:00,12,1,DailySeasonal,8.5,81.0
test,2024-08-14 17:30:00+00:00,12,1,WeeklySeasonal,4.5,101.0
test,2024-08-14 17:30:00+00:00,12,1,Climatology,7.5,75.0
test,2024-08-14 17:30:00+00:00,12,1,HistGradientBoosting,5.5,94.5
test,2024-08-14 17:30:00+00:00,12,1,RandomForest,8.5,81.0
test,2024-08-14 17:30:00+00:00,12,3,Immediate,0.0,162.0
test,2024-08-14 17:30:00+00:00,12,3,Oracle,9.0,68.83333333333333
test,2024-08-14 17:30:00+00:00,12,3,Persistence,0.0,162.0
test,2024-08-14 17:30:00+00:00,12,3,DailySeasonal,7.5,76.33333333333333
test,2024-08-14 17:30:00+00:00,12,3,WeeklySeasonal,3.0,110.16666666666667
test,2024-08-14 17:30:00+00:00,12,3,Climatology,5.5,83.0
test,2024-08-14 17:30:00+00:00,12,3,HistGradientBoosting,4.0,96.83333333333333
test,2024-08-14 17:30:00+00:00,12,3,RandomForest,7.5,76.33333333333333
test,2024-08-14 17:30:00+00:00,12,6,Immediate,0.0,136.08333333333334
test,2024-08-14 17:30:00+00:00,12,6,Oracle,6.0,75.0
test,2024-08-14 17:30:00+00:00,12,6,Persistence,0.0,136.08333333333334
test,2024-08-14 17:30:00+00:00,12,6,DailySeasonal,4.5,84.0
test,2024-08-14 17:30:00+00:00,12,6,WeeklySeasonal,3.0,95.66666666666667
test,2024-08-14 17:30:00+00:00,12,6,Climatology,4.0,86.66666666666667
test,2024-08-14 17:30:00+00:00,12,6,HistGradientBoosting,3.5,90.25
test,2024-08-14 17:30:00+00:00,12,6,RandomForest,4.5,84.0
test,2024-08-14 17:30:00+00:00,6,3,Immediate,0.0,162.0
test,2024-08-14 17:30:00+00:00,6,3,Oracle,3.0,110.16666666666667
test,2024-08-14 17:30:00+00:00,6,3,Persistence,0.0,162.0
test,2024-08-14 17:30:00+00:00,6,3,DailySeasonal,3.0,110.16666666666667
test,2024-08-14 17:30:00+00:00,6,3,WeeklySeasonal,3.0,110.16666666666667
test,2024-08-14 17:30:00+00:00,6,3,Climatology,3.0,110.16666666666667
test,2024-08-14 17:30:00+00:00,6,3,HistGradientBoosting,3.0,110.16666666666667
test,2024-08-14 17:30:00+00:00,6,3,RandomForest,3.0,110.16666666666667
test,2024-08-14 17:30:00+00:00,24,3,Immediate,0.0,162.0
test,2024-08-14 17:30:00+00:00,24,3,Oracle,17.0,32.666666666666664
test,2024-08-14 17:30:00+00:00,24,3,Persistence,0.0,162.0
test,2024-08-14 17:30:00+00:00,24,3,DailySeasonal,7.5,76.33333333333333
test,2024-08-14 17:30:00+00:00,24,3,WeeklySeasonal,18.0,35.666666666666664
test,2024-08-14 17:30:00+00:00,24,3,Climatology,5.5,83.0
test,2024-08-14 17:30:00+00:00,24,3,HistGradientBoosting,4.0,96.83333333333333
test,2024-08-14 17:30:00+00:00,24,3,RandomForest,16.5,32.833333333333336
test,2024-08-15 17:30:00+00:00,12,1,Immediate,0.0,77.0
test,2024-08-15 17:30:00+00:00,12,1,Oracle,9.0,65.5
test,2024-08-15 17:30:00+00:00,12,1,Persistence,0.0,77.0
test,2024-08-15 17:30:00+00:00,12,1,DailySeasonal,11.0,109.0
test,2024-08-15 17:30:00+00:00,12,1,WeeklySeasonal,2.5,88.0
test,2024-08-15 17:30:00+00:00,12,1,Climatology,7.5,82.5
test,2024-08-15 17:30:00+00:00,12,1,HistGradientBoosting,2.0,83.5
test,2024-08-15 17:30:00+00:00,12,1,RandomForest,0.0,77.0
test,2024-08-15 17:30:00+00:00,12,3,Immediate,0.0,80.83333333333333
test,2024-08-15 17:30:00+00:00,12,3,Oracle,4.5,72.83333333333333
test,2024-08-15 17:30:00+00:00,12,3,Persistence,0.0,80.83333333333333
test,2024-08-15 17:30:00+00:00,12,3,DailySeasonal,9.0,86.66666666666667
test,2024-08-15 17:30:00+00:00,12,3,WeeklySeasonal,7.0,74.83333333333333
test,2024-08-15 17:30:00+00:00,12,3,Climatology,6.5,76.16666666666667
test,2024-08-15 17:30:00+00:00,12,3,HistGradientBoosting,0.0,80.83333333333333
test,2024-08-15 17:30:00+00:00,12,3,RandomForest,0.0,80.83333333333333
test,2024-08-15 17:30:00+00:00,12,6,Immediate,0.0,80.91666666666667
test,2024-08-15 17:30:00+00:00,12,6,Oracle,4.5,74.0
test,2024-08-15 17:30:00+00:00,12,6,Persistence,0.0,80.91666666666667
test,2024-08-15 17:30:00+00:00,12,6,DailySeasonal,6.0,81.5
test,2024-08-15 17:30:00+00:00,12,6,WeeklySeasonal,4.0,74.5
test,2024-08-15 17:30:00+00:00,12,6,Climatology,4.5,74.0
test,2024-08-15 17:30:00+00:00,12,6,HistGradientBoosting,0.0,80.91666666666667
test,2024-08-15 17:30:00+00:00,12,6,RandomForest,0.0,80.91666666666667
test,2024-08-15 17:30:00+00:00,6,3,Immediate,0.0,80.83333333333333
test,2024-08-15 17:30:00+00:00,6,3,Oracle,0.0,80.83333333333333
test,2024-08-15 17:30:00+00:00,6,3,Persistence,0.0,80.83333333333333
test,2024-08-15 17:30:00+00:00,6,3,DailySeasonal,3.0,81.0
test,2024-08-15 17:30:00+00:00,6,3,WeeklySeasonal,2.5,84.16666666666667
test,2024-08-15 17:30:00+00:00,6,3,Climatology,3.0,81.0
test,2024-08-15 17:30:00+00:00,6,3,HistGradientBoosting,0.0,80.83333333333333
test,2024-08-15 17:30:00+00:00,6,3,RandomForest,0.0,80.83333333333333
test,2024-08-15 17:30:00+00:00,24,3,Immediate,0.0,80.83333333333333
test,2024-08-15 17:30:00+00:00,24,3,Oracle,16.5,58.166666666666664
test,2024-08-15 17:30:00+00:00,24,3,Persistence,0.0,80.83333333333333
test,2024-08-15 17:30:00+00:00,24,3,DailySeasonal,17.0,58.666666666666664
test,2024-08-15 17:30:00+00:00,24,3,WeeklySeasonal,15.5,60.666666666666664
test,2024-08-15 17:30:00+00:00,24,3,Climatology,17.0,58.666666666666664
test,2024-08-15 17:30:00+00:00,24,3,HistGradientBoosting,0.0,80.83333333333333
test,2024-08-15 17:30:00+00:00,24,3,RandomForest,0.0,80.83333333333333
test,2024-08-16 17:30:00+00:00,12,1,Immediate,0.0,152.5
test,2024-08-16 17:30:00+00:00,12,1,Oracle,11.0,73.5
test,2024-08-16 17:30:00+00:00,12,1,Persistence,0.0,152.5
test,2024-08-16 17:30:00+00:00,12,1,DailySeasonal,9.0,78.5
test,2024-08-16 17:30:00+00:00,12,1,WeeklySeasonal,4.5,114.0
test,2024-08-16 17:30:00+00:00,12,1,Climatology,7.5,82.5
test,2024-08-16 17:30:00+00:00,12,1,HistGradientBoosting,4.5,114.0
test,2024-08-16 17:30:00+00:00,12,1,RandomForest,3.5,132.0
test,2024-08-16 17:30:00+00:00,12,3,Immediate,0.0,154.5
test,2024-08-16 17:30:00+00:00,12,3,Oracle,9.0,76.0
test,2024-08-16 17:30:00+00:00,12,3,Persistence,0.0,154.5
test,2024-08-16 17:30:00+00:00,12,3,DailySeasonal,4.5,95.83333333333333
test,2024-08-16 17:30:00+00:00,12,3,WeeklySeasonal,4.0,103.16666666666667
test,2024-08-16 17:30:00+00:00,12,3,Climatology,7.0,81.5
test,2024-08-16 17:30:00+00:00,12,3,HistGradientBoosting,4.5,95.83333333333333
test,2024-08-16 17:30:00+00:00,12,3,RandomForest,8.0,79.83333333333333
test,2024-08-16 17:30:00+00:00,12,6,Immediate,0.0,138.33333333333334
test,2024-08-16 17:30:00+00:00,12,6,Oracle,6.0,79.83333333333333
test,2024-08-16 17:30:00+00:00,12,6,Persistence,0.0,138.33333333333334
test,2024-08-16 17:30:00+00:00,12,6,DailySeasonal,4.5,88.25
test,2024-08-16 17:30:00+00:00,12,6,WeeklySeasonal,4.0,92.33333333333333
test,2024-08-16 17:30:00+00:00,12,6,Climatology,6.0,79.83333333333333
test,2024-08-16 17:30:00+00:00,12,6,HistGradientBoosting,3.5,97.33333333333333
test,2024-08-16 17:30:00+00:00,12,6,RandomForest,3.5,97.33333333333333
test,2024-08-16 17:30:00+00:00,6,3,Immediate,0.0,154.5
test,2024-08-16 17:30:00+00:00,6,3,Oracle,3.0,122.16666666666667
test,2024-08-16 17:30:00+00:00,6,3,Persistence,0.0,154.5
test,2024-08-16 17:30:00+00:00,6,3,DailySeasonal,0.0,154.5
test,2024-08-16 17:30:00+00:00,6,3,WeeklySeasonal,3.0,122.16666666666667
test,2024-08-16 17:30:00+00:00,6,3,Climatology,3.0,122.16666666666667
test,2024-08-16 17:30:00+00:00,6,3,HistGradientBoosting,3.0,122.16666666666667
test,2024-08-16 17:30:00+00:00,6,3,RandomForest,3.0,122.16666666666667
test,2024-08-16 17:30:00+00:00,24,3,Immediate,0.0,154.5
test,2024-08-16 17:30:00+00:00,24,3,Oracle,17.0,53.166666666666664
test,2024-08-16 17:30:00+00:00,24,3,Persistence,0.0,154.5
test,2024-08-16 17:30:00+00:00,24,3,DailySeasonal,16.5,54.166666666666664
test,2024-08-16 17:30:00+00:00,24,3,WeeklySeasonal,16.5,54.166666666666664
test,2024-08-16 17:30:00+00:00,24,3,Climatology,17.0,53.166666666666664
test,2024-08-16 17:30:00+00:00,24,3,HistGradientBoosting,14.5,55.833333333333336
test,2024-08-16 17:30:00+00:00,24,3,RandomForest,18.0,53.5
test,2024-08-17 17:30:00+00:00,12,1,Immediate,0.0,148.5
test,2024-08-17 17:30:00+00:00,12,1,Oracle,11.0,64.0
test,2024-08-17 17:30:00+00:00,12,1,Persistence,0.0,148.5
test,2024-08-17 17:30:00+00:00,12,1,DailySeasonal,11.0,64.0
test,2024-08-17 17:30:00+00:00,12,1,WeeklySeasonal,9.5,67.0
test,2024-08-17 17:30:00+00:00,12,1,Climatology,9.0,66.5
test,2024-08-17 17:30:00+00:00,12,1,HistGradientBoosting,8.5,69.5
test,2024-08-17 17:30:00+00:00,12,1,RandomForest,7.0,65.0
test,2024-08-17 17:30:00+00:00,12,3,Immediate,0.0,148.0
test,2024-08-17 17:30:00+00:00,12,3,Oracle,9.0,65.5
test,2024-08-17 17:30:00+00:00,12,3,Persistence,0.0,148.0
test,2024-08-17 17:30:00+00:00,12,3,DailySeasonal,9.0,65.5
test,2024-08-17 17:30:00+00:00,12,3,WeeklySeasonal,9.0,65.5
test,2024-08-17 17:30:00+00:00,12,3,Climatology,9.0,65.5
test,2024-08-17 17:30:00+00:00,12,3,HistGradientBoosting,6.5,67.83333333333333
test,2024-08-17 17:30:00+00:00,12,3,RandomForest,6.5,67.83333333333333
test,2024-08-17 17:30:00+00:00,12,6,Immediate,0.0,118.08333333333333
test,2024-08-17 17:30:00+00:00,12,6,Oracle,6.0,66.66666666666667
test,2024-08-17 17:30:00+00:00,12,6,Persistence,0.0,118.08333333333333
test,2024-08-17 17:30:00+00:00,12,6,DailySeasonal,6.0,66.66666666666667
test,2024-08-17 17:30:00+00:00,12,6,WeeklySeasonal,5.5,67.5
test,2024-08-17 17:30:00+00:00,12,6,Climatology,6.0,66.66666666666667
test,2024-08-17 17:30:00+00:00,12,6,HistGradientBoosting,3.5,72.25
test,2024-08-17 17:30:00+00:00,12,6,RandomForest,6.0,66.66666666666667
test,2024-08-17 17:30:00+00:00,6,3,Immediate,0.0,148.0
test,2024-08-17 17:30:00+00:00,6,3,Oracle,3.0,88.16666666666667
test,2024-08-17 17:30:00+00:00,6,3,Persistence,0.0,148.0
test,2024-08-17 17:30:00+00:00,6,3,DailySeasonal,3.0,88.16666666666667
test,2024-08-17 17:30:00+00:00,6,3,WeeklySeasonal,3.0,88.16666666666667
test,2024-08-17 17:30:00+00:00,6,3,Climatology,3.0,88.16666666666667
test,2024-08-17 17:30:00+00:00,6,3,HistGradientBoosting,3.0,88.16666666666667
test,2024-08-17 17:30:00+00:00,6,3,RandomForest,3.0,88.16666666666667
test,2024-08-17 17:30:00+00:00,24,3,Immediate,0.0,148.0
test,2024-08-17 17:30:00+00:00,24,3,Oracle,18.0,39.666666666666664
test,2024-08-17 17:30:00+00:00,24,3,Persistence,0.0,148.0
test,2024-08-17 17:30:00+00:00,24,3,DailySeasonal,17.0,40.333333333333336
test,2024-08-17 17:30:00+00:00,24,3,WeeklySeasonal,18.0,39.666666666666664
test,2024-08-17 17:30:00+00:00,24,3,Climatology,16.0,42.0
test,2024-08-17 17:30:00+00:00,24,3,HistGradientBoosting,15.5,42.666666666666664
test,2024-08-17 17:30:00+00:00,24,3,RandomForest,16.5,41.333333333333336
test,2024-08-18 17:30:00+00:00,12,1,Immediate,0.0,119.0
test,2024-08-18 17:30:00+00:00,12,1,Oracle,4.0,78.0
test,2024-08-18 17:30:00+00:00,12,1,Persistence,0.0,119.0
test,2024-08-18 17:30:00+00:00,12,1,DailySeasonal,11.0,117.0
test,2024-08-18 17:30:00+00:00,12,1,WeeklySeasonal,7.5,80.0
test,2024-08-18 17:30:00+00:00,12,1,Climatology,5.0,79.5
test,2024-08-18 17:30:00+00:00,12,1,HistGradientBoosting,7.0,80.0
test,2024-08-18 17:30:00+00:00,12,1,RandomForest,6.0,80.5
test,2024-08-18 17:30:00+00:00,12,3,Immediate,0.0,120.0
test,2024-08-18 17:30:00+00:00,12,3,Oracle,4.0,79.33333333333333
test,2024-08-18 17:30:00+00:00,12,3,Persistence,0.0,120.0
test,2024-08-18 17:30:00+00:00,12,3,DailySeasonal,9.0,105.66666666666667
test,2024-08-18 17:30:00+00:00,12,3,WeeklySeasonal,7.0,85.83333333333333
test,2024-08-18 17:30:00+00:00,12,3,Climatology,5.0,80.0
test,2024-08-18 17:30:00+00:00,12,3,HistGradientBoosting,3.5,79.5
test,2024-08-18 17:30:00+00:00,12,3,RandomForest,5.5,80.33333333333333
test,2024-08-18 17:30:00+00:00,12,6,Immediate,0.0,102.66666666666667
test,2024-08-18 17:30:00+00:00,12,6,Oracle,3.5,81.16666666666667
test,2024-08-18 17:30:00+00:00,12,6,Persistence,0.0,102.66666666666667
test,2024-08-18 17:30:00+00:00,12,6,DailySeasonal,6.0,93.33333333333333
test,2024-08-18 17:30:00+00:00,12,6,WeeklySeasonal,4.0,82.58333333333333
test,2024-08-18 17:30:00+00:00,12,6,Climatology,4.0,82.58333333333333
test,2024-08-18 17:30:00+00:00,12,6,HistGradientBoosting,3.5,81.16666666666667
test,2024-08-18 17:30:00+00:00,12,6,RandomForest,3.5,81.16666666666667
test,2024-08-18 17:30:00+00:00,6,3,Immediate,0.0,120.0
test,2024-08-18 17:30:00+00:00,6,3,Oracle,3.0,85.33333333333333
test,2024-08-18 17:30:00+00:00,6,3,Persistence,0.0,120.0
test,2024-08-18 17:30:00+00:00,6,3,DailySeasonal,3.0,85.33333333333333
test,2024-08-18 17:30:00+00:00,6,3,WeeklySeasonal,3.0,85.33333333333333
test,2024-08-18 17:30:00+00:00,6,3,Climatology,3.0,85.33333333333333
test,2024-08-18 17:30:00+00:00,6,3,HistGradientBoosting,3.0,85.33333333333333
test,2024-08-18 17:30:00+00:00,6,3,RandomForest,3.0,85.33333333333333
test,2024-08-18 17:30:00+00:00,24,3,Immediate,0.0,120.0
test,2024-08-18 17:30:00+00:00,24,3,Oracle,18.5,50.5
test,2024-08-18 17:30:00+00:00,24,3,Persistence,0.0,120.0
test,2024-08-18 17:30:00+00:00,24,3,DailySeasonal,18.0,51.0
test,2024-08-18 17:30:00+00:00,24,3,WeeklySeasonal,7.0,85.83333333333333
test,2024-08-18 17:30:00+00:00,24,3,Climatology,5.0,80.0
test,2024-08-18 17:30:00+00:00,24,3,HistGradientBoosting,3.5,79.5
test,2024-08-18 17:30:00+00:00,24,3,RandomForest,5.5,80.33333333333333
test,2024-08-19 17:30:00+00:00,12,1,Immediate,0.0,79.0
test,2024-08-19 17:30:00+00:00,12,1,Oracle,6.5,41.5
test,2024-08-19 17:30:00+00:00,12,1,Persistence,0.0,79.0
test,2024-08-19 17:30:00+00:00,12,1,DailySeasonal,4.0,70.5
test,2024-08-19 17:30:00+00:00,12,1,WeeklySeasonal,5.5,45.5
test,2024-08-19 17:30:00+00:00,12,1,Climatology,5.0,58.0
test,2024-08-19 17:30:00+00:00,12,1,HistGradientBoosting,4.5,69.0
test,2024-08-19 17:30:00+00:00,12,1,RandomForest,4.5,69.0
test,2024-08-19 17:30:00+00:00,12,3,Immediate,0.0,75.16666666666667
test,2024-08-19 17:30:00+00:00,12,3,Oracle,6.0,43.333333333333336
test,2024-08-19 17:30:00+00:00,12,3,Persistence,0.0,75.16666666666667
test,2024-08-19 17:30:00+00:00,12,3,DailySeasonal,4.0,56.833333333333336
test,2024-08-19 17:30:00+00:00,12,3,WeeklySeasonal,4.0,56.833333333333336
test,2024-08-19 17:30:00+00:00,12,3,Climatology,5.0,48.166666666666664
test,2024-08-19 17:30:00+00:00,12,3,HistGradientBoosting,3.5,61.833333333333336
test,2024-08-19 17:30:00+00:00,12,3,RandomForest,4.0,56.833333333333336
test,2024-08-19 17:30:00+00:00,12,6,Immediate,0.0,70.0
test,2024-08-19 17:30:00+00:00,12,6,Oracle,5.5,48.333333333333336
test,2024-08-19 17:30:00+00:00,12,6,Persistence,0.0,70.0
test,2024-08-19 17:30:00+00:00,12,6,DailySeasonal,3.5,53.416666666666664
test,2024-08-19 17:30:00+00:00,12,6,WeeklySeasonal,4.0,52.083333333333336
test,2024-08-19 17:30:00+00:00,12,6,Climatology,4.0,52.083333333333336
test,2024-08-19 17:30:00+00:00,12,6,HistGradientBoosting,0.0,70.0
test,2024-08-19 17:30:00+00:00,12,6,RandomForest,0.0,70.0
test,2024-08-19 17:30:00+00:00,6,3,Immediate,0.0,75.16666666666667
test,2024-08-19 17:30:00+00:00,6,3,Oracle,3.0,64.83333333333333
test,2024-08-19 17:30:00+00:00,6,3,Persistence,0.0,75.16666666666667
test,2024-08-19 17:30:00+00:00,6,3,DailySeasonal,3.0,64.83333333333333
test,2024-08-19 17:30:00+00:00,6,3,WeeklySeasonal,3.0,64.83333333333333
test,2024-08-19 17:30:00+00:00,6,3,Climatology,3.0,64.83333333333333
test,2024-08-19 17:30:00+00:00,6,3,HistGradientBoosting,3.0,64.83333333333333
test,2024-08-19 17:30:00+00:00,6,3,RandomForest,3.0,64.83333333333333
test,2024-08-19 17:30:00+00:00,24,3,Immediate,0.0,75.16666666666667
test,2024-08-19 17:30:00+00:00,24,3,Oracle,16.5,27.0
test,2024-08-19 17:30:00+00:00,24,3,Persistence,0.0,75.16666666666667
test,2024-08-19 17:30:00+00:00,24,3,DailySeasonal,18.5,38.5
test,2024-08-19 17:30:00+00:00,24,3,WeeklySeasonal,16.0,28.166666666666668
test,2024-08-19 17:30:00+00:00,24,3,Climatology,5.0,48.166666666666664
test,2024-08-19 17:30:00+00:00,24,3,HistGradientBoosting,3.5,61.833333333333336
test,2024-08-19 17:30:00+00:00,24,3,RandomForest,4.0,56.833333333333336
test,2024-08-20 17:30:00+00:00,12,1,Immediate,0.0,76.0
test,2024-08-20 17:30:00+00:00,12,1,Oracle,3.5,51.0
test,2024-08-20 17:30:00+00:00,12,1,Persistence,0.0,76.0
test,2024-08-20 17:30:00+00:00,12,1,DailySeasonal,6.5,59.0
test,2024-08-20 17:30:00+00:00,12,1,WeeklySeasonal,8.5,56.5
test,2024-08-20 17:30:00+00:00,12,1,Climatology,7.5,57.0
test,2024-08-20 17:30:00+00:00,12,1,HistGradientBoosting,4.5,56.5
test,2024-08-20 17:30:00+00:00,12,1,RandomForest,6.0,63.5
test,2024-08-20 17:30:00+00:00,12,3,Immediate,0.0,67.16666666666667
test,2024-08-20 17:30:00+00:00,12,3,Oracle,2.0,52.666666666666664
test,2024-08-20 17:30:00+00:00,12,3,Persistence,0.0,67.16666666666667
test,2024-08-20 17:30:00+00:00,12,3,DailySeasonal,6.0,59.333333333333336
test,2024-08-20 17:30:00+00:00,12,3,WeeklySeasonal,7.5,55.833333333333336
test,2024-08-20 17:30:00+00:00,12,3,Climatology,7.0,56.0
test,2024-08-20 17:30:00+00:00,12,3,HistGradientBoosting,2.5,53.333333333333336
test,2024-08-20 17:30:00+00:00,12,3,RandomForest,4.0,59.5
test,2024-08-20 17:30:00+00:00,12,6,Immediate,0.0,61.333333333333336
test,2024-08-20 17:30:00+00:00,12,6,Oracle,6.0,56.833333333333336
test,2024-08-20 17:30:00+00:00,12,6,Persistence,0.0,61.333333333333336
test,2024-08-20 17:30:00+00:00,12,6,DailySeasonal,5.5,57.75
test,2024-08-20 17:30:00+00:00,12,6,WeeklySeasonal,4.5,58.416666666666664
test,2024-08-20 17:30:00+00:00,12,6,Climatology,5.0,58.25
test,2024-08-20 17:30:00+00:00,12,6,HistGradientBoosting,0.0,61.333333333333336
test,2024-08-20 17:30:00+00:00,12,6,RandomForest,2.0,57.25
test,2024-08-20 17:30:00+00:00,6,3,Immediate,0.0,67.16666666666667
test,2024-08-20 17:30:00+00:00,6,3,Oracle,2.0,52.666666666666664
test,2024-08-20 17:30:00+00:00,6,3,Persistence,0.0,67.16666666666667
test,2024-08-20 17:30:00+00:00,6,3,DailySeasonal,3.0,55.5
test,2024-08-20 17:30:00+00:00,6,3,WeeklySeasonal,3.0,55.5
test,2024-08-20 17:30:00+00:00,6,3,Climatology,3.0,55.5
test,2024-08-20 17:30:00+00:00,6,3,HistGradientBoosting,2.5,53.333333333333336
test,2024-08-20 17:30:00+00:00,6,3,RandomForest,3.0,55.5
test,2024-08-20 17:30:00+00:00,24,3,Immediate,0.0,67.16666666666667
test,2024-08-20 17:30:00+00:00,24,3,Oracle,14.0,30.333333333333332
test,2024-08-20 17:30:00+00:00,24,3,Persistence,0.0,67.16666666666667
test,2024-08-20 17:30:00+00:00,24,3,DailySeasonal,16.5,43.5
test,2024-08-20 17:30:00+00:00,24,3,WeeklySeasonal,7.5,55.833333333333336
test,2024-08-20 17:30:00+00:00,24,3,Climatology,17.0,47.666666666666664
test,2024-08-20 17:30:00+00:00,24,3,HistGradientBoosting,2.5,53.333333333333336
test,2024-08-20 17:30:00+00:00,24,3,RandomForest,4.0,59.5
test,2024-08-21 17:30:00+00:00,12,1,Immediate,0.0,84.0
test,2024-08-21 17:30:00+00:00,12,1,Oracle,9.0,57.5
test,2024-08-21 17:30:00+00:00,12,1,Persistence,0.0,84.0
test,2024-08-21 17:30:00+00:00,12,1,DailySeasonal,3.5,85.0
test,2024-08-21 17:30:00+00:00,12,1,WeeklySeasonal,11.0,60.0
test,2024-08-21 17:30:00+00:00,12,1,Climatology,7.5,62.5
test,2024-08-21 17:30:00+00:00,12,1,HistGradientBoosting,2.5,82.0
test,2024-08-21 17:30:00+00:00,12,1,RandomForest,6.0,66.0
test,2024-08-21 17:30:00+00:00,12,3,Immediate,0.0,84.66666666666667
test,2024-08-21 17:30:00+00:00,12,3,Oracle,8.0,58.666666666666664
test,2024-08-21 17:30:00+00:00,12,3,Persistence,0.0,84.66666666666667
test,2024-08-21 17:30:00+00:00,12,3,DailySeasonal,2.0,82.5
test,2024-08-21 17:30:00+00:00,12,3,WeeklySeasonal,9.0,58.833333333333336
test,2024-08-21 17:30:00+00:00,12,3,Climatology,5.5,65.66666666666667
test,2024-08-21 17:30:00+00:00,12,3,HistGradientBoosting,2.5,80.83333333333333
test,2024-08-21 17:30:00+00:00,12,3,RandomForest,4.0,72.66666666666667
test,2024-08-21 17:30:00+00:00,12,6,Immediate,0.0,81.83333333333333
test,2024-08-21 17:30:00+00:00,12,6,Oracle,6.0,61.166666666666664
test,2024-08-21 17:30:00+00:00,12,6,Persistence,0.0,81.83333333333333
test,2024-08-21 17:30:00+00:00,12,6,DailySeasonal,6.0,61.166666666666664
test,2024-08-21 17:30:00+00:00,12,6,WeeklySeasonal,6.0,61.166666666666664
test,2024-08-21 17:30:00+00:00,12,6,Climatology,4.0,66.66666666666667
test,2024-08-21 17:30:00+00:00,12,6,HistGradientBoosting,0.0,81.83333333333333
test,2024-08-21 17:30:00+00:00,12,6,RandomForest,2.5,73.25
test,2024-08-21 17:30:00+00:00,6,3,Immediate,0.0,84.66666666666667
test,2024-08-21 17:30:00+00:00,6,3,Oracle,3.0,79.0
test,2024-08-21 17:30:00+00:00,6,3,Persistence,0.0,84.66666666666667
test,2024-08-21 17:30:00+00:00,6,3,DailySeasonal,2.0,82.5
test,2024-08-21 17:30:00+00:00,6,3,WeeklySeasonal,3.0,79.0
test,2024-08-21 17:30:00+00:00,6,3,Climatology,3.0,79.0
test,2024-08-21 17:30:00+00:00,6,3,HistGradientBoosting,2.5,80.83333333333333
test,2024-08-21 17:30:00+00:00,6,3,RandomForest,3.0,79.0
test,2024-08-21 17:30:00+00:00,24,3,Immediate,0.0,84.66666666666667
test,2024-08-21 17:30:00+00:00,24,3,Oracle,14.5,40.833333333333336
test,2024-08-21 17:30:00+00:00,24,3,Persistence,0.0,84.66666666666667
test,2024-08-21 17:30:00+00:00,24,3,DailySeasonal,14.0,41.166666666666664
test,2024-08-21 17:30:00+00:00,24,3,WeeklySeasonal,17.0,42.0
test,2024-08-21 17:30:00+00:00,24,3,Climatology,5.5,65.66666666666667
test,2024-08-21 17:30:00+00:00,24,3,HistGradientBoosting,2.5,80.83333333333333
test,2024-08-21 17:30:00+00:00,24,3,RandomForest,4.0,72.66666666666667
test,2024-08-22 17:30:00+00:00,12,1,Immediate,0.0,109.5
test,2024-08-22 17:30:00+00:00,12,1,Oracle,11.0,49.5
test,2024-08-22 17:30:00+00:00,12,1,Persistence,0.0,109.5
test,2024-08-22 17:30:00+00:00,12,1,DailySeasonal,9.0,53.5
test,2024-08-22 17:30:00+00:00,12,1,WeeklySeasonal,9.0,53.5
test,2024-08-22 17:30:00+00:00,12,1,Climatology,7.5,56.0
test,2024-08-22 17:30:00+00:00,12,1,HistGradientBoosting,2.5,73.0
test,2024-08-22 17:30:00+00:00,12,1,RandomForest,4.0,63.0
test,2024-08-22 17:30:00+00:00,12,3,Immediate,0.0,94.0
test,2024-08-22 17:30:00+00:00,12,3,Oracle,9.0,51.666666666666664
test,2024-08-22 17:30:00+00:00,12,3,Persistence,0.0,94.0
test,2024-08-22 17:30:00+00:00,12,3,DailySeasonal,8.0,53.166666666666664
test,2024-08-22 17:30:00+00:00,12,3,WeeklySeasonal,4.5,63.833333333333336
test,2024-08-22 17:30:00+00:00,12,3,Climatology,6.5,57.5
test,2024-08-22 17:30:00+00:00,12,3,HistGradientBoosting,2.5,66.0
test,2024-08-22 17:30:00+00:00,12,3,RandomForest,3.0,64.0
test,2024-08-22 17:30:00+00:00,12,6,Immediate,0.0,79.0
test,2024-08-22 17:30:00+00:00,12,6,Oracle,6.0,55.833333333333336
test,2024-08-22 17:30:00+00:00,12,6,Persistence,0.0,79.0
test,2024-08-22 17:30:00+00:00,12,6,DailySeasonal,6.0,55.833333333333336
test,2024-08-22 17:30:00+00:00,12,6,WeeklySeasonal,4.5,58.916666666666664
test,2024-08-22 17:30:00+00:00,12,6,Climatology,4.5,58.916666666666664
test,2024-08-22 17:30:00+00:00,12,6,HistGradientBoosting,2.0,65.91666666666667
test,2024-08-22 17:30:00+00:00,12,6,RandomForest,1.5,68.75
test,2024-08-22 17:30:00+00:00,6,3,Immediate,0.0,94.0
test,2024-08-22 17:30:00+00:00,6,3,Oracle,3.0,64.0
test,2024-08-22 17:30:00+00:00,6,3,Persistence,0.0,94.0
test,2024-08-22 17:30:00+00:00,6,3,DailySeasonal,3.0,64.0
test,2024-08-22 17:30:00+00:00,6,3,WeeklySeasonal,0.0,94.0
test,2024-08-22 17:30:00+00:00,6,3,Climatology,3.0,64.0
test,2024-08-22 17:30:00+00:00,6,3,HistGradientBoosting,2.5,66.0
test,2024-08-22 17:30:00+00:00,6,3,RandomForest,3.0,64.0
test,2024-08-22 17:30:00+00:00,24,3,Immediate,0.0,94.0
test,2024-08-22 17:30:00+00:00,24,3,Oracle,15.5,28.333333333333332
test,2024-08-22 17:30:00+00:00,24,3,Persistence,0.0,94.0
test,2024-08-22 17:30:00+00:00,24,3,DailySeasonal,14.5,30.0
test,2024-08-22 17:30:00+00:00,24,3,WeeklySeasonal,16.5,29.333333333333332
test,2024-08-22 17:30:00+00:00,24,3,Climatology,17.0,30.5
test,2024-08-22 17:30:00+00:00,24,3,HistGradientBoosting,2.5,66.0
test,2024-08-22 17:30:00+00:00,24,3,RandomForest,3.0,64.0
test,2024-08-23 17:30:00+00:00,12,1,Immediate,0.0,101.0
test,2024-08-23 17:30:00+00:00,12,1,Oracle,8.5,54.5
test,2024-08-23 17:30:00+00:00,12,1,Persistence,0.0,101.0
test,2024-08-23 17:30:00+00:00,12,1,DailySeasonal,11.0,58.5
test,2024-08-23 17:30:00+00:00,12,1,WeeklySeasonal,11.0,58.5
test,2024-08-23 17:30:00+00:00,12,1,Climatology,7.5,56.0
test,2024-08-23 17:30:00+00:00,12,1,HistGradientBoosting,7.5,56.0
test,2024-08-23 17:30:00+00:00,12,1,RandomForest,4.5,57.5
test,2024-08-23 17:30:00+00:00,12,3,Immediate,0.0,96.0
test,2024-08-23 17:30:00+00:00,12,3,Oracle,6.5,55.166666666666664
test,2024-08-23 17:30:00+00:00,12,3,Persistence,0.0,96.0
test,2024-08-23 17:30:00+00:00,12,3,DailySeasonal,9.0,56.666666666666664
test,2024-08-23 17:30:00+00:00,12,3,WeeklySeasonal,9.0,56.666666666666664
test,2024-08-23 17:30:00+00:00,12,3,Climatology,7.0,55.333333333333336
test,2024-08-23 17:30:00+00:00,12,3,HistGradientBoosting,2.5,65.66666666666667
test,2024-08-23 17:30:00+00:00,12,3,RandomForest,4.0,57.833333333333336
test,2024-08-23 17:30:00+00:00,12,6,Immediate,0.0,79.0
test,2024-08-23 17:30:00+00:00,12,6,Oracle,5.0,56.083333333333336
test,2024-08-23 17:30:00+00:00,12,6,Persistence,0.0,79.0
test,2024-08-23 17:30:00+00:00,12,6,DailySeasonal,6.0,56.166666666666664
test,2024-08-23 17:30:00+00:00,12,6,WeeklySeasonal,6.0,56.166666666666664
test,2024-08-23 17:30:00+00:00,12,6,Climatology,6.0,56.166666666666664
test,2024-08-23 17:30:00+00:00,12,6,HistGradientBoosting,2.5,61.166666666666664
test,2024-08-23 17:30:00+00:00,12,6,RandomForest,2.5,61.166666666666664
test,2024-08-23 17:30:00+00:00,6,3,Immediate,0.0,96.0
test,2024-08-23 17:30:00+00:00,6,3,Oracle,3.0,62.0
test,2024-08-23 17:30:00+00:00,6,3,Persistence,0.0,96.0
test,2024-08-23 17:30:00+00:00,6,3,DailySeasonal,3.0,62.0
test,2024-08-23 17:30:00+00:00,6,3,WeeklySeasonal,3.0,62.0
test,2024-08-23 17:30:00+00:00,6,3,Climatology,3.0,62.0
test,2024-08-23 17:30:00+00:00,6,3,HistGradientBoosting,2.5,65.66666666666667
test,2024-08-23 17:30:00+00:00,6,3,RandomForest,3.0,62.0
test,2024-08-23 17:30:00+00:00,24,3,Immediate,0.0,96.0
test,2024-08-23 17:30:00+00:00,24,3,Oracle,18.5,38.666666666666664
test,2024-08-23 17:30:00+00:00,24,3,Persistence,0.0,96.0
test,2024-08-23 17:30:00+00:00,24,3,DailySeasonal,15.5,50.0
test,2024-08-23 17:30:00+00:00,24,3,WeeklySeasonal,17.0,42.166666666666664
test,2024-08-23 17:30:00+00:00,24,3,Climatology,17.0,42.166666666666664
test,2024-08-23 17:30:00+00:00,24,3,HistGradientBoosting,2.5,65.66666666666667
test,2024-08-23 17:30:00+00:00,24,3,RandomForest,4.0,57.833333333333336
test,2024-08-24 17:30:00+00:00,12,1,Immediate,0.0,62.5
test,2024-08-24 17:30:00+00:00,12,1,Oracle,1.5,48.0
test,2024-08-24 17:30:00+00:00,12,1,Persistence,0.0,62.5
test,2024-08-24 17:30:00+00:00,12,1,DailySeasonal,8.5,54.0
test,2024-08-24 17:30:00+00:00,12,1,WeeklySeasonal,11.0,56.0
test,2024-08-24 17:30:00+00:00,12,1,Climatology,9.0,54.0
test,2024-08-24 17:30:00+00:00,12,1,HistGradientBoosting,0.0,62.5
test,2024-08-24 17:30:00+00:00,12,1,RandomForest,1.5,48.0
test,2024-08-24 17:30:00+00:00,12,3,Immediate,0.0,55.0
test,2024-08-24 17:30:00+00:00,12,3,Oracle,1.5,50.666666666666664
test,2024-08-24 17:30:00+00:00,12,3,Persistence,0.0,55.0
test,2024-08-24 17:30:00+00:00,12,3,DailySeasonal,6.5,52.333333333333336
test,2024-08-24 17:30:00+00:00,12,3,WeeklySeasonal,9.0,55.833333333333336
test,2024-08-24 17:30:00+00:00,12,3,Climatology,9.0,55.833333333333336
test,2024-08-24 17:30:00+00:00,12,3,HistGradientBoosting,0.0,55.0
test,2024-08-24 17:30:00+00:00,12,3,RandomForest,0.0,55.0
test,2024-08-24 17:30:00+00:00,12,6,Immediate,0.0,54.25
test,2024-08-24 17:30:00+00:00,12,6,Oracle,1.5,51.833333333333336
test,2024-08-24 17:30:00+00:00,12,6,Persistence,0.0,54.25
test,2024-08-24 17:30:00+00:00,12,6,DailySeasonal,5.0,53.666666666666664
test,2024-08-24 17:30:00+00:00,12,6,WeeklySeasonal,6.0,53.833333333333336
test,2024-08-24 17:30:00+00:00,12,6,Climatology,6.0,53.833333333333336
test,2024-08-24 17:30:00+00:00,12,6,HistGradientBoosting,0.0,54.25
test,2024-08-24 17:30:00+00:00,12,6,RandomForest,0.0,54.25
test,2024-08-24 17:30:00+00:00,6,3,Immediate,0.0,55.0
test,2024-08-24 17:30:00+00:00,6,3,Oracle,1.5,50.666666666666664
test,2024-08-24 17:30:00+00:00,6,3,Persistence,0.0,55.0
test,2024-08-24 17:30:00+00:00,6,3,DailySeasonal,3.0,53.5
test,2024-08-24 17:30:00+00:00,6,3,WeeklySeasonal,3.0,53.5
test,2024-08-24 17:30:00+00:00,6,3,Climatology,3.0,53.5
test,2024-08-24 17:30:00+00:00,6,3,HistGradientBoosting,0.0,55.0
test,2024-08-24 17:30:00+00:00,6,3,RandomForest,0.0,55.0
test,2024-08-24 17:30:00+00:00,24,3,Immediate,0.0,55.0
test,2024-08-24 17:30:00+00:00,24,3,Oracle,16.0,38.833333333333336
test,2024-08-24 17:30:00+00:00,24,3,Persistence,0.0,55.0
test,2024-08-24 17:30:00+00:00,24,3,DailySeasonal,18.5,43.166666666666664
test,2024-08-24 17:30:00+00:00,24,3,WeeklySeasonal,18.0,41.833333333333336
test,2024-08-24 17:30:00+00:00,24,3,Climatology,16.0,38.833333333333336
test,2024-08-24 17:30:00+00:00,24,3,HistGradientBoosting,0.0,55.0
test,2024-08-24 17:30:00+00:00,24,3,RandomForest,0.0,55.0
test,2024-08-25 17:30:00+00:00,12,1,Immediate,0.0,51.5
test,2024-08-25 17:30:00+00:00,12,1,Oracle,0.0,51.5
test,2024-08-25 17:30:00+00:00,12,1,Persistence,0.0,51.5
test,2024-08-25 17:30:00+00:00,12,1,DailySeasonal,1.5,58.0
test,2024-08-25 17:30:00+00:00,12,1,WeeklySeasonal,4.0,60.0
test,2024-08-25 17:30:00+00:00,12,1,Climatology,5.0,65.0
test,2024-08-25 17:30:00+00:00,12,1,HistGradientBoosting,0.0,51.5
test,2024-08-25 17:30:00+00:00,12,1,RandomForest,0.0,51.5
test,2024-08-25 17:30:00+00:00,12,3,Immediate,0.0,55.166666666666664
test,2024-08-25 17:30:00+00:00,12,3,Oracle,0.0,55.166666666666664
test,2024-08-25 17:30:00+00:00,12,3,Persistence,0.0,55.166666666666664
test,2024-08-25 17:30:00+00:00,12,3,DailySeasonal,1.5,56.333333333333336
test,2024-08-25 17:30:00+00:00,12,3,WeeklySeasonal,4.0,62.833333333333336
test,2024-08-25 17:30:00+00:00,12,3,Climatology,5.0,62.833333333333336
test,2024-08-25 17:30:00+00:00,12,3,HistGradientBoosting,0.0,55.166666666666664
test,2024-08-25 17:30:00+00:00,12,3,RandomForest,0.0,55.166666666666664
test,2024-08-25 17:30:00+00:00,12,6,Immediate,0.0,57.5
test,2024-08-25 17:30:00+00:00,12,6,Oracle,0.0,57.5
test,2024-08-25 17:30:00+00:00,12,6,Persistence,0.0,57.5
test,2024-08-25 17:30:00+00:00,12,6,DailySeasonal,1.5,59.666666666666664
test,2024-08-25 17:30:00+00:00,12,6,WeeklySeasonal,3.5,61.416666666666664
test,2024-08-25 17:30:00+00:00,12,6,Climatology,4.0,62.5
test,2024-08-25 17:30:00+00:00,12,6,HistGradientBoosting,0.0,57.5
test,2024-08-25 17:30:00+00:00,12,6,RandomForest,0.0,57.5
test,2024-08-25 17:30:00+00:00,6,3,Immediate,0.0,55.166666666666664
test,2024-08-25 17:30:00+00:00,6,3,Oracle,0.0,55.166666666666664
test,2024-08-25 17:30:00+00:00,6,3,Persistence,0.0,55.166666666666664
test,2024-08-25 17:30:00+00:00,6,3,DailySeasonal,1.5,56.333333333333336
test,2024-08-25 17:30:00+00:00,6,3,WeeklySeasonal,3.0,59.833333333333336
test,2024-08-25 17:30:00+00:00,6,3,Climatology,3.0,59.833333333333336
test,2024-08-25 17:30:00+00:00,6,3,HistGradientBoosting,0.0,55.166666666666664
test,2024-08-25 17:30:00+00:00,6,3,RandomForest,0.0,55.166666666666664
test,2024-08-25 17:30:00+00:00,24,3,Immediate,0.0,55.166666666666664
test,2024-08-25 17:30:00+00:00,24,3,Oracle,17.0,46.0
test,2024-08-25 17:30:00+00:00,24,3,Persistence,0.0,55.166666666666664
test,2024-08-25 17:30:00+00:00,24,3,DailySeasonal,16.0,47.5
test,2024-08-25 17:30:00+00:00,24,3,WeeklySeasonal,18.5,54.333333333333336
test,2024-08-25 17:30:00+00:00,24,3,Climatology,5.0,62.833333333333336
test,2024-08-25 17:30:00+00:00,24,3,HistGradientBoosting,0.0,55.166666666666664
test,2024-08-25 17:30:00+00:00,24,3,RandomForest,0.0,55.166666666666664
test,2024-08-26 17:30:00+00:00,12,1,Immediate,0.0,151.5
test,2024-08-26 17:30:00+00:00,12,1,Oracle,5.0,84.0
test,2024-08-26 17:30:00+00:00,12,1,Persistence,0.0,151.5
test,2024-08-26 17:30:00+00:00,12,1,DailySeasonal,0.0,151.5
test,2024-08-26 17:30:00+00:00,12,1,WeeklySeasonal,6.5,91.5
test,2024-08-26 17:30:00+00:00,12,1,Climatology,5.0,84.0
test,2024-08-26 17:30:00+00:00,12,1,HistGradientBoosting,4.5,86.0
test,2024-08-26 17:30:00+00:00,12,1,RandomForest,4.0,88.5
test,2024-08-26 17:30:00+00:00,12,3,Immediate,0.0,151.0
test,2024-08-26 17:30:00+00:00,12,3,Oracle,4.0,88.16666666666667
test,2024-08-26 17:30:00+00:00,12,3,Persistence,0.0,151.0
test,2024-08-26 17:30:00+00:00,12,3,DailySeasonal,0.0,151.0
test,2024-08-26 17:30:00+00:00,12,3,WeeklySeasonal,6.0,91.5
test,2024-08-26 17:30:00+00:00,12,3,Climatology,5.0,88.16666666666667
test,2024-08-26 17:30:00+00:00,12,3,HistGradientBoosting,3.5,89.33333333333333
test,2024-08-26 17:30:00+00:00,12,3,RandomForest,3.0,96.33333333333333
test,2024-08-26 17:30:00+00:00,12,6,Immediate,0.0,123.66666666666667
test,2024-08-26 17:30:00+00:00,12,6,Oracle,4.0,90.58333333333333
test,2024-08-26 17:30:00+00:00,12,6,Persistence,0.0,123.66666666666667
test,2024-08-26 17:30:00+00:00,12,6,DailySeasonal,0.0,123.66666666666667
test,2024-08-26 17:30:00+00:00,12,6,WeeklySeasonal,5.5,92.33333333333333
test,2024-08-26 17:30:00+00:00,12,6,Climatology,4.0,90.58333333333333
test,2024-08-26 17:30:00+00:00,12,6,HistGradientBoosting,2.0,103.16666666666667
test,2024-08-26 17:30:00+00:00,12,6,RandomForest,3.5,91.08333333333333
test,2024-08-26 17:30:00+00:00,6,3,Immediate,0.0,151.0
test,2024-08-26 17:30:00+00:00,6,3,Oracle,3.0,96.33333333333333
test,2024-08-26 17:30:00+00:00,6,3,Persistence,0.0,151.0
test,2024-08-26 17:30:00+00:00,6,3,DailySeasonal,0.0,151.0
test,2024-08-26 17:30:00+00:00,6,3,WeeklySeasonal,3.0,96.33333333333333
test,2024-08-26 17:30:00+00:00,6,3,Climatology,3.0,96.33333333333333
test,2024-08-26 17:30:00+00:00,6,3,HistGradientBoosting,3.0,96.33333333333333
test,2024-08-26 17:30:00+00:00,6,3,RandomForest,3.0,96.33333333333333
test,2024-08-26 17:30:00+00:00,24,3,Immediate,0.0,151.0
test,2024-08-26 17:30:00+00:00,24,3,Oracle,15.5,55.0
test,2024-08-26 17:30:00+00:00,24,3,Persistence,0.0,151.0
test,2024-08-26 17:30:00+00:00,24,3,DailySeasonal,17.0,55.5
test,2024-08-26 17:30:00+00:00,24,3,WeeklySeasonal,16.5,55.5
test,2024-08-26 17:30:00+00:00,24,3,Climatology,5.0,88.16666666666667
test,2024-08-26 17:30:00+00:00,24,3,HistGradientBoosting,14.0,68.33333333333333
test,2024-08-26 17:30:00+00:00,24,3,RandomForest,18.5,67.5
test,2024-08-27 17:30:00+00:00,12,1,Immediate,0.0,151.0
test,2024-08-27 17:30:00+00:00,12,1,Oracle,4.5,66.0
test,2024-08-27 17:30:00+00:00,12,1,Persistence,0.0,151.0
test,2024-08-27 17:30:00+00:00,12,1,DailySeasonal,5.0,66.5
test,2024-08-27 17:30:00+00:00,12,1,WeeklySeasonal,3.5,73.0
test,2024-08-27 17:30:00+00:00,12,1,Climatology,7.5,80.0
test,2024-08-27 17:30:00+00:00,12,1,HistGradientBoosting,4.0,66.5
test,2024-08-27 17:30:00+00:00,12,1,RandomForest,5.5,70.0
test,2024-08-27 17:30:00+00:00,12,3,Immediate,0.0,139.83333333333334
test,2024-08-27 17:30:00+00:00,12,3,Oracle,3.5,69.66666666666667
test,2024-08-27 17:30:00+00:00,12,3,Persistence,0.0,139.83333333333334
test,2024-08-27 17:30:00+00:00,12,3,DailySeasonal,4.0,69.66666666666667
test,2024-08-27 17:30:00+00:00,12,3,WeeklySeasonal,2.0,94.83333333333333
test,2024-08-27 17:30:00+00:00,12,3,Climatology,7.0,84.83333333333333
test,2024-08-27 17:30:00+00:00,12,3,HistGradientBoosting,4.0,69.66666666666667
test,2024-08-27 17:30:00+00:00,12,3,RandomForest,4.5,72.16666666666667
test,2024-08-27 17:30:00+00:00,12,6,Immediate,0.0,107.5
test,2024-08-27 17:30:00+00:00,12,6,Oracle,3.5,75.75
test,2024-08-27 17:30:00+00:00,12,6,Persistence,0.0,107.5
test,2024-08-27 17:30:00+00:00,12,6,DailySeasonal,4.0,77.25
test,2024-08-27 17:30:00+00:00,12,6,WeeklySeasonal,6.0,97.5
test,2024-08-27 17:30:00+00:00,12,6,Climatology,5.0,85.75
test,2024-08-27 17:30:00+00:00,12,6,HistGradientBoosting,3.5,75.75
test,2024-08-27 17:30:00+00:00,12,6,RandomForest,3.5,75.75
test,2024-08-27 17:30:00+00:00,6,3,Immediate,0.0,139.83333333333334
test,2024-08-27 17:30:00+00:00,6,3,Oracle,3.0,75.16666666666667
test,2024-08-27 17:30:00+00:00,6,3,Persistence,0.0,139.83333333333334
test,2024-08-27 17:30:00+00:00,6,3,DailySeasonal,3.0,75.16666666666667
test,2024-08-27 17:30:00+00:00,6,3,WeeklySeasonal,2.0,94.83333333333333
test,2024-08-27 17:30:00+00:00,6,3,Climatology,3.0,75.16666666666667
test,2024-08-27 17:30:00+00:00,6,3,HistGradientBoosting,3.0,75.16666666666667
test,2024-08-27 17:30:00+00:00,6,3,RandomForest,3.0,75.16666666666667
test,2024-08-27 17:30:00+00:00,24,3,Immediate,0.0,139.83333333333334
test,2024-08-27 17:30:00+00:00,24,3,Oracle,3.5,69.66666666666667
test,2024-08-27 17:30:00+00:00,24,3,Persistence,0.0,139.83333333333334
test,2024-08-27 17:30:00+00:00,24,3,DailySeasonal,15.5,105.0
test,2024-08-27 17:30:00+00:00,24,3,WeeklySeasonal,14.0,125.16666666666667
test,2024-08-27 17:30:00+00:00,24,3,Climatology,17.0,96.33333333333333
test,2024-08-27 17:30:00+00:00,24,3,HistGradientBoosting,18.0,101.33333333333333
test,2024-08-27 17:30:00+00:00,24,3,RandomForest,18.0,101.33333333333333
test,2024-08-28 17:30:00+00:00,12,1,Immediate,0.0,196.0
test,2024-08-28 17:30:00+00:00,12,1,Oracle,6.0,98.5
test,2024-08-28 17:30:00+00:00,12,1,Persistence,0.0,196.0
test,2024-08-28 17:30:00+00:00,12,1,DailySeasonal,4.5,115.0
test,2024-08-28 17:30:00+00:00,12,1,WeeklySeasonal,9.0,128.0
test,2024-08-28 17:30:00+00:00,12,1,Climatology,7.5,111.5
test,2024-08-28 17:30:00+00:00,12,1,HistGradientBoosting,5.0,110.0
test,2024-08-28 17:30:00+00:00,12,1,RandomForest,8.0,113.5
test,2024-08-28 17:30:00+00:00,12,3,Immediate,0.0,197.66666666666666
test,2024-08-28 17:30:00+00:00,12,3,Oracle,5.5,104.66666666666667
test,2024-08-28 17:30:00+00:00,12,3,Persistence,0.0,197.66666666666666
test,2024-08-28 17:30:00+00:00,12,3,DailySeasonal,3.5,113.5
test,2024-08-28 17:30:00+00:00,12,3,WeeklySeasonal,8.0,129.66666666666666
test,2024-08-28 17:30:00+00:00,12,3,Climatology,5.5,104.66666666666667
test,2024-08-28 17:30:00+00:00,12,3,HistGradientBoosting,4.0,107.83333333333333
test,2024-08-28 17:30:00+00:00,12,3,RandomForest,7.0,116.16666666666667
test,2024-08-28 17:30:00+00:00,12,6,Immediate,0.0,161.58333333333334
test,2024-08-28 17:30:00+00:00,12,6,Oracle,3.5,111.91666666666667
test,2024-08-28 17:30:00+00:00,12,6,Persistence,0.0,161.58333333333334
test,2024-08-28 17:30:00+00:00,12,6,DailySeasonal,3.5,111.91666666666667
test,2024-08-28 17:30:00+00:00,12,6,WeeklySeasonal,6.0,125.41666666666667
test,2024-08-28 17:30:00+00:00,12,6,Climatology,4.0,112.0
test,2024-08-28 17:30:00+00:00,12,6,HistGradientBoosting,3.5,111.91666666666667
test,2024-08-28 17:30:00+00:00,12,6,RandomForest,4.0,112.0
test,2024-08-28 17:30:00+00:00,6,3,Immediate,0.0,197.66666666666666
test,2024-08-28 17:30:00+00:00,6,3,Oracle,3.0,125.5
test,2024-08-28 17:30:00+00:00,6,3,Persistence,0.0,197.66666666666666
test,2024-08-28 17:30:00+00:00,6,3,DailySeasonal,3.0,125.5
test,2024-08-28 17:30:00+00:00,6,3,WeeklySeasonal,3.0,125.5
test,2024-08-28 17:30:00+00:00,6,3,Climatology,3.0,125.5
test,2024-08-28 17:30:00+00:00,6,3,HistGradientBoosting,3.0,125.5
test,2024-08-28 17:30:00+00:00,6,3,RandomForest,3.0,125.5
test,2024-08-28 17:30:00+00:00,24,3,Immediate,0.0,197.66666666666666
test,2024-08-28 17:30:00+00:00,24,3,Oracle,16.5,74.33333333333333
test,2024-08-28 17:30:00+00:00,24,3,Persistence,0.0,197.66666666666666
test,2024-08-28 17:30:00+00:00,24,3,DailySeasonal,3.5,113.5
test,2024-08-28 17:30:00+00:00,24,3,WeeklySeasonal,14.5,85.33333333333333
test,2024-08-28 17:30:00+00:00,24,3,Climatology,5.5,104.66666666666667
test,2024-08-28 17:30:00+00:00,24,3,HistGradientBoosting,17.5,80.33333333333333
test,2024-08-28 17:30:00+00:00,24,3,RandomForest,16.0,75.0
test,2024-08-29 17:30:00+00:00,12,1,Immediate,0.0,202.5
test,2024-08-29 17:30:00+00:00,12,1,Oracle,7.5,142.5
test,2024-08-29 17:30:00+00:00,12,1,Persistence,0.0,202.5
test,2024-08-29 17:30:00+00:00,12,1,DailySeasonal,6.0,152.5
test,2024-08-29 17:30:00+00:00,12,1,WeeklySeasonal,11.0,181.0
test,2024-08-29 17:30:00+00:00,12,1,Climatology,7.5,142.5
test,2024-08-29 17:30:00+00:00,12,1,HistGradientBoosting,4.5,162.5
test,2024-08-29 17:30:00+00:00,12,1,RandomForest,6.0,152.5
test,2024-08-29 17:30:00+00:00,12,3,Immediate,0.0,211.5
test,2024-08-29 17:30:00+00:00,12,3,Oracle,6.5,146.16666666666666
test,2024-08-29 17:30:00+00:00,12,3,Persistence,0.0,211.5
test,2024-08-29 17:30:00+00:00,12,3,DailySeasonal,5.5,149.66666666666666
test,2024-08-29 17:30:00+00:00,12,3,WeeklySeasonal,9.0,168.33333333333334
test,2024-08-29 17:30:00+00:00,12,3,Climatology,6.5,146.16666666666666
test,2024-08-29 17:30:00+00:00,12,3,HistGradientBoosting,4.5,156.33333333333334
test,2024-08-29 17:30:00+00:00,12,3,RandomForest,4.0,159.83333333333334
test,2024-08-29 17:30:00+00:00,12,6,Immediate,0.0,191.91666666666666
test,2024-08-29 17:30:00+00:00,12,6,Oracle,4.5,153.66666666666666
test,2024-08-29 17:30:00+00:00,12,6,Persistence,0.0,191.91666666666666
test,2024-08-29 17:30:00+00:00,12,6,DailySeasonal,3.5,155.33333333333334
test,2024-08-29 17:30:00+00:00,12,6,WeeklySeasonal,6.0,157.83333333333334
test,2024-08-29 17:30:00+00:00,12,6,Climatology,4.5,153.66666666666666
test,2024-08-29 17:30:00+00:00,12,6,HistGradientBoosting,4.0,154.0
test,2024-08-29 17:30:00+00:00,12,6,RandomForest,3.5,155.33333333333334
test,2024-08-29 17:30:00+00:00,6,3,Immediate,0.0,211.5
test,2024-08-29 17:30:00+00:00,6,3,Oracle,3.0,172.33333333333334
test,2024-08-29 17:30:00+00:00,6,3,Persistence,0.0,211.5
test,2024-08-29 17:30:00+00:00,6,3,DailySeasonal,3.0,172.33333333333334
test,2024-08-29 17:30:00+00:00,6,3,WeeklySeasonal,3.0,172.33333333333334
test,2024-08-29 17:30:00+00:00,6,3,Climatology,3.0,172.33333333333334
test,2024-08-29 17:30:00+00:00,6,3,HistGradientBoosting,3.0,172.33333333333334
test,2024-08-29 17:30:00+00:00,6,3,RandomForest,3.0,172.33333333333334
test,2024-08-29 17:30:00+00:00,24,3,Immediate,0.0,211.5
test,2024-08-29 17:30:00+00:00,24,3,Oracle,16.5,109.66666666666667
test,2024-08-29 17:30:00+00:00,24,3,Persistence,0.0,211.5
test,2024-08-29 17:30:00+00:00,24,3,DailySeasonal,16.5,109.66666666666667
test,2024-08-29 17:30:00+00:00,24,3,WeeklySeasonal,15.5,110.83333333333333
test,2024-08-29 17:30:00+00:00,24,3,Climatology,17.0,112.0
test,2024-08-29 17:30:00+00:00,24,3,HistGradientBoosting,17.0,112.0
test,2024-08-29 17:30:00+00:00,24,3,RandomForest,17.5,114.83333333333333
test,2024-08-30 17:30:00+00:00,12,1,Immediate,0.0,197.5
test,2024-08-30 17:30:00+00:00,12,1,Oracle,7.5,72.0
test,2024-08-30 17:30:00+00:00,12,1,Persistence,0.0,197.5
test,2024-08-30 17:30:00+00:00,12,1,DailySeasonal,7.5,72.0
test,2024-08-30 17:30:00+00:00,12,1,WeeklySeasonal,8.5,75.5
test,2024-08-30 17:30:00+00:00,12,1,Climatology,7.5,72.0
test,2024-08-30 17:30:00+00:00,12,1,HistGradientBoosting,11.0,87.0
test,2024-08-30 17:30:00+00:00,12,1,RandomForest,10.5,84.5
test,2024-08-30 17:30:00+00:00,12,3,Immediate,0.0,189.16666666666666
test,2024-08-30 17:30:00+00:00,12,3,Oracle,6.5,74.5
test,2024-08-30 17:30:00+00:00,12,3,Persistence,0.0,189.16666666666666
test,2024-08-30 17:30:00+00:00,12,3,DailySeasonal,6.5,74.5
test,2024-08-30 17:30:00+00:00,12,3,WeeklySeasonal,6.5,74.5
test,2024-08-30 17:30:00+00:00,12,3,Climatology,7.0,74.83333333333333
test,2024-08-30 17:30:00+00:00,12,3,HistGradientBoosting,9.0,83.16666666666667
test,2024-08-30 17:30:00+00:00,12,3,RandomForest,9.0,83.16666666666667
test,2024-08-30 17:30:00+00:00,12,6,Immediate,0.0,155.0
test,2024-08-30 17:30:00+00:00,12,6,Oracle,6.0,79.91666666666667
test,2024-08-30 17:30:00+00:00,12,6,Persistence,0.0,155.0
test,2024-08-30 17:30:00+00:00,12,6,DailySeasonal,4.5,84.08333333333333
test,2024-08-30 17:30:00+00:00,12,6,WeeklySeasonal,5.0,81.75
test,2024-08-30 17:30:00+00:00,12,6,Climatology,6.0,79.91666666666667
test,2024-08-30 17:30:00+00:00,12,6,HistGradientBoosting,6.0,79.91666666666667
test,2024-08-30 17:30:00+00:00,12,6,RandomForest,6.0,79.91666666666667
test,2024-08-30 17:30:00+00:00,6,3,Immediate,0.0,189.16666666666666
test,2024-08-30 17:30:00+00:00,6,3,Oracle,3.0,120.83333333333333
test,2024-08-30 17:30:00+00:00,6,3,Persistence,0.0,189.16666666666666
test,2024-08-30 17:30:00+00:00,6,3,DailySeasonal,3.0,120.83333333333333
test,2024-08-30 17:30:00+00:00,6,3,WeeklySeasonal,3.0,120.83333333333333
test,2024-08-30 17:30:00+00:00,6,3,Climatology,3.0,120.83333333333333
test,2024-08-30 17:30:00+00:00,6,3,HistGradientBoosting,3.0,120.83333333333333
test,2024-08-30 17:30:00+00:00,6,3,RandomForest,3.0,120.83333333333333
test,2024-08-30 17:30:00+00:00,24,3,Immediate,0.0,189.16666666666666
test,2024-08-30 17:30:00+00:00,24,3,Oracle,17.5,46.666666666666664
test,2024-08-30 17:30:00+00:00,24,3,Persistence,0.0,189.16666666666666
test,2024-08-30 17:30:00+00:00,24,3,DailySeasonal,16.5,47.333333333333336
test,2024-08-30 17:30:00+00:00,24,3,WeeklySeasonal,18.5,48.833333333333336
test,2024-08-30 17:30:00+00:00,24,3,Climatology,17.0,46.833333333333336
test,2024-08-30 17:30:00+00:00,24,3,HistGradientBoosting,17.5,46.666666666666664
test,2024-08-30 17:30:00+00:00,24,3,RandomForest,17.0,46.833333333333336
test,2024-08-31 17:30:00+00:00,12,1,Immediate,0.0,88.0
test,2024-08-31 17:30:00+00:00,12,1,Oracle,10.5,60.5
test,2024-08-31 17:30:00+00:00,12,1,Persistence,0.0,88.0
test,2024-08-31 17:30:00+00:00,12,1,DailySeasonal,7.5,73.0
test,2024-08-31 17:30:00+00:00,12,1,WeeklySeasonal,1.5,69.0
test,2024-08-31 17:30:00+00:00,12,1,Climatology,9.0,65.0
test,2024-08-31 17:30:00+00:00,12,1,HistGradientBoosting,7.5,73.0
test,2024-08-31 17:30:00+00:00,12,1,RandomForest,7.0,74.0
test,2024-08-31 17:30:00+00:00,12,3,Immediate,0.0,76.16666666666667
test,2024-08-31 17:30:00+00:00,12,3,Oracle,9.0,62.333333333333336
test,2024-08-31 17:30:00+00:00,12,3,Persistence,0.0,76.16666666666667
test,2024-08-31 17:30:00+00:00,12,3,DailySeasonal,6.5,72.5
test,2024-08-31 17:30:00+00:00,12,3,WeeklySeasonal,1.5,65.83333333333333
test,2024-08-31 17:30:00+00:00,12,3,Climatology,9.0,62.333333333333336
test,2024-08-31 17:30:00+00:00,12,3,HistGradientBoosting,6.5,72.5
test,2024-08-31 17:30:00+00:00,12,3,RandomForest,6.5,72.5
test,2024-08-31 17:30:00+00:00,12,6,Immediate,0.0,70.75
test,2024-08-31 17:30:00+00:00,12,6,Oracle,1.5,67.5
test,2024-08-31 17:30:00+00:00,12,6,Persistence,0.0,70.75
test,2024-08-31 17:30:00+00:00,12,6,DailySeasonal,6.0,67.66666666666667
test,2024-08-31 17:30:00+00:00,12,6,WeeklySeasonal,1.5,67.5
test,2024-08-31 17:30:00+00:00,12,6,Climatology,6.0,67.66666666666667
test,2024-08-31 17:30:00+00:00,12,6,HistGradientBoosting,5.0,68.33333333333333
test,2024-08-31 17:30:00+00:00,12,6,RandomForest,3.5,69.41666666666667
test,2024-08-31 17:30:00+00:00,6,3,Immediate,0.0,76.16666666666667
test,2024-08-31 17:30:00+00:00,6,3,Oracle,2.5,64.66666666666667
test,2024-08-31 17:30:00+00:00,6,3,Persistence,0.0,76.16666666666667
test,2024-08-31 17:30:00+00:00,6,3,DailySeasonal,3.0,65.33333333333333
test,2024-08-31 17:30:00+00:00,6,3,WeeklySeasonal,1.5,65.83333333333333
test,2024-08-31 17:30:00+00:00,6,3,Climatology,3.0,65.33333333333333
test,2024-08-31 17:30:00+00:00,6,3,HistGradientBoosting,3.0,65.33333333333333
test,2024-08-31 17:30:00+00:00,6,3,RandomForest,0.0,76.16666666666667
test,2024-08-31 17:30:00+00:00,24,3,Immediate,0.0,76.16666666666667
test,2024-08-31 17:30:00+00:00,24,3,Oracle,13.5,46.333333333333336
test,2024-08-31 17:30:00+00:00,24,3,Persistence,0.0,76.16666666666667
test,2024-08-31 17:30:00+00:00,24,3,DailySeasonal,17.5,52.666666666666664
test,2024-08-31 17:30:00+00:00,24,3,WeeklySeasonal,16.0,47.333333333333336
test,2024-08-31 17:30:00+00:00,24,3,Climatology,16.0,47.333333333333336
test,2024-08-31 17:30:00+00:00,24,3,HistGradientBoosting,6.5,72.5
test,2024-08-31 17:30:00+00:00,24,3,RandomForest,6.5,72.5
test,2024-09-01 17:30:00+00:00,12,1,Immediate,0.0,142.5
test,2024-09-01 17:30:00+00:00,12,1,Oracle,6.0,119.0
test,2024-09-01 17:30:00+00:00,12,1,Persistence,0.0,142.5
test,2024-09-01 17:30:00+00:00,12,1,DailySeasonal,10.5,208.5
test,2024-09-01 17:30:00+00:00,12,1,WeeklySeasonal,0.0,142.5
test,2024-09-01 17:30:00+00:00,12,1,Climatology,5.0,125.0
test,2024-09-01 17:30:00+00:00,12,1,HistGradientBoosting,5.0,125.0
test,2024-09-01 17:30:00+00:00,12,1,RandomForest,4.5,125.5
test,2024-09-01 17:30:00+00:00,12,3,Immediate,0.0,145.33333333333334
test,2024-09-01 17:30:00+00:00,12,3,Oracle,5.5,120.33333333333333
test,2024-09-01 17:30:00+00:00,12,3,Persistence,0.0,145.33333333333334
test,2024-09-01 17:30:00+00:00,12,3,DailySeasonal,9.0,186.66666666666666
test,2024-09-01 17:30:00+00:00,12,3,WeeklySeasonal,0.0,145.33333333333334
test,2024-09-01 17:30:00+00:00,12,3,Climatology,5.0,121.0
test,2024-09-01 17:30:00+00:00,12,3,HistGradientBoosting,4.0,124.0
test,2024-09-01 17:30:00+00:00,12,3,RandomForest,3.0,128.16666666666666
test,2024-09-01 17:30:00+00:00,12,6,Immediate,0.0,136.75
test,2024-09-01 17:30:00+00:00,12,6,Oracle,3.0,125.16666666666667
test,2024-09-01 17:30:00+00:00,12,6,Persistence,0.0,136.75
test,2024-09-01 17:30:00+00:00,12,6,DailySeasonal,1.5,131.08333333333334
test,2024-09-01 17:30:00+00:00,12,6,WeeklySeasonal,0.0,136.75
test,2024-09-01 17:30:00+00:00,12,6,Climatology,4.0,129.0
test,2024-09-01 17:30:00+00:00,12,6,HistGradientBoosting,2.5,126.08333333333333
test,2024-09-01 17:30:00+00:00,12,6,RandomForest,2.5,126.08333333333333
test,2024-09-01 17:30:00+00:00,6,3,Immediate,0.0,145.33333333333334
test,2024-09-01 17:30:00+00:00,6,3,Oracle,3.0,128.16666666666666
test,2024-09-01 17:30:00+00:00,6,3,Persistence,0.0,145.33333333333334
test,2024-09-01 17:30:00+00:00,6,3,DailySeasonal,2.5,131.83333333333334
test,2024-09-01 17:30:00+00:00,6,3,WeeklySeasonal,0.0,145.33333333333334
test,2024-09-01 17:30:00+00:00,6,3,Climatology,3.0,128.16666666666666
test,2024-09-01 17:30:00+00:00,6,3,HistGradientBoosting,3.0,128.16666666666666
test,2024-09-01 17:30:00+00:00,6,3,RandomForest,3.0,128.16666666666666
test,2024-09-01 17:30:00+00:00,24,3,Immediate,0.0,145.33333333333334
test,2024-09-01 17:30:00+00:00,24,3,Oracle,5.5,120.33333333333333
test,2024-09-01 17:30:00+00:00,24,3,Persistence,0.0,145.33333333333334
test,2024-09-01 17:30:00+00:00,24,3,DailySeasonal,13.5,194.0
test,2024-09-01 17:30:00+00:00,24,3,WeeklySeasonal,17.0,171.0
test,2024-09-01 17:30:00+00:00,24,3,Climatology,5.0,121.0
test,2024-09-01 17:30:00+00:00,24,3,HistGradientBoosting,18.0,165.0
test,2024-09-01 17:30:00+00:00,24,3,RandomForest,18.0,165.0
test,2024-09-02 17:30:00+00:00,12,1,Immediate,0.0,182.0
test,2024-09-02 17:30:00+00:00,12,1,Oracle,7.5,158.0
test,2024-09-02 17:30:00+00:00,12,1,Persistence,0.0,182.0
test,2024-09-02 17:30:00+00:00,12,1,DailySeasonal,6.0,160.5
test,2024-09-02 17:30:00+00:00,12,1,WeeklySeasonal,5.0,164.0
test,2024-09-02 17:30:00+00:00,12,1,Climatology,5.0,164.0
test,2024-09-02 17:30:00+00:00,12,1,HistGradientBoosting,4.5,168.5
test,2024-09-02 17:30:00+00:00,12,1,RandomForest,5.0,164.0
test,2024-09-02 17:30:00+00:00,12,3,Immediate,0.0,178.16666666666666
test,2024-09-02 17:30:00+00:00,12,3,Oracle,6.5,159.16666666666666
test,2024-09-02 17:30:00+00:00,12,3,Persistence,0.0,178.16666666666666
test,2024-09-02 17:30:00+00:00,12,3,DailySeasonal,5.5,159.83333333333334
test,2024-09-02 17:30:00+00:00,12,3,WeeklySeasonal,4.0,164.83333333333334
test,2024-09-02 17:30:00+00:00,12,3,Climatology,5.0,161.33333333333334
test,2024-09-02 17:30:00+00:00,12,3,HistGradientBoosting,4.5,163.33333333333334
test,2024-09-02 17:30:00+00:00,12,3,RandomForest,4.5,163.33333333333334
test,2024-09-02 17:30:00+00:00,12,6,Immediate,0.0,173.5
test,2024-09-02 17:30:00+00:00,12,6,Oracle,4.0,162.41666666666666
test,2024-09-02 17:30:00+00:00,12,6,Persistence,0.0,173.5
test,2024-09-02 17:30:00+00:00,12,6,DailySeasonal,3.0,164.25
test,2024-09-02 17:30:00+00:00,12,6,WeeklySeasonal,4.0,162.41666666666666
test,2024-09-02 17:30:00+00:00,12,6,Climatology,4.0,162.41666666666666
test,2024-09-02 17:30:00+00:00,12,6,HistGradientBoosting,3.5,163.08333333333334
test,2024-09-02 17:30:00+00:00,12,6,RandomForest,2.5,165.33333333333334
test,2024-09-02 17:30:00+00:00,6,3,Immediate,0.0,178.16666666666666
test,2024-09-02 17:30:00+00:00,6,3,Oracle,3.0,168.83333333333334
test,2024-09-02 17:30:00+00:00,6,3,Persistence,0.0,178.16666666666666
test,2024-09-02 17:30:00+00:00,6,3,DailySeasonal,3.0,168.83333333333334
test,2024-09-02 17:30:00+00:00,6,3,WeeklySeasonal,3.0,168.83333333333334
test,2024-09-02 17:30:00+00:00,6,3,Climatology,3.0,168.83333333333334
test,2024-09-02 17:30:00+00:00,6,3,HistGradientBoosting,3.0,168.83333333333334
test,2024-09-02 17:30:00+00:00,6,3,RandomForest,3.0,168.83333333333334
test,2024-09-02 17:30:00+00:00,24,3,Immediate,0.0,178.16666666666666
test,2024-09-02 17:30:00+00:00,24,3,Oracle,16.5,157.66666666666666
test,2024-09-02 17:30:00+00:00,24,3,Persistence,0.0,178.16666666666666
test,2024-09-02 17:30:00+00:00,24,3,DailySeasonal,5.5,159.83333333333334
test,2024-09-02 17:30:00+00:00,24,3,WeeklySeasonal,15.5,160.0
test,2024-09-02 17:30:00+00:00,24,3,Climatology,5.0,161.33333333333334
test,2024-09-02 17:30:00+00:00,24,3,HistGradientBoosting,4.5,163.33333333333334
test,2024-09-02 17:30:00+00:00,24,3,RandomForest,4.5,163.33333333333334
test,2024-09-03 17:30:00+00:00,12,1,Immediate,0.0,228.0
test,2024-09-03 17:30:00+00:00,12,1,Oracle,7.5,186.0
test,2024-09-03 17:30:00+00:00,12,1,Persistence,0.0,228.0
test,2024-09-03 17:30:00+00:00,12,1,DailySeasonal,7.5,186.0
test,2024-09-03 17:30:00+00:00,12,1,WeeklySeasonal,4.5,196.5
test,2024-09-03 17:30:00+00:00,12,1,Climatology,7.5,186.0
test,2024-09-03 17:30:00+00:00,12,1,HistGradientBoosting,7.0,186.5
test,2024-09-03 17:30:00+00:00,12,1,RandomForest,8.0,189.0
test,2024-09-03 17:30:00+00:00,12,3,Immediate,0.0,233.33333333333334
test,2024-09-03 17:30:00+00:00,12,3,Oracle,6.5,188.66666666666666
test,2024-09-03 17:30:00+00:00,12,3,Persistence,0.0,233.33333333333334
test,2024-09-03 17:30:00+00:00,12,3,DailySeasonal,6.5,188.66666666666666
test,2024-09-03 17:30:00+00:00,12,3,WeeklySeasonal,3.5,197.66666666666666
test,2024-09-03 17:30:00+00:00,12,3,Climatology,7.0,190.33333333333334
test,2024-09-03 17:30:00+00:00,12,3,HistGradientBoosting,7.0,190.33333333333334
test,2024-09-03 17:30:00+00:00,12,3,RandomForest,3.5,197.66666666666666
test,2024-09-03 17:30:00+00:00,12,6,Immediate,0.0,218.5
test,2024-09-03 17:30:00+00:00,12,6,Oracle,4.0,192.75
test,2024-09-03 17:30:00+00:00,12,6,Persistence,0.0,218.5
test,2024-09-03 17:30:00+00:00,12,6,DailySeasonal,4.0,192.75
test,2024-09-03 17:30:00+00:00,12,6,WeeklySeasonal,3.5,193.16666666666666
test,2024-09-03 17:30:00+00:00,12,6,Climatology,5.0,196.75
test,2024-09-03 17:30:00+00:00,12,6,HistGradientBoosting,4.5,194.25
test,2024-09-03 17:30:00+00:00,12,6,RandomForest,3.5,193.16666666666666
test,2024-09-03 17:30:00+00:00,6,3,Immediate,0.0,233.33333333333334
test,2024-09-03 17:30:00+00:00,6,3,Oracle,3.0,203.66666666666666
test,2024-09-03 17:30:00+00:00,6,3,Persistence,0.0,233.33333333333334
test,2024-09-03 17:30:00+00:00,6,3,DailySeasonal,3.0,203.66666666666666
test,2024-09-03 17:30:00+00:00,6,3,WeeklySeasonal,3.0,203.66666666666666
test,2024-09-03 17:30:00+00:00,6,3,Climatology,3.0,203.66666666666666
test,2024-09-03 17:30:00+00:00,6,3,HistGradientBoosting,3.0,203.66666666666666
test,2024-09-03 17:30:00+00:00,6,3,RandomForest,3.0,203.66666666666666
test,2024-09-03 17:30:00+00:00,24,3,Immediate,0.0,233.33333333333334
test,2024-09-03 17:30:00+00:00,24,3,Oracle,16.0,186.83333333333334
test,2024-09-03 17:30:00+00:00,24,3,Persistence,0.0,233.33333333333334
test,2024-09-03 17:30:00+00:00,24,3,DailySeasonal,16.5,186.83333333333334
test,2024-09-03 17:30:00+00:00,24,3,WeeklySeasonal,3.5,197.66666666666666
test,2024-09-03 17:30:00+00:00,24,3,Climatology,17.0,188.5
test,2024-09-03 17:30:00+00:00,24,3,HistGradientBoosting,17.5,191.16666666666666
test,2024-09-03 17:30:00+00:00,24,3,RandomForest,17.0,188.5
test,2024-09-04 17:30:00+00:00,12,1,Immediate,0.0,227.5
test,2024-09-04 17:30:00+00:00,12,1,Oracle,9.5,67.5
test,2024-09-04 17:30:00+00:00,12,1,Persistence,0.0,227.5
test,2024-09-04 17:30:00+00:00,12,1,DailySeasonal,7.5,78.5
test,2024-09-04 17:30:00+00:00,12,1,WeeklySeasonal,6.0,80.5
test,2024-09-04 17:30:00+00:00,12,1,Climatology,7.5,78.5
test,2024-09-04 17:30:00+00:00,12,1,HistGradientBoosting,7.0,78.0
test,2024-09-04 17:30:00+00:00,12,1,RandomForest,4.5,92.5
test,2024-09-04 17:30:00+00:00,12,3,Immediate,0.0,218.83333333333334
test,2024-09-04 17:30:00+00:00,12,3,Oracle,8.0,71.5
test,2024-09-04 17:30:00+00:00,12,3,Persistence,0.0,218.83333333333334
test,2024-09-04 17:30:00+00:00,12,3,DailySeasonal,6.5,76.33333333333333
test,2024-09-04 17:30:00+00:00,12,3,WeeklySeasonal,5.5,80.33333333333333
test,2024-09-04 17:30:00+00:00,12,3,Climatology,5.5,80.33333333333333
test,2024-09-04 17:30:00+00:00,12,3,HistGradientBoosting,6.0,78.16666666666667
test,2024-09-04 17:30:00+00:00,12,3,RandomForest,4.5,85.0
test,2024-09-04 17:30:00+00:00,12,6,Immediate,0.0,166.41666666666666
test,2024-09-04 17:30:00+00:00,12,6,Oracle,5.5,76.41666666666667
test,2024-09-04 17:30:00+00:00,12,6,Persistence,0.0,166.41666666666666
test,2024-09-04 17:30:00+00:00,12,6,DailySeasonal,4.0,82.41666666666667
test,2024-09-04 17:30:00+00:00,12,6,WeeklySeasonal,3.5,87.33333333333333
test,2024-09-04 17:30:00+00:00,12,6,Climatology,4.0,82.41666666666667
test,2024-09-04 17:30:00+00:00,12,6,HistGradientBoosting,4.0,82.41666666666667
test,2024-09-04 17:30:00+00:00,12,6,RandomForest,4.0,82.41666666666667
test,2024-09-04 17:30:00+00:00,6,3,Immediate,0.0,218.83333333333334
test,2024-09-04 17:30:00+00:00,6,3,Oracle,3.0,114.0
test,2024-09-04 17:30:00+00:00,6,3,Persistence,0.0,218.83333333333334
test,2024-09-04 17:30:00+00:00,6,3,DailySeasonal,3.0,114.0
test,2024-09-04 17:30:00+00:00,6,3,WeeklySeasonal,3.0,114.0
test,2024-09-04 17:30:00+00:00,6,3,Climatology,3.0,114.0
test,2024-09-04 17:30:00+00:00,6,3,HistGradientBoosting,3.0,114.0
test,2024-09-04 17:30:00+00:00,6,3,RandomForest,3.0,114.0
test,2024-09-04 17:30:00+00:00,24,3,Immediate,0.0,218.83333333333334
test,2024-09-04 17:30:00+00:00,24,3,Oracle,18.0,58.666666666666664
test,2024-09-04 17:30:00+00:00,24,3,Persistence,0.0,218.83333333333334
test,2024-09-04 17:30:00+00:00,24,3,DailySeasonal,16.0,62.166666666666664
test,2024-09-04 17:30:00+00:00,24,3,WeeklySeasonal,16.5,60.666666666666664
test,2024-09-04 17:30:00+00:00,24,3,Climatology,5.5,80.33333333333333
test,2024-09-04 17:30:00+00:00,24,3,HistGradientBoosting,16.5,60.666666666666664
test,2024-09-04 17:30:00+00:00,24,3,RandomForest,4.5,85.0
test,2024-09-05 17:30:00+00:00,12,1,Immediate,0.0,102.0
test,2024-09-05 17:30:00+00:00,12,1,Oracle,4.5,64.0
test,2024-09-05 17:30:00+00:00,12,1,Persistence,0.0,102.0
test,2024-09-05 17:30:00+00:00,12,1,DailySeasonal,9.5,85.0
test,2024-09-05 17:30:00+00:00,12,1,WeeklySeasonal,7.5,66.0
test,2024-09-05 17:30:00+00:00,12,1,Climatology,7.5,66.0
test,2024-09-05 17:30:00+00:00,12,1,HistGradientBoosting,6.5,64.5
test,2024-09-05 17:30:00+00:00,12,1,RandomForest,7.5,66.0
test,2024-09-05 17:30:00+00:00,12,3,Immediate,0.0,90.16666666666667
test,2024-09-05 17:30:00+00:00,12,3,Oracle,4.5,65.33333333333333
test,2024-09-05 17:30:00+00:00,12,3,Persistence,0.0,90.16666666666667
test,2024-09-05 17:30:00+00:00,12,3,DailySeasonal,8.0,78.5
test,2024-09-05 17:30:00+00:00,12,3,WeeklySeasonal,6.5,66.16666666666667
test,2024-09-05 17:30:00+00:00,12,3,Climatology,6.5,66.16666666666667
test,2024-09-05 17:30:00+00:00,12,3,HistGradientBoosting,6.5,66.16666666666667
test,2024-09-05 17:30:00+00:00,12,3,RandomForest,6.0,65.66666666666667
test,2024-09-05 17:30:00+00:00,12,6,Immediate,0.0,77.91666666666667
test,2024-09-05 17:30:00+00:00,12,6,Oracle,3.0,65.66666666666667
test,2024-09-05 17:30:00+00:00,12,6,Persistence,0.0,77.91666666666667
test,2024-09-05 17:30:00+00:00,12,6,DailySeasonal,5.5,75.41666666666667
test,2024-09-05 17:30:00+00:00,12,6,WeeklySeasonal,4.5,69.16666666666667
test,2024-09-05 17:30:00+00:00,12,6,Climatology,4.5,69.16666666666667
test,2024-09-05 17:30:00+00:00,12,6,HistGradientBoosting,4.5,69.16666666666667
test,2024-09-05 17:30:00+00:00,12,6,RandomForest,5.0,72.08333333333333
test,2024-09-05 17:30:00+00:00,6,3,Immediate,0.0,90.16666666666667
test,2024-09-05 17:30:00+00:00,6,3,Oracle,3.0,65.66666666666667
test,2024-09-05 17:30:00+00:00,6,3,Persistence,0.0,90.16666666666667
test,2024-09-05 17:30:00+00:00,6,3,DailySeasonal,3.0,65.66666666666667
test,2024-09-05 17:30:00+00:00,6,3,WeeklySeasonal,3.0,65.66666666666667
test,2024-09-05 17:30:00+00:00,6,3,Climatology,3.0,65.66666666666667
test,2024-09-05 17:30:00+00:00,6,3,HistGradientBoosting,3.0,65.66666666666667
test,2024-09-05 17:30:00+00:00,6,3,RandomForest,3.0,65.66666666666667
test,2024-09-05 17:30:00+00:00,24,3,Immediate,0.0,90.16666666666667
test,2024-09-05 17:30:00+00:00,24,3,Oracle,4.5,65.33333333333333
test,2024-09-05 17:30:00+00:00,24,3,Persistence,0.0,90.16666666666667
test,2024-09-05 17:30:00+00:00,24,3,DailySeasonal,18.0,106.16666666666667
test,2024-09-05 17:30:00+00:00,24,3,WeeklySeasonal,16.5,97.5
test,2024-09-05 17:30:00+00:00,24,3,Climatology,17.0,99.33333333333333
test,2024-09-05 17:30:00+00:00,24,3,HistGradientBoosting,6.5,66.16666666666667
test,2024-09-05 17:30:00+00:00,24,3,RandomForest,6.0,65.66666666666667
test,2024-09-06 17:30:00+00:00,12,1,Immediate,0.0,155.5
test,2024-09-06 17:30:00+00:00,12,1,Oracle,6.5,114.0
test,2024-09-06 17:30:00+00:00,12,1,Persistence,0.0,155.5
test,2024-09-06 17:30:00+00:00,12,1,DailySeasonal,4.5,128.0
test,2024-09-06 17:30:00+00:00,12,1,WeeklySeasonal,7.5,122.0
test,2024-09-06 17:30:00+00:00,12,1,Climatology,7.5,122.0
test,2024-09-06 17:30:00+00:00,12,1,HistGradientBoosting,5.0,126.0
test,2024-09-06 17:30:00+00:00,12,1,RandomForest,8.5,122.5
test,2024-09-06 17:30:00+00:00,12,3,Immediate,0.0,158.5
test,2024-09-06 17:30:00+00:00,12,3,Oracle,6.0,119.33333333333333
test,2024-09-06 17:30:00+00:00,12,3,Persistence,0.0,158.5
test,2024-09-06 17:30:00+00:00,12,3,DailySeasonal,4.5,122.16666666666667
test,2024-09-06 17:30:00+00:00,12,3,WeeklySeasonal,6.5,119.5
test,2024-09-06 17:30:00+00:00,12,3,Climatology,7.0,122.5
test,2024-09-06 17:30:00+00:00,12,3,HistGradientBoosting,4.5,122.16666666666667
test,2024-09-06 17:30:00+00:00,12,3,RandomForest,6.5,119.5
test,2024-09-06 17:30:00+00:00,12,6,Immediate,0.0,146.66666666666666
test,2024-09-06 17:30:00+00:00,12,6,Oracle,4.5,123.58333333333333
test,2024-09-06 17:30:00+00:00,12,6,Persistence,0.0,146.66666666666666
test,2024-09-06 17:30:00+00:00,12,6,DailySeasonal,3.0,127.08333333333333
test,2024-09-06 17:30:00+00:00,12,6,WeeklySeasonal,6.0,127.41666666666667
test,2024-09-06 17:30:00+00:00,12,6,Climatology,6.0,127.41666666666667
test,2024-09-06 17:30:00+00:00,12,6,HistGradientBoosting,4.0,123.83333333333333
test,2024-09-06 17:30:00+00:00,12,6,RandomForest,5.0,124.08333333333333
test,2024-09-06 17:30:00+00:00,6,3,Immediate,0.0,158.5
test,2024-09-06 17:30:00+00:00,6,3,Oracle,3.0,134.83333333333334
test,2024-09-06 17:30:00+00:00,6,3,Persistence,0.0,158.5
test,2024-09-06 17:30:00+00:00,6,3,DailySeasonal,3.0,134.83333333333334
test,2024-09-06 17:30:00+00:00,6,3,WeeklySeasonal,3.0,134.83333333333334
test,2024-09-06 17:30:00+00:00,6,3,Climatology,3.0,134.83333333333334
test,2024-09-06 17:30:00+00:00,6,3,HistGradientBoosting,3.0,134.83333333333334
test,2024-09-06 17:30:00+00:00,6,3,RandomForest,3.0,134.83333333333334
test,2024-09-06 17:30:00+00:00,24,3,Immediate,0.0,158.5
test,2024-09-06 17:30:00+00:00,24,3,Oracle,6.0,119.33333333333333
test,2024-09-06 17:30:00+00:00,24,3,Persistence,0.0,158.5
test,2024-09-06 17:30:00+00:00,24,3,DailySeasonal,4.5,122.16666666666667
test,2024-09-06 17:30:00+00:00,24,3,WeeklySeasonal,17.5,157.83333333333334
test,2024-09-06 17:30:00+00:00,24,3,Climatology,17.0,156.33333333333334
test,2024-09-06 17:30:00+00:00,24,3,HistGradientBoosting,16.5,156.16666666666666
test,2024-09-06 17:30:00+00:00,24,3,RandomForest,16.0,155.66666666666666
test,2024-09-07 17:30:00+00:00,12,1,Immediate,0.0,193.5
test,2024-09-07 17:30:00+00:00,12,1,Oracle,9.5,89.5
test,2024-09-07 17:30:00+00:00,12,1,Persistence,0.0,193.5
test,2024-09-07 17:30:00+00:00,12,1,DailySeasonal,6.5,101.0
test,2024-09-07 17:30:00+00:00,12,1,WeeklySeasonal,10.5,91.5
test,2024-09-07 17:30:00+00:00,12,1,Climatology,9.0,90.0
test,2024-09-07 17:30:00+00:00,12,1,HistGradientBoosting,11.0,96.0
test,2024-09-07 17:30:00+00:00,12,1,RandomForest,11.0,96.0
test,2024-09-07 17:30:00+00:00,12,3,Immediate,0.0,187.83333333333334
test,2024-09-07 17:30:00+00:00,12,3,Oracle,8.0,91.0
test,2024-09-07 17:30:00+00:00,12,3,Persistence,0.0,187.83333333333334
test,2024-09-07 17:30:00+00:00,12,3,DailySeasonal,6.0,98.66666666666667
test,2024-09-07 17:30:00+00:00,12,3,WeeklySeasonal,9.0,92.16666666666667
test,2024-09-07 17:30:00+00:00,12,3,Climatology,9.0,92.16666666666667
test,2024-09-07 17:30:00+00:00,12,3,HistGradientBoosting,9.0,92.16666666666667
test,2024-09-07 17:30:00+00:00,12,3,RandomForest,9.0,92.16666666666667
test,2024-09-07 17:30:00+00:00,12,6,Immediate,0.0,162.5
test,2024-09-07 17:30:00+00:00,12,6,Oracle,6.0,95.41666666666667
test,2024-09-07 17:30:00+00:00,12,6,Persistence,0.0,162.5
test,2024-09-07 17:30:00+00:00,12,6,DailySeasonal,4.5,103.0
test,2024-09-07 17:30:00+00:00,12,6,WeeklySeasonal,1.5,140.5
test,2024-09-07 17:30:00+00:00,12,6,Climatology,6.0,95.41666666666667
test,2024-09-07 17:30:00+00:00,12,6,HistGradientBoosting,6.0,95.41666666666667
test,2024-09-07 17:30:00+00:00,12,6,RandomForest,6.0,95.41666666666667
test,2024-09-07 17:30:00+00:00,6,3,Immediate,0.0,187.83333333333334
test,2024-09-07 17:30:00+00:00,6,3,Oracle,3.0,137.16666666666666
test,2024-09-07 17:30:00+00:00,6,3,Persistence,0.0,187.83333333333334
test,2024-09-07 17:30:00+00:00,6,3,DailySeasonal,3.0,137.16666666666666
test,2024-09-07 17:30:00+00:00,6,3,WeeklySeasonal,2.5,146.16666666666666
test,2024-09-07 17:30:00+00:00,6,3,Climatology,3.0,137.16666666666666
test,2024-09-07 17:30:00+00:00,6,3,HistGradientBoosting,3.0,137.16666666666666
test,2024-09-07 17:30:00+00:00,6,3,RandomForest,3.0,137.16666666666666
test,2024-09-07 17:30:00+00:00,24,3,Immediate,0.0,187.83333333333334
test,2024-09-07 17:30:00+00:00,24,3,Oracle,18.0,84.33333333333333
test,2024-09-07 17:30:00+00:00,24,3,Persistence,0.0,187.83333333333334
test,2024-09-07 17:30:00+00:00,24,3,DailySeasonal,6.0,98.66666666666667
test,2024-09-07 17:30:00+00:00,24,3,WeeklySeasonal,13.5,111.0
test,2024-09-07 17:30:00+00:00,24,3,Climatology,16.0,94.16666666666667
test,2024-09-07 17:30:00+00:00,24,3,HistGradientBoosting,16.0,94.16666666666667
test,2024-09-07 17:30:00+00:00,24,3,RandomForest,13.5,111.0
test,2024-09-08 17:30:00+00:00,12,1,Immediate,0.0,121.0
test,2024-09-08 17:30:00+00:00,12,1,Oracle,8.0,62.0
test,2024-09-08 17:30:00+00:00,12,1,Persistence,0.0,121.0
test,2024-09-08 17:30:00+00:00,12,1,DailySeasonal,9.5,67.5
test,2024-09-08 17:30:00+00:00,12,1,WeeklySeasonal,6.0,64.5
test,2024-09-08 17:30:00+00:00,12,1,Climatology,5.0,65.5
test,2024-09-08 17:30:00+00:00,12,1,HistGradientBoosting,7.0,63.5
test,2024-09-08 17:30:00+00:00,12,1,RandomForest,4.0,66.5
test,2024-09-08 17:30:00+00:00,12,3,Immediate,0.0,113.33333333333333
test,2024-09-08 17:30:00+00:00,12,3,Oracle,6.5,62.833333333333336
test,2024-09-08 17:30:00+00:00,12,3,Persistence,0.0,113.33333333333333
test,2024-09-08 17:30:00+00:00,12,3,DailySeasonal,8.0,69.33333333333333
test,2024-09-08 17:30:00+00:00,12,3,WeeklySeasonal,5.5,64.0
test,2024-09-08 17:30:00+00:00,12,3,Climatology,5.0,64.5
test,2024-09-08 17:30:00+00:00,12,3,HistGradientBoosting,6.0,63.333333333333336
test,2024-09-08 17:30:00+00:00,12,3,RandomForest,4.0,65.5
test,2024-09-08 17:30:00+00:00,12,6,Immediate,0.0,91.66666666666667
test,2024-09-08 17:30:00+00:00,12,6,Oracle,4.0,64.33333333333333
test,2024-09-08 17:30:00+00:00,12,6,Persistence,0.0,91.66666666666667
test,2024-09-08 17:30:00+00:00,12,6,DailySeasonal,6.0,73.66666666666667
test,2024-09-08 17:30:00+00:00,12,6,WeeklySeasonal,3.0,66.66666666666667
test,2024-09-08 17:30:00+00:00,12,6,Climatology,4.0,64.33333333333333
test,2024-09-08 17:30:00+00:00,12,6,HistGradientBoosting,4.0,64.33333333333333
test,2024-09-08 17:30:00+00:00,12,6,RandomForest,3.0,66.66666666666667
test,2024-09-08 17:30:00+00:00,6,3,Immediate,0.0,113.33333333333333
test,2024-09-08 17:30:00+00:00,6,3,Oracle,3.0,70.0
test,2024-09-08 17:30:00+00:00,6,3,Persistence,0.0,113.33333333333333
test,2024-09-08 17:30:00+00:00,6,3,DailySeasonal,3.0,70.0
test,2024-09-08 17:30:00+00:00,6,3,WeeklySeasonal,3.0,70.0
test,2024-09-08 17:30:00+00:00,6,3,Climatology,3.0,70.0
test,2024-09-08 17:30:00+00:00,6,3,HistGradientBoosting,3.0,70.0
test,2024-09-08 17:30:00+00:00,6,3,RandomForest,3.0,70.0
test,2024-09-08 17:30:00+00:00,24,3,Immediate,0.0,113.33333333333333
test,2024-09-08 17:30:00+00:00,24,3,Oracle,16.5,62.333333333333336
test,2024-09-08 17:30:00+00:00,24,3,Persistence,0.0,113.33333333333333
test,2024-09-08 17:30:00+00:00,24,3,DailySeasonal,18.0,70.66666666666667
test,2024-09-08 17:30:00+00:00,24,3,WeeklySeasonal,5.5,64.0
test,2024-09-08 17:30:00+00:00,24,3,Climatology,5.0,64.5
test,2024-09-08 17:30:00+00:00,24,3,HistGradientBoosting,6.0,63.333333333333336
test,2024-09-08 17:30:00+00:00,24,3,RandomForest,4.0,65.5
test,2024-09-09 17:30:00+00:00,12,1,Immediate,0.0,116.5
test,2024-09-09 17:30:00+00:00,12,1,Oracle,6.5,61.5
test,2024-09-09 17:30:00+00:00,12,1,Persistence,0.0,116.5
test,2024-09-09 17:30:00+00:00,12,1,DailySeasonal,8.0,67.5
test,2024-09-09 17:30:00+00:00,12,1,WeeklySeasonal,7.5,65.5
test,2024-09-09 17:30:00+00:00,12,1,Climatology,5.0,67.5
test,2024-09-09 17:30:00+00:00,12,1,HistGradientBoosting,8.5,71.0
test,2024-09-09 17:30:00+00:00,12,1,RandomForest,6.0,62.5
test,2024-09-09 17:30:00+00:00,12,3,Immediate,0.0,95.0
test,2024-09-09 17:30:00+00:00,12,3,Oracle,5.5,63.5
test,2024-09-09 17:30:00+00:00,12,3,Persistence,0.0,95.0
test,2024-09-09 17:30:00+00:00,12,3,DailySeasonal,6.5,66.0
test,2024-09-09 17:30:00+00:00,12,3,WeeklySeasonal,6.5,66.0
test,2024-09-09 17:30:00+00:00,12,3,Climatology,5.0,64.16666666666667
test,2024-09-09 17:30:00+00:00,12,3,HistGradientBoosting,6.5,66.0
test,2024-09-09 17:30:00+00:00,12,3,RandomForest,6.0,64.16666666666667
test,2024-09-09 17:30:00+00:00,12,6,Immediate,0.0,81.5
test,2024-09-09 17:30:00+00:00,12,6,Oracle,2.5,65.75
test,2024-09-09 17:30:00+00:00,12,6,Persistence,0.0,81.5
test,2024-09-09 17:30:00+00:00,12,6,DailySeasonal,4.0,67.25
test,2024-09-09 17:30:00+00:00,12,6,WeeklySeasonal,4.0,67.25
test,2024-09-09 17:30:00+00:00,12,6,Climatology,4.0,67.25
test,2024-09-09 17:30:00+00:00,12,6,HistGradientBoosting,4.0,67.25
test,2024-09-09 17:30:00+00:00,12,6,RandomForest,3.0,66.08333333333333
test,2024-09-09 17:30:00+00:00,6,3,Immediate,0.0,95.0
test,2024-09-09 17:30:00+00:00,6,3,Oracle,2.0,68.0
test,2024-09-09 17:30:00+00:00,6,3,Persistence,0.0,95.0
test,2024-09-09 17:30:00+00:00,6,3,DailySeasonal,3.0,68.0
test,2024-09-09 17:30:00+00:00,6,3,WeeklySeasonal,3.0,68.0
test,2024-09-09 17:30:00+00:00,6,3,Climatology,3.0,68.0
test,2024-09-09 17:30:00+00:00,6,3,HistGradientBoosting,3.0,68.0
test,2024-09-09 17:30:00+00:00,6,3,RandomForest,3.0,68.0
test,2024-09-09 17:30:00+00:00,24,3,Immediate,0.0,95.0
test,2024-09-09 17:30:00+00:00,24,3,Oracle,5.5,63.5
test,2024-09-09 17:30:00+00:00,24,3,Persistence,0.0,95.0
test,2024-09-09 17:30:00+00:00,24,3,DailySeasonal,16.5,67.16666666666667
test,2024-09-09 17:30:00+00:00,24,3,WeeklySeasonal,16.5,67.16666666666667
test,2024-09-09 17:30:00+00:00,24,3,Climatology,5.0,64.16666666666667
test,2024-09-09 17:30:00+00:00,24,3,HistGradientBoosting,6.5,66.0
test,2024-09-09 17:30:00+00:00,24,3,RandomForest,6.0,64.16666666666667
test,2024-09-10 17:30:00+00:00,12,1,Immediate,0.0,76.0
test,2024-09-10 17:30:00+00:00,12,1,Oracle,6.5,43.5
test,2024-09-10 17:30:00+00:00,12,1,Persistence,0.0,76.0
test,2024-09-10 17:30:00+00:00,12,1,DailySeasonal,6.5,43.5
test,2024-09-10 17:30:00+00:00,12,1,WeeklySeasonal,7.5,45.5
test,2024-09-10 17:30:00+00:00,12,1,Climatology,7.5,45.5
test,2024-09-10 17:30:00+00:00,12,1,HistGradientBoosting,4.5,49.0
test,2024-09-10 17:30:00+00:00,12,1,RandomForest,5.0,49.5
test,2024-09-10 17:30:00+00:00,12,3,Immediate,0.0,60.666666666666664
test,2024-09-10 17:30:00+00:00,12,3,Oracle,6.0,44.666666666666664
test,2024-09-10 17:30:00+00:00,12,3,Persistence,0.0,60.666666666666664
test,2024-09-10 17:30:00+00:00,12,3,DailySeasonal,5.5,45.333333333333336
test,2024-09-10 17:30:00+00:00,12,3,WeeklySeasonal,6.5,44.833333333333336
test,2024-09-10 17:30:00+00:00,12,3,Climatology,7.0,45.166666666666664
test,2024-09-10 17:30:00+00:00,12,3,HistGradientBoosting,2.5,49.833333333333336
test,2024-09-10 17:30:00+00:00,12,3,RandomForest,3.5,47.833333333333336
test,2024-09-10 17:30:00+00:00,12,6,Immediate,0.0,54.833333333333336
test,2024-09-10 17:30:00+00:00,12,6,Oracle,4.0,45.916666666666664
test,2024-09-10 17:30:00+00:00,12,6,Persistence,0.0,54.833333333333336
test,2024-09-10 17:30:00+00:00,12,6,DailySeasonal,2.5,47.583333333333336
test,2024-09-10 17:30:00+00:00,12,6,WeeklySeasonal,4.0,45.916666666666664
test,2024-09-10 17:30:00+00:00,12,6,Climatology,5.0,46.916666666666664
test,2024-09-10 17:30:00+00:00,12,6,HistGradientBoosting,1.0,49.583333333333336
test,2024-09-10 17:30:00+00:00,12,6,RandomForest,0.5,52.083333333333336
test,2024-09-10 17:30:00+00:00,6,3,Immediate,0.0,60.666666666666664
test,2024-09-10 17:30:00+00:00,6,3,Oracle,3.0,49.0
test,2024-09-10 17:30:00+00:00,6,3,Persistence,0.0,60.666666666666664
test,2024-09-10 17:30:00+00:00,6,3,DailySeasonal,2.0,49.666666666666664
test,2024-09-10 17:30:00+00:00,6,3,WeeklySeasonal,3.0,49.0
test,2024-09-10 17:30:00+00:00,6,3,Climatology,3.0,49.0
test,2024-09-10 17:30:00+00:00,6,3,HistGradientBoosting,2.5,49.833333333333336
test,2024-09-10 17:30:00+00:00,6,3,RandomForest,3.0,49.0
test,2024-09-10 17:30:00+00:00,24,3,Immediate,0.0,60.666666666666664
test,2024-09-10 17:30:00+00:00,24,3,Oracle,16.5,44.5
test,2024-09-10 17:30:00+00:00,24,3,Persistence,0.0,60.666666666666664
test,2024-09-10 17:30:00+00:00,24,3,DailySeasonal,5.5,45.333333333333336
test,2024-09-10 17:30:00+00:00,24,3,WeeklySeasonal,16.0,46.333333333333336
test,2024-09-10 17:30:00+00:00,24,3,Climatology,17.0,44.666666666666664
test,2024-09-10 17:30:00+00:00,24,3,HistGradientBoosting,2.5,49.833333333333336
test,2024-09-10 17:30:00+00:00,24,3,RandomForest,3.5,47.833333333333336
test,2024-09-11 17:30:00+00:00,12,1,Immediate,0.0,129.0
test,2024-09-11 17:30:00+00:00,12,1,Oracle,4.0,63.0
test,2024-09-11 17:30:00+00:00,12,1,Persistence,0.0,129.0
test,2024-09-11 17:30:00+00:00,12,1,DailySeasonal,6.5,66.0
test,2024-09-11 17:30:00+00:00,12,1,WeeklySeasonal,9.5,99.0
test,2024-09-11 17:30:00+00:00,12,1,Climatology,7.5,66.0
test,2024-09-11 17:30:00+00:00,12,1,HistGradientBoosting,4.5,67.0
test,2024-09-11 17:30:00+00:00,12,1,RandomForest,6.0,65.5
test,2024-09-11 17:30:00+00:00,12,3,Immediate,0.0,124.33333333333333
test,2024-09-11 17:30:00+00:00,12,3,Oracle,4.0,64.83333333333333
test,2024-09-11 17:30:00+00:00,12,3,Persistence,0.0,124.33333333333333
test,2024-09-11 17:30:00+00:00,12,3,DailySeasonal,6.0,67.0
test,2024-09-11 17:30:00+00:00,12,3,WeeklySeasonal,8.0,89.33333333333333
test,2024-09-11 17:30:00+00:00,12,3,Climatology,5.5,65.33333333333333
test,2024-09-11 17:30:00+00:00,12,3,HistGradientBoosting,3.0,69.5
test,2024-09-11 17:30:00+00:00,12,3,RandomForest,5.0,65.5
test,2024-09-11 17:30:00+00:00,12,6,Immediate,0.0,96.91666666666667
test,2024-09-11 17:30:00+00:00,12,6,Oracle,3.5,67.08333333333333
test,2024-09-11 17:30:00+00:00,12,6,Persistence,0.0,96.91666666666667
test,2024-09-11 17:30:00+00:00,12,6,DailySeasonal,4.0,68.66666666666667
test,2024-09-11 17:30:00+00:00,12,6,WeeklySeasonal,5.5,82.41666666666667
test,2024-09-11 17:30:00+00:00,12,6,Climatology,4.0,68.66666666666667
test,2024-09-11 17:30:00+00:00,12,6,HistGradientBoosting,3.0,68.25
test,2024-09-11 17:30:00+00:00,12,6,RandomForest,3.0,68.25
test,2024-09-11 17:30:00+00:00,6,3,Immediate,0.0,124.33333333333333
test,2024-09-11 17:30:00+00:00,6,3,Oracle,3.0,69.5
test,2024-09-11 17:30:00+00:00,6,3,Persistence,0.0,124.33333333333333
test,2024-09-11 17:30:00+00:00,6,3,DailySeasonal,3.0,69.5
test,2024-09-11 17:30:00+00:00,6,3,WeeklySeasonal,3.0,69.5
test,2024-09-11 17:30:00+00:00,6,3,Climatology,3.0,69.5
test,2024-09-11 17:30:00+00:00,6,3,HistGradientBoosting,3.0,69.5
test,2024-09-11 17:30:00+00:00,6,3,RandomForest,3.0,69.5
test,2024-09-11 17:30:00+00:00,24,3,Immediate,0.0,124.33333333333333
test,2024-09-11 17:30:00+00:00,24,3,Oracle,4.0,64.83333333333333
test,2024-09-11 17:30:00+00:00,24,3,Persistence,0.0,124.33333333333333
test,2024-09-11 17:30:00+00:00,24,3,DailySeasonal,16.5,90.5
test,2024-09-11 17:30:00+00:00,24,3,WeeklySeasonal,18.0,97.0
test,2024-09-11 17:30:00+00:00,24,3,Climatology,5.5,65.33333333333333
test,2024-09-11 17:30:00+00:00,24,3,HistGradientBoosting,3.0,69.5
test,2024-09-11 17:30:00+00:00,24,3,RandomForest,5.0,65.5
test,2024-09-12 17:30:00+00:00,12,1,Immediate,0.0,172.5
test,2024-09-12 17:30:00+00:00,12,1,Oracle,6.0,92.0
test,2024-09-12 17:30:00+00:00,12,1,Persistence,0.0,172.5
test,2024-09-12 17:30:00+00:00,12,1,DailySeasonal,4.0,100.0
test,2024-09-12 17:30:00+00:00,12,1,WeeklySeasonal,4.5,98.0
test,2024-09-12 17:30:00+00:00,12,1,Climatology,7.5,95.5
test,2024-09-12 17:30:00+00:00,12,1,HistGradientBoosting,4.5,98.0
test,2024-09-12 17:30:00+00:00,12,1,RandomForest,8.0,97.0
test,2024-09-12 17:30:00+00:00,12,3,Immediate,0.0,162.33333333333334
test,2024-09-12 17:30:00+00:00,12,3,Oracle,5.5,93.83333333333333
test,2024-09-12 17:30:00+00:00,12,3,Persistence,0.0,162.33333333333334
test,2024-09-12 17:30:00+00:00,12,3,DailySeasonal,4.0,95.83333333333333
test,2024-09-12 17:30:00+00:00,12,3,WeeklySeasonal,4.5,94.66666666666667
test,2024-09-12 17:30:00+00:00,12,3,Climatology,6.5,96.16666666666667
test,2024-09-12 17:30:00+00:00,12,3,HistGradientBoosting,4.5,94.66666666666667
test,2024-09-12 17:30:00+00:00,12,3,RandomForest,7.0,101.5
test,2024-09-12 17:30:00+00:00,12,6,Immediate,0.0,133.91666666666666
test,2024-09-12 17:30:00+00:00,12,6,Oracle,3.5,97.33333333333333
test,2024-09-12 17:30:00+00:00,12,6,Persistence,0.0,133.91666666666666
test,2024-09-12 17:30:00+00:00,12,6,DailySeasonal,3.5,97.33333333333333
test,2024-09-12 17:30:00+00:00,12,6,WeeklySeasonal,3.0,100.08333333333333
test,2024-09-12 17:30:00+00:00,12,6,Climatology,4.5,101.75
test,2024-09-12 17:30:00+00:00,12,6,HistGradientBoosting,3.5,97.33333333333333
test,2024-09-12 17:30:00+00:00,12,6,RandomForest,5.5,111.58333333333333
test,2024-09-12 17:30:00+00:00,6,3,Immediate,0.0,162.33333333333334
test,2024-09-12 17:30:00+00:00,6,3,Oracle,3.0,105.5
test,2024-09-12 17:30:00+00:00,6,3,Persistence,0.0,162.33333333333334
test,2024-09-12 17:30:00+00:00,6,3,DailySeasonal,3.0,105.5
test,2024-09-12 17:30:00+00:00,6,3,WeeklySeasonal,3.0,105.5
test,2024-09-12 17:30:00+00:00,6,3,Climatology,3.0,105.5
test,2024-09-12 17:30:00+00:00,6,3,HistGradientBoosting,3.0,105.5
test,2024-09-12 17:30:00+00:00,6,3,RandomForest,3.0,105.5
test,2024-09-12 17:30:00+00:00,24,3,Immediate,0.0,162.33333333333334
test,2024-09-12 17:30:00+00:00,24,3,Oracle,5.5,93.83333333333333
test,2024-09-12 17:30:00+00:00,24,3,Persistence,0.0,162.33333333333334
test,2024-09-12 17:30:00+00:00,24,3,DailySeasonal,4.0,95.83333333333333
test,2024-09-12 17:30:00+00:00,24,3,WeeklySeasonal,4.5,94.66666666666667
test,2024-09-12 17:30:00+00:00,24,3,Climatology,17.0,113.66666666666667
test,2024-09-12 17:30:00+00:00,24,3,HistGradientBoosting,17.5,114.83333333333333
test,2024-09-12 17:30:00+00:00,24,3,RandomForest,17.0,113.66666666666667
test,2024-09-13 17:30:00+00:00,12,1,Immediate,0.0,174.0
test,2024-09-13 17:30:00+00:00,12,1,Oracle,9.5,71.5
test,2024-09-13 17:30:00+00:00,12,1,Persistence,0.0,174.0
test,2024-09-13 17:30:00+00:00,12,1,DailySeasonal,6.0,87.5
test,2024-09-13 17:30:00+00:00,12,1,WeeklySeasonal,6.5,86.5
test,2024-09-13 17:30:00+00:00,12,1,Climatology,7.5,80.0
test,2024-09-13 17:30:00+00:00,12,1,HistGradientBoosting,7.0,82.0
test,2024-09-13 17:30:00+00:00,12,1,RandomForest,6.0,87.5
test,2024-09-13 17:30:00+00:00,12,3,Immediate,0.0,156.66666666666666
test,2024-09-13 17:30:00+00:00,12,3,Oracle,8.0,76.83333333333333
test,2024-09-13 17:30:00+00:00,12,3,Persistence,0.0,156.66666666666666
test,2024-09-13 17:30:00+00:00,12,3,DailySeasonal,5.5,84.0
test,2024-09-13 17:30:00+00:00,12,3,WeeklySeasonal,6.0,83.66666666666667
test,2024-09-13 17:30:00+00:00,12,3,Climatology,7.0,80.16666666666667
test,2024-09-13 17:30:00+00:00,12,3,HistGradientBoosting,5.0,85.0
test,2024-09-13 17:30:00+00:00,12,3,RandomForest,6.0,83.66666666666667
test,2024-09-13 17:30:00+00:00,12,6,Immediate,0.0,129.91666666666666
test,2024-09-13 17:30:00+00:00,12,6,Oracle,5.5,80.75
test,2024-09-13 17:30:00+00:00,12,6,Persistence,0.0,129.91666666666666
test,2024-09-13 17:30:00+00:00,12,6,DailySeasonal,3.5,89.33333333333333
test,2024-09-13 17:30:00+00:00,12,6,WeeklySeasonal,4.5,82.83333333333333
test,2024-09-13 17:30:00+00:00,12,6,Climatology,6.0,81.16666666666667
test,2024-09-13 17:30:00+00:00,12,6,HistGradientBoosting,5.0,80.91666666666667
test,2024-09-13 17:30:00+00:00,12,6,RandomForest,4.0,86.0
test,2024-09-13 17:30:00+00:00,6,3,Immediate,0.0,156.66666666666666
test,2024-09-13 17:30:00+00:00,6,3,Oracle,3.0,103.16666666666667
test,2024-09-13 17:30:00+00:00,6,3,Persistence,0.0,156.66666666666666
test,2024-09-13 17:30:00+00:00,6,3,DailySeasonal,3.0,103.16666666666667
test,2024-09-13 17:30:00+00:00,6,3,WeeklySeasonal,3.0,103.16666666666667
test,2024-09-13 17:30:00+00:00,6,3,Climatology,3.0,103.16666666666667
test,2024-09-13 17:30:00+00:00,6,3,HistGradientBoosting,3.0,103.16666666666667
test,2024-09-13 17:30:00+00:00,6,3,RandomForest,3.0,103.16666666666667
test,2024-09-13 17:30:00+00:00,24,3,Immediate,0.0,156.66666666666666
test,2024-09-13 17:30:00+00:00,24,3,Oracle,16.5,39.833333333333336
test,2024-09-13 17:30:00+00:00,24,3,Persistence,0.0,156.66666666666666
test,2024-09-13 17:30:00+00:00,24,3,DailySeasonal,5.5,84.0
test,2024-09-13 17:30:00+00:00,24,3,WeeklySeasonal,6.0,83.66666666666667
test,2024-09-13 17:30:00+00:00,24,3,Climatology,17.0,39.833333333333336
test,2024-09-13 17:30:00+00:00,24,3,HistGradientBoosting,17.5,42.166666666666664
test,2024-09-13 17:30:00+00:00,24,3,RandomForest,6.0,83.66666666666667
test,2024-09-14 17:30:00+00:00,12,1,Immediate,0.0,108.0
test,2024-09-14 17:30:00+00:00,12,1,Oracle,9.5,59.0
test,2024-09-14 17:30:00+00:00,12,1,Persistence,0.0,108.0
test,2024-09-14 17:30:00+00:00,12,1,DailySeasonal,9.5,59.0
test,2024-09-14 17:30:00+00:00,12,1,WeeklySeasonal,9.5,59.0
test,2024-09-14 17:30:00+00:00,12,1,Climatology,9.0,60.5
test,2024-09-14 17:30:00+00:00,12,1,HistGradientBoosting,7.5,67.5
test,2024-09-14 17:30:00+00:00,12,1,RandomForest,7.5,67.5
test,2024-09-14 17:30:00+00:00,12,3,Immediate,0.0,102.5
test,2024-09-14 17:30:00+00:00,12,3,Oracle,8.5,62.5
test,2024-09-14 17:30:00+00:00,12,3,Persistence,0.0,102.5
test,2024-09-14 17:30:00+00:00,12,3,DailySeasonal,8.0,62.666666666666664
test,2024-09-14 17:30:00+00:00,12,3,WeeklySeasonal,8.0,62.666666666666664
test,2024-09-14 17:30:00+00:00,12,3,Climatology,9.0,62.666666666666664
test,2024-09-14 17:30:00+00:00,12,3,HistGradientBoosting,7.0,66.16666666666667
test,2024-09-14 17:30:00+00:00,12,3,RandomForest,7.0,66.16666666666667
test,2024-09-14 17:30:00+00:00,12,6,Immediate,0.0,97.25
test,2024-09-14 17:30:00+00:00,12,6,Oracle,6.0,67.91666666666667
test,2024-09-14 17:30:00+00:00,12,6,Persistence,0.0,97.25
test,2024-09-14 17:30:00+00:00,12,6,DailySeasonal,5.5,69.75
test,2024-09-14 17:30:00+00:00,12,6,WeeklySeasonal,6.0,67.91666666666667
test,2024-09-14 17:30:00+00:00,12,6,Climatology,6.0,67.91666666666667
test,2024-09-14 17:30:00+00:00,12,6,HistGradientBoosting,4.5,74.0
test,2024-09-14 17:30:00+00:00,12,6,RandomForest,4.0,77.0
test,2024-09-14 17:30:00+00:00,6,3,Immediate,0.0,102.5
test,2024-09-14 17:30:00+00:00,6,3,Oracle,3.0,92.0
test,2024-09-14 17:30:00+00:00,6,3,Persistence,0.0,102.5
test,2024-09-14 17:30:00+00:00,6,3,DailySeasonal,3.0,92.0
test,2024-09-14 17:30:00+00:00,6,3,WeeklySeasonal,3.0,92.0
test,2024-09-14 17:30:00+00:00,6,3,Climatology,3.0,92.0
test,2024-09-14 17:30:00+00:00,6,3,HistGradientBoosting,3.0,92.0
test,2024-09-14 17:30:00+00:00,6,3,RandomForest,3.0,92.0
test,2024-09-14 17:30:00+00:00,24,3,Immediate,0.0,102.5
test,2024-09-14 17:30:00+00:00,24,3,Oracle,8.5,62.5
test,2024-09-14 17:30:00+00:00,24,3,Persistence,0.0,102.5
test,2024-09-14 17:30:00+00:00,24,3,DailySeasonal,16.5,79.0
test,2024-09-14 17:30:00+00:00,24,3,WeeklySeasonal,18.0,96.5
test,2024-09-14 17:30:00+00:00,24,3,Climatology,16.0,76.0
test,2024-09-14 17:30:00+00:00,24,3,HistGradientBoosting,7.0,66.16666666666667
test,2024-09-14 17:30:00+00:00,24,3,RandomForest,7.0,66.16666666666667
test,2024-09-15 17:30:00+00:00,12,1,Immediate,0.0,158.0
test,2024-09-15 17:30:00+00:00,12,1,Oracle,3.5,107.5
test,2024-09-15 17:30:00+00:00,12,1,Persistence,0.0,158.0
test,2024-09-15 17:30:00+00:00,12,1,DailySeasonal,9.5,155.5
test,2024-09-15 17:30:00+00:00,12,1,WeeklySeasonal,8.0,114.5
test,2024-09-15 17:30:00+00:00,12,1,Climatology,5.0,116.5
test,2024-09-15 17:30:00+00:00,12,1,HistGradientBoosting,4.0,108.5
test,2024-09-15 17:30:00+00:00,12,1,RandomForest,3.5,107.5
test,2024-09-15 17:30:00+00:00,12,3,Immediate,0.0,148.83333333333334
test,2024-09-15 17:30:00+00:00,12,3,Oracle,3.0,112.83333333333333
test,2024-09-15 17:30:00+00:00,12,3,Persistence,0.0,148.83333333333334
test,2024-09-15 17:30:00+00:00,12,3,DailySeasonal,8.5,155.66666666666666
test,2024-09-15 17:30:00+00:00,12,3,WeeklySeasonal,6.5,117.0
test,2024-09-15 17:30:00+00:00,12,3,Climatology,5.0,116.66666666666667
test,2024-09-15 17:30:00+00:00,12,3,HistGradientBoosting,3.5,112.83333333333333
test,2024-09-15 17:30:00+00:00,12,3,RandomForest,6.5,117.0
test,2024-09-15 17:30:00+00:00,12,6,Immediate,0.0,130.83333333333334
test,2024-09-15 17:30:00+00:00,12,6,Oracle,3.0,114.41666666666667
test,2024-09-15 17:30:00+00:00,12,6,Persistence,0.0,130.83333333333334
test,2024-09-15 17:30:00+00:00,12,6,DailySeasonal,6.0,142.91666666666666
test,2024-09-15 17:30:00+00:00,12,6,WeeklySeasonal,4.0,118.25
test,2024-09-15 17:30:00+00:00,12,6,Climatology,4.0,118.25
test,2024-09-15 17:30:00+00:00,12,6,HistGradientBoosting,4.0,118.25
test,2024-09-15 17:30:00+00:00,12,6,RandomForest,3.5,114.91666666666667
test,2024-09-15 17:30:00+00:00,6,3,Immediate,0.0,148.83333333333334
test,2024-09-15 17:30:00+00:00,6,3,Oracle,3.0,112.83333333333333
test,2024-09-15 17:30:00+00:00,6,3,Persistence,0.0,148.83333333333334
test,2024-09-15 17:30:00+00:00,6,3,DailySeasonal,3.0,112.83333333333333
test,2024-09-15 17:30:00+00:00,6,3,WeeklySeasonal,3.0,112.83333333333333
test,2024-09-15 17:30:00+00:00,6,3,Climatology,3.0,112.83333333333333
test,2024-09-15 17:30:00+00:00,6,3,HistGradientBoosting,3.0,112.83333333333333
test,2024-09-15 17:30:00+00:00,6,3,RandomForest,2.5,114.16666666666667
test,2024-09-15 17:30:00+00:00,24,3,Immediate,0.0,148.83333333333334
test,2024-09-15 17:30:00+00:00,24,3,Oracle,3.0,112.83333333333333
test,2024-09-15 17:30:00+00:00,24,3,Persistence,0.0,148.83333333333334
test,2024-09-15 17:30:00+00:00,24,3,DailySeasonal,8.5,155.66666666666666
test,2024-09-15 17:30:00+00:00,24,3,WeeklySeasonal,16.5,128.5
test,2024-09-15 17:30:00+00:00,24,3,Climatology,5.0,116.66666666666667
test,2024-09-15 17:30:00+00:00,24,3,HistGradientBoosting,3.5,112.83333333333333
test,2024-09-15 17:30:00+00:00,24,3,RandomForest,17.5,128.33333333333334
test,2024-09-16 17:30:00+00:00,12,1,Immediate,0.0,192.0
test,2024-09-16 17:30:00+00:00,12,1,Oracle,7.0,102.5
test,2024-09-16 17:30:00+00:00,12,1,Persistence,0.0,192.0
test,2024-09-16 17:30:00+00:00,12,1,DailySeasonal,3.5,120.5
test,2024-09-16 17:30:00+00:00,12,1,WeeklySeasonal,6.5,104.0
test,2024-09-16 17:30:00+00:00,12,1,Climatology,5.0,111.5
test,2024-09-16 17:30:00+00:00,12,1,HistGradientBoosting,4.5,112.0
test,2024-09-16 17:30:00+00:00,12,1,RandomForest,4.0,114.5
test,2024-09-16 17:30:00+00:00,12,3,Immediate,0.0,183.5
test,2024-09-16 17:30:00+00:00,12,3,Oracle,6.5,105.0
test,2024-09-16 17:30:00+00:00,12,3,Persistence,0.0,183.5
test,2024-09-16 17:30:00+00:00,12,3,DailySeasonal,3.0,121.5
test,2024-09-16 17:30:00+00:00,12,3,WeeklySeasonal,5.5,106.66666666666667
test,2024-09-16 17:30:00+00:00,12,3,Climatology,5.0,107.16666666666667
test,2024-09-16 17:30:00+00:00,12,3,HistGradientBoosting,4.5,109.0
test,2024-09-16 17:30:00+00:00,12,3,RandomForest,4.0,111.16666666666667
test,2024-09-16 17:30:00+00:00,12,6,Immediate,0.0,152.5
test,2024-09-16 17:30:00+00:00,12,6,Oracle,3.5,109.75
test,2024-09-16 17:30:00+00:00,12,6,Persistence,0.0,152.5
test,2024-09-16 17:30:00+00:00,12,6,DailySeasonal,3.0,113.5
test,2024-09-16 17:30:00+00:00,12,6,WeeklySeasonal,2.5,118.58333333333333
test,2024-09-16 17:30:00+00:00,12,6,Climatology,4.0,110.25
test,2024-09-16 17:30:00+00:00,12,6,HistGradientBoosting,3.5,109.75
test,2024-09-16 17:30:00+00:00,12,6,RandomForest,3.5,109.75
test,2024-09-16 17:30:00+00:00,6,3,Immediate,0.0,183.5
test,2024-09-16 17:30:00+00:00,6,3,Oracle,3.0,121.5
test,2024-09-16 17:30:00+00:00,6,3,Persistence,0.0,183.5
test,2024-09-16 17:30:00+00:00,6,3,DailySeasonal,3.0,121.5
test,2024-09-16 17:30:00+00:00,6,3,WeeklySeasonal,2.0,141.33333333333334
test,2024-09-16 17:30:00+00:00,6,3,Climatology,3.0,121.5
test,2024-09-16 17:30:00+00:00,6,3,HistGradientBoosting,3.0,121.5
test,2024-09-16 17:30:00+00:00,6,3,RandomForest,3.0,121.5
test,2024-09-16 17:30:00+00:00,24,3,Immediate,0.0,183.5
test,2024-09-16 17:30:00+00:00,24,3,Oracle,16.5,95.5
test,2024-09-16 17:30:00+00:00,24,3,Persistence,0.0,183.5
test,2024-09-16 17:30:00+00:00,24,3,DailySeasonal,3.0,121.5
test,2024-09-16 17:30:00+00:00,24,3,WeeklySeasonal,5.5,106.66666666666667
test,2024-09-16 17:30:00+00:00,24,3,Climatology,5.0,107.16666666666667
test,2024-09-16 17:30:00+00:00,24,3,HistGradientBoosting,17.0,96.66666666666667
test,2024-09-16 17:30:00+00:00,24,3,RandomForest,17.5,99.66666666666667
test,2024-09-17 17:30:00+00:00,12,1,Immediate,0.0,193.5
test,2024-09-17 17:30:00+00:00,12,1,Oracle,8.0,90.0
test,2024-09-17 17:30:00+00:00,12,1,Persistence,0.0,193.5
test,2024-09-17 17:30:00+00:00,12,1,DailySeasonal,7.0,98.5
test,2024-09-17 17:30:00+00:00,12,1,WeeklySeasonal,6.5,102.0
test,2024-09-17 17:30:00+00:00,12,1,Climatology,7.5,94.5
test,2024-09-17 17:30:00+00:00,12,1,HistGradientBoosting,5.0,98.5
test,2024-09-17 17:30:00+00:00,12,1,RandomForest,4.5,98.5
test,2024-09-17 17:30:00+00:00,12,3,Immediate,0.0,179.16666666666666
test,2024-09-17 17:30:00+00:00,12,3,Oracle,6.5,95.5
test,2024-09-17 17:30:00+00:00,12,3,Persistence,0.0,179.16666666666666
test,2024-09-17 17:30:00+00:00,12,3,DailySeasonal,6.5,95.5
test,2024-09-17 17:30:00+00:00,12,3,WeeklySeasonal,6.0,97.5
test,2024-09-17 17:30:00+00:00,12,3,Climatology,7.0,98.5
test,2024-09-17 17:30:00+00:00,12,3,HistGradientBoosting,4.5,100.83333333333333
test,2024-09-17 17:30:00+00:00,12,3,RandomForest,4.5,100.83333333333333
test,2024-09-17 17:30:00+00:00,12,6,Immediate,0.0,142.41666666666666
test,2024-09-17 17:30:00+00:00,12,6,Oracle,3.5,98.66666666666667
test,2024-09-17 17:30:00+00:00,12,6,Persistence,0.0,142.41666666666666
test,2024-09-17 17:30:00+00:00,12,6,DailySeasonal,3.5,98.66666666666667
test,2024-09-17 17:30:00+00:00,12,6,WeeklySeasonal,4.0,99.58333333333333
test,2024-09-17 17:30:00+00:00,12,6,Climatology,5.0,108.08333333333333
test,2024-09-17 17:30:00+00:00,12,6,HistGradientBoosting,4.0,99.58333333333333
test,2024-09-17 17:30:00+00:00,12,6,RandomForest,3.5,98.66666666666667
test,2024-09-17 17:30:00+00:00,6,3,Immediate,0.0,179.16666666666666
test,2024-09-17 17:30:00+00:00,6,3,Oracle,3.0,105.66666666666667
test,2024-09-17 17:30:00+00:00,6,3,Persistence,0.0,179.16666666666666
test,2024-09-17 17:30:00+00:00,6,3,DailySeasonal,3.0,105.66666666666667
test,2024-09-17 17:30:00+00:00,6,3,WeeklySeasonal,3.0,105.66666666666667
test,2024-09-17 17:30:00+00:00,6,3,Climatology,3.0,105.66666666666667
test,2024-09-17 17:30:00+00:00,6,3,HistGradientBoosting,3.0,105.66666666666667
test,2024-09-17 17:30:00+00:00,6,3,RandomForest,3.0,105.66666666666667
test,2024-09-17 17:30:00+00:00,24,3,Immediate,0.0,179.16666666666666
test,2024-09-17 17:30:00+00:00,24,3,Oracle,17.5,94.33333333333333
test,2024-09-17 17:30:00+00:00,24,3,Persistence,0.0,179.16666666666666
test,2024-09-17 17:30:00+00:00,24,3,DailySeasonal,16.5,97.33333333333333
test,2024-09-17 17:30:00+00:00,24,3,WeeklySeasonal,16.5,97.33333333333333
test,2024-09-17 17:30:00+00:00,24,3,Climatology,17.0,95.0
test,2024-09-17 17:30:00+00:00,24,3,HistGradientBoosting,17.0,95.0
test,2024-09-17 17:30:00+00:00,24,3,RandomForest,17.0,95.0
test,2024-09-18 17:30:00+00:00,12,1,Immediate,0.0,175.5
test,2024-09-18 17:30:00+00:00,12,1,Oracle,4.5,98.5
test,2024-09-18 17:30:00+00:00,12,1,Persistence,0.0,175.5
test,2024-09-18 17:30:00+00:00,12,1,DailySeasonal,8.0,112.5
test,2024-09-18 17:30:00+00:00,12,1,WeeklySeasonal,4.0,100.5
test,2024-09-18 17:30:00+00:00,12,1,Climatology,7.5,110.5
test,2024-09-18 17:30:00+00:00,12,1,HistGradientBoosting,5.0,101.0
test,2024-09-18 17:30:00+00:00,12,1,RandomForest,5.0,101.0
test,2024-09-18 17:30:00+00:00,12,3,Immediate,0.0,160.5
test,2024-09-18 17:30:00+00:00,12,3,Oracle,3.5,102.5
test,2024-09-18 17:30:00+00:00,12,3,Persistence,0.0,160.5
test,2024-09-18 17:30:00+00:00,12,3,DailySeasonal,6.5,112.0
test,2024-09-18 17:30:00+00:00,12,3,WeeklySeasonal,4.0,102.83333333333333
test,2024-09-18 17:30:00+00:00,12,3,Climatology,5.5,107.66666666666667
test,2024-09-18 17:30:00+00:00,12,3,HistGradientBoosting,4.0,102.83333333333333
test,2024-09-18 17:30:00+00:00,12,3,RandomForest,4.5,103.66666666666667
test,2024-09-18 17:30:00+00:00,12,6,Immediate,0.0,132.16666666666666
test,2024-09-18 17:30:00+00:00,12,6,Oracle,3.0,106.75
test,2024-09-18 17:30:00+00:00,12,6,Persistence,0.0,132.16666666666666
test,2024-09-18 17:30:00+00:00,12,6,DailySeasonal,3.5,107.25
test,2024-09-18 17:30:00+00:00,12,6,WeeklySeasonal,3.5,107.25
test,2024-09-18 17:30:00+00:00,12,6,Climatology,4.0,111.08333333333333
test,2024-09-18 17:30:00+00:00,12,6,HistGradientBoosting,4.0,111.08333333333333
test,2024-09-18 17:30:00+00:00,12,6,RandomForest,3.5,107.25
test,2024-09-18 17:30:00+00:00,6,3,Immediate,0.0,160.5
test,2024-09-18 17:30:00+00:00,6,3,Oracle,3.0,103.83333333333333
test,2024-09-18 17:30:00+00:00,6,3,Persistence,0.0,160.5
test,2024-09-18 17:30:00+00:00,6,3,DailySeasonal,3.0,103.83333333333333
test,2024-09-18 17:30:00+00:00,6,3,WeeklySeasonal,3.0,103.83333333333333
test,2024-09-18 17:30:00+00:00,6,3,Climatology,3.0,103.83333333333333
test,2024-09-18 17:30:00+00:00,6,3,HistGradientBoosting,3.0,103.83333333333333
test,2024-09-18 17:30:00+00:00,6,3,RandomForest,3.0,103.83333333333333
test,2024-09-18 17:30:00+00:00,24,3,Immediate,0.0,160.5
test,2024-09-18 17:30:00+00:00,24,3,Oracle,3.5,102.5
test,2024-09-18 17:30:00+00:00,24,3,Persistence,0.0,160.5
test,2024-09-18 17:30:00+00:00,24,3,DailySeasonal,17.5,123.16666666666667
test,2024-09-18 17:30:00+00:00,24,3,WeeklySeasonal,4.0,102.83333333333333
test,2024-09-18 17:30:00+00:00,24,3,Climatology,5.5,107.66666666666667
test,2024-09-18 17:30:00+00:00,24,3,HistGradientBoosting,16.5,123.16666666666667
test,2024-09-18 17:30:00+00:00,24,3,RandomForest,17.0,121.5
test,2024-09-19 17:30:00+00:00,12,1,Immediate,0.0,186.0
test,2024-09-19 17:30:00+00:00,12,1,Oracle,8.5,97.0
test,2024-09-19 17:30:00+00:00,12,1,Persistence,0.0,186.0
test,2024-09-19 17:30:00+00:00,12,1,DailySeasonal,4.5,102.0
test,2024-09-19 17:30:00+00:00,12,1,WeeklySeasonal,6.0,110.0
test,2024-09-19 17:30:00+00:00,12,1,Climatology,7.5,109.5
test,2024-09-19 17:30:00+00:00,12,1,HistGradientBoosting,5.0,104.0
test,2024-09-19 17:30:00+00:00,12,1,RandomForest,5.0,104.0
test,2024-09-19 17:30:00+00:00,12,3,Immediate,0.0,165.66666666666666
test,2024-09-19 17:30:00+00:00,12,3,Oracle,3.5,103.83333333333333
test,2024-09-19 17:30:00+00:00,12,3,Persistence,0.0,165.66666666666666
test,2024-09-19 17:30:00+00:00,12,3,DailySeasonal,3.5,103.83333333333333
test,2024-09-19 17:30:00+00:00,12,3,WeeklySeasonal,5.5,109.33333333333333
test,2024-09-19 17:30:00+00:00,12,3,Climatology,6.5,106.33333333333333
test,2024-09-19 17:30:00+00:00,12,3,HistGradientBoosting,4.5,106.83333333333333
test,2024-09-19 17:30:00+00:00,12,3,RandomForest,4.5,106.83333333333333
test,2024-09-19 17:30:00+00:00,12,6,Immediate,0.0,136.16666666666666
test,2024-09-19 17:30:00+00:00,12,6,Oracle,4.0,104.75
test,2024-09-19 17:30:00+00:00,12,6,Persistence,0.0,136.16666666666666
test,2024-09-19 17:30:00+00:00,12,6,DailySeasonal,3.0,107.66666666666667
test,2024-09-19 17:30:00+00:00,12,6,WeeklySeasonal,3.5,105.08333333333333
test,2024-09-19 17:30:00+00:00,12,6,Climatology,4.5,106.0
test,2024-09-19 17:30:00+00:00,12,6,HistGradientBoosting,4.0,104.75
test,2024-09-19 17:30:00+00:00,12,6,RandomForest,3.5,105.08333333333333
test,2024-09-19 17:30:00+00:00,6,3,Immediate,0.0,165.66666666666666
test,2024-09-19 17:30:00+00:00,6,3,Oracle,3.0,106.66666666666667
test,2024-09-19 17:30:00+00:00,6,3,Persistence,0.0,165.66666666666666
test,2024-09-19 17:30:00+00:00,6,3,DailySeasonal,3.0,106.66666666666667
test,2024-09-19 17:30:00+00:00,6,3,WeeklySeasonal,3.0,106.66666666666667
test,2024-09-19 17:30:00+00:00,6,3,Climatology,3.0,106.66666666666667
test,2024-09-19 17:30:00+00:00,6,3,HistGradientBoosting,3.0,106.66666666666667
test,2024-09-19 17:30:00+00:00,6,3,RandomForest,3.0,106.66666666666667
test,2024-09-19 17:30:00+00:00,24,3,Immediate,0.0,165.66666666666666
test,2024-09-19 17:30:00+00:00,24,3,Oracle,3.5,103.83333333333333
test,2024-09-19 17:30:00+00:00,24,3,Persistence,0.0,165.66666666666666
test,2024-09-19 17:30:00+00:00,24,3,DailySeasonal,3.5,103.83333333333333
test,2024-09-19 17:30:00+00:00,24,3,WeeklySeasonal,5.5,109.33333333333333
test,2024-09-19 17:30:00+00:00,24,3,Climatology,17.0,109.5
test,2024-09-19 17:30:00+00:00,24,3,HistGradientBoosting,16.5,111.5
test,2024-09-19 17:30:00+00:00,24,3,RandomForest,16.5,111.5
test,2024-09-20 17:30:00+00:00,12,1,Immediate,0.0,133.0
test,2024-09-20 17:30:00+00:00,12,1,Oracle,3.5,81.0
test,2024-09-20 17:30:00+00:00,12,1,Persistence,0.0,133.0
test,2024-09-20 17:30:00+00:00,12,1,DailySeasonal,8.5,83.0
test,2024-09-20 17:30:00+00:00,12,1,WeeklySeasonal,9.5,87.5
test,2024-09-20 17:30:00+00:00,12,1,Climatology,7.5,86.0
test,2024-09-20 17:30:00+00:00,12,1,HistGradientBoosting,7.5,86.0
test,2024-09-20 17:30:00+00:00,12,1,RandomForest,7.0,87.0
test,2024-09-20 17:30:00+00:00,12,3,Immediate,0.0,122.5
test,2024-09-20 17:30:00+00:00,12,3,Oracle,3.5,83.33333333333333
test,2024-09-20 17:30:00+00:00,12,3,Persistence,0.0,122.5
test,2024-09-20 17:30:00+00:00,12,3,DailySeasonal,3.5,83.33333333333333
test,2024-09-20 17:30:00+00:00,12,3,WeeklySeasonal,8.0,88.66666666666667
test,2024-09-20 17:30:00+00:00,12,3,Climatology,7.0,85.0
test,2024-09-20 17:30:00+00:00,12,3,HistGradientBoosting,5.5,86.33333333333333
test,2024-09-20 17:30:00+00:00,12,3,RandomForest,5.5,86.33333333333333
test,2024-09-20 17:30:00+00:00,12,6,Immediate,0.0,103.33333333333333
test,2024-09-20 17:30:00+00:00,12,6,Oracle,3.5,84.16666666666667
test,2024-09-20 17:30:00+00:00,12,6,Persistence,0.0,103.33333333333333
test,2024-09-20 17:30:00+00:00,12,6,DailySeasonal,4.0,84.58333333333333
test,2024-09-20 17:30:00+00:00,12,6,WeeklySeasonal,5.5,90.25
test,2024-09-20 17:30:00+00:00,12,6,Climatology,6.0,93.08333333333333
test,2024-09-20 17:30:00+00:00,12,6,HistGradientBoosting,3.5,84.16666666666667
test,2024-09-20 17:30:00+00:00,12,6,RandomForest,4.5,85.25
test,2024-09-20 17:30:00+00:00,6,3,Immediate,0.0,122.5
test,2024-09-20 17:30:00+00:00,6,3,Oracle,3.0,84.16666666666667
test,2024-09-20 17:30:00+00:00,6,3,Persistence,0.0,122.5
test,2024-09-20 17:30:00+00:00,6,3,DailySeasonal,3.0,84.16666666666667
test,2024-09-20 17:30:00+00:00,6,3,WeeklySeasonal,3.0,84.16666666666667
test,2024-09-20 17:30:00+00:00,6,3,Climatology,3.0,84.16666666666667
test,2024-09-20 17:30:00+00:00,6,3,HistGradientBoosting,3.0,84.16666666666667
test,2024-09-20 17:30:00+00:00,6,3,RandomForest,3.0,84.16666666666667
test,2024-09-20 17:30:00+00:00,24,3,Immediate,0.0,122.5
test,2024-09-20 17:30:00+00:00,24,3,Oracle,3.5,83.33333333333333
test,2024-09-20 17:30:00+00:00,24,3,Persistence,0.0,122.5
test,2024-09-20 17:30:00+00:00,24,3,DailySeasonal,3.5,83.33333333333333
test,2024-09-20 17:30:00+00:00,24,3,WeeklySeasonal,16.5,114.66666666666667
test,2024-09-20 17:30:00+00:00,24,3,Climatology,17.0,113.0
test,2024-09-20 17:30:00+00:00,24,3,HistGradientBoosting,5.5,86.33333333333333
test,2024-09-20 17:30:00+00:00,24,3,RandomForest,5.5,86.33333333333333
test,2024-09-21 17:30:00+00:00,12,1,Immediate,0.0,171.5
test,2024-09-21 17:30:00+00:00,12,1,Oracle,6.5,99.5
test,2024-09-21 17:30:00+00:00,12,1,Persistence,0.0,171.5
test,2024-09-21 17:30:00+00:00,12,1,DailySeasonal,3.5,103.5
test,2024-09-21 17:30:00+00:00,12,1,WeeklySeasonal,9.5,104.5
test,2024-09-21 17:30:00+00:00,12,1,Climatology,9.0,104.5
test,2024-09-21 17:30:00+00:00,12,1,HistGradientBoosting,8.0,102.5
test,2024-09-21 17:30:00+00:00,12,1,RandomForest,11.0,117.0
test,2024-09-21 17:30:00+00:00,12,3,Immediate,0.0,158.0
test,2024-09-21 17:30:00+00:00,12,3,Oracle,5.5,100.33333333333333
test,2024-09-21 17:30:00+00:00,12,3,Persistence,0.0,158.0
test,2024-09-21 17:30:00+00:00,12,3,DailySeasonal,3.5,102.5
test,2024-09-21 17:30:00+00:00,12,3,WeeklySeasonal,8.5,105.16666666666667
test,2024-09-21 17:30:00+00:00,12,3,Climatology,9.0,108.16666666666667
test,2024-09-21 17:30:00+00:00,12,3,HistGradientBoosting,6.0,100.83333333333333
test,2024-09-21 17:30:00+00:00,12,3,RandomForest,9.0,108.16666666666667
test,2024-09-21 17:30:00+00:00,12,6,Immediate,0.0,131.75
test,2024-09-21 17:30:00+00:00,12,6,Oracle,3.5,101.83333333333333
test,2024-09-21 17:30:00+00:00,12,6,Persistence,0.0,131.75
test,2024-09-21 17:30:00+00:00,12,6,DailySeasonal,3.5,101.83333333333333
test,2024-09-21 17:30:00+00:00,12,6,WeeklySeasonal,6.0,104.5
test,2024-09-21 17:30:00+00:00,12,6,Climatology,6.0,104.5
test,2024-09-21 17:30:00+00:00,12,6,HistGradientBoosting,5.5,102.75
test,2024-09-21 17:30:00+00:00,12,6,RandomForest,6.0,104.5
test,2024-09-21 17:30:00+00:00,6,3,Immediate,0.0,158.0
test,2024-09-21 17:30:00+00:00,6,3,Oracle,3.0,105.5
test,2024-09-21 17:30:00+00:00,6,3,Persistence,0.0,158.0
test,2024-09-21 17:30:00+00:00,6,3,DailySeasonal,3.0,105.5
test,2024-09-21 17:30:00+00:00,6,3,WeeklySeasonal,3.0,105.5
test,2024-09-21 17:30:00+00:00,6,3,Climatology,3.0,105.5
test,2024-09-21 17:30:00+00:00,6,3,HistGradientBoosting,3.0,105.5
test,2024-09-21 17:30:00+00:00,6,3,RandomForest,3.0,105.5
test,2024-09-21 17:30:00+00:00,24,3,Immediate,0.0,158.0
test,2024-09-21 17:30:00+00:00,24,3,Oracle,5.5,100.33333333333333
test,2024-09-21 17:30:00+00:00,24,3,Persistence,0.0,158.0
test,2024-09-21 17:30:00+00:00,24,3,DailySeasonal,3.5,102.5
test,2024-09-21 17:30:00+00:00,24,3,WeeklySeasonal,8.5,105.16666666666667
test,2024-09-21 17:30:00+00:00,24,3,Climatology,16.0,165.0
test,2024-09-21 17:30:00+00:00,24,3,HistGradientBoosting,16.0,165.0
test,2024-09-21 17:30:00+00:00,24,3,RandomForest,12.5,151.16666666666666
test,2024-09-22 17:30:00+00:00,12,1,Immediate,0.0,206.0
test,2024-09-22 17:30:00+00:00,12,1,Oracle,6.5,141.0
test,2024-09-22 17:30:00+00:00,12,1,Persistence,0.0,206.0
test,2024-09-22 17:30:00+00:00,12,1,DailySeasonal,6.5,141.0
test,2024-09-22 17:30:00+00:00,12,1,WeeklySeasonal,3.5,152.5
test,2024-09-22 17:30:00+00:00,12,1,Climatology,5.0,143.5
test,2024-09-22 17:30:00+00:00,12,1,HistGradientBoosting,7.5,142.5
test,2024-09-22 17:30:00+00:00,12,1,RandomForest,6.0,142.5
test,2024-09-22 17:30:00+00:00,12,3,Immediate,0.0,197.33333333333334
test,2024-09-22 17:30:00+00:00,12,3,Oracle,6.0,141.83333333333334
test,2024-09-22 17:30:00+00:00,12,3,Persistence,0.0,197.33333333333334
test,2024-09-22 17:30:00+00:00,12,3,DailySeasonal,5.5,142.16666666666666
test,2024-09-22 17:30:00+00:00,12,3,WeeklySeasonal,3.0,152.16666666666666
test,2024-09-22 17:30:00+00:00,12,3,Climatology,5.0,142.5
test,2024-09-22 17:30:00+00:00,12,3,HistGradientBoosting,6.0,141.83333333333334
test,2024-09-22 17:30:00+00:00,12,3,RandomForest,4.5,142.83333333333334
test,2024-09-22 17:30:00+00:00,12,6,Immediate,0.0,174.75
test,2024-09-22 17:30:00+00:00,12,6,Oracle,4.0,143.58333333333334
test,2024-09-22 17:30:00+00:00,12,6,Persistence,0.0,174.75
test,2024-09-22 17:30:00+00:00,12,6,DailySeasonal,3.5,144.25
test,2024-09-22 17:30:00+00:00,12,6,WeeklySeasonal,3.0,147.0
test,2024-09-22 17:30:00+00:00,12,6,Climatology,4.0,143.58333333333334
test,2024-09-22 17:30:00+00:00,12,6,HistGradientBoosting,3.5,144.25
test,2024-09-22 17:30:00+00:00,12,6,RandomForest,4.0,143.58333333333334
test,2024-09-22 17:30:00+00:00,6,3,Immediate,0.0,197.33333333333334
test,2024-09-22 17:30:00+00:00,6,3,Oracle,3.0,152.16666666666666
test,2024-09-22 17:30:00+00:00,6,3,Persistence,0.0,197.33333333333334
test,2024-09-22 17:30:00+00:00,6,3,DailySeasonal,3.0,152.16666666666666
test,2024-09-22 17:30:00+00:00,6,3,WeeklySeasonal,3.0,152.16666666666666
test,2024-09-22 17:30:00+00:00,6,3,Climatology,3.0,152.16666666666666
test,2024-09-22 17:30:00+00:00,6,3,HistGradientBoosting,3.0,152.16666666666666
test,2024-09-22 17:30:00+00:00,6,3,RandomForest,3.0,152.16666666666666
test,2024-09-22 17:30:00+00:00,24,3,Immediate,0.0,197.33333333333334
test,2024-09-22 17:30:00+00:00,24,3,Oracle,6.0,141.83333333333334
test,2024-09-22 17:30:00+00:00,24,3,Persistence,0.0,197.33333333333334
test,2024-09-22 17:30:00+00:00,24,3,DailySeasonal,5.5,142.16666666666666
test,2024-09-22 17:30:00+00:00,24,3,WeeklySeasonal,3.0,152.16666666666666
test,2024-09-22 17:30:00+00:00,24,3,Climatology,5.0,142.5
test,2024-09-22 17:30:00+00:00,24,3,HistGradientBoosting,18.5,200.5
test,2024-09-22 17:30:00+00:00,24,3,RandomForest,17.5,198.66666666666666
test,2024-09-23 17:30:00+00:00,12,1,Immediate,0.0,205.0
test,2024-09-23 17:30:00+00:00,12,1,Oracle,9.0,111.5
test,2024-09-23 17:30:00+00:00,12,1,Persistence,0.0,205.0
test,2024-09-23 17:30:00+00:00,12,1,DailySeasonal,6.5,122.5
test,2024-09-23 17:30:00+00:00,12,1,WeeklySeasonal,7.0,124.0
test,2024-09-23 17:30:00+00:00,12,1,Climatology,5.0,126.5
test,2024-09-23 17:30:00+00:00,12,1,HistGradientBoosting,4.5,122.5
test,2024-09-23 17:30:00+00:00,12,1,RandomForest,6.0,125.5
test,2024-09-23 17:30:00+00:00,12,3,Immediate,0.0,189.16666666666666
test,2024-09-23 17:30:00+00:00,12,3,Oracle,7.0,118.0
test,2024-09-23 17:30:00+00:00,12,3,Persistence,0.0,189.16666666666666
test,2024-09-23 17:30:00+00:00,12,3,DailySeasonal,6.0,122.66666666666667
test,2024-09-23 17:30:00+00:00,12,3,WeeklySeasonal,6.5,119.66666666666667
test,2024-09-23 17:30:00+00:00,12,3,Climatology,5.0,125.33333333333333
test,2024-09-23 17:30:00+00:00,12,3,HistGradientBoosting,4.5,124.5
test,2024-09-23 17:30:00+00:00,12,3,RandomForest,6.0,122.66666666666667
test,2024-09-23 17:30:00+00:00,12,6,Immediate,0.0,158.75
test,2024-09-23 17:30:00+00:00,12,6,Oracle,4.0,121.0
test,2024-09-23 17:30:00+00:00,12,6,Persistence,0.0,158.75
test,2024-09-23 17:30:00+00:00,12,6,DailySeasonal,4.0,121.0
test,2024-09-23 17:30:00+00:00,12,6,WeeklySeasonal,3.5,122.33333333333333
test,2024-09-23 17:30:00+00:00,12,6,Climatology,4.0,121.0
test,2024-09-23 17:30:00+00:00,12,6,HistGradientBoosting,4.0,121.0
test,2024-09-23 17:30:00+00:00,12,6,RandomForest,4.0,121.0
test,2024-09-23 17:30:00+00:00,6,3,Immediate,0.0,189.16666666666666
test,2024-09-23 17:30:00+00:00,6,3,Oracle,3.0,128.33333333333334
test,2024-09-23 17:30:00+00:00,6,3,Persistence,0.0,189.16666666666666
test,2024-09-23 17:30:00+00:00,6,3,DailySeasonal,3.0,128.33333333333334
test,2024-09-23 17:30:00+00:00,6,3,WeeklySeasonal,3.0,128.33333333333334
test,2024-09-23 17:30:00+00:00,6,3,Climatology,3.0,128.33333333333334
test,2024-09-23 17:30:00+00:00,6,3,HistGradientBoosting,3.0,128.33333333333334
test,2024-09-23 17:30:00+00:00,6,3,RandomForest,3.0,128.33333333333334
test,2024-09-23 17:30:00+00:00,24,3,Immediate,0.0,189.16666666666666
test,2024-09-23 17:30:00+00:00,24,3,Oracle,7.0,118.0
test,2024-09-23 17:30:00+00:00,24,3,Persistence,0.0,189.16666666666666
test,2024-09-23 17:30:00+00:00,24,3,DailySeasonal,6.0,122.66666666666667
test,2024-09-23 17:30:00+00:00,24,3,WeeklySeasonal,16.5,142.33333333333334
test,2024-09-23 17:30:00+00:00,24,3,Climatology,5.0,125.33333333333333
test,2024-09-23 17:30:00+00:00,24,3,HistGradientBoosting,17.5,145.33333333333334
test,2024-09-23 17:30:00+00:00,24,3,RandomForest,17.5,145.33333333333334
test,2024-09-24 17:30:00+00:00,12,1,Immediate,0.0,171.0
test,2024-09-24 17:30:00+00:00,12,1,Oracle,5.5,96.0
test,2024-09-24 17:30:00+00:00,12,1,Persistence,0.0,171.0
test,2024-09-24 17:30:00+00:00,12,1,DailySeasonal,9.0,128.0
test,2024-09-24 17:30:00+00:00,12,1,WeeklySeasonal,8.0,116.0
test,2024-09-24 17:30:00+00:00,12,1,Climatology,7.5,113.0
test,2024-09-24 17:30:00+00:00,12,1,HistGradientBoosting,5.5,96.0
test,2024-09-24 17:30:00+00:00,12,1,RandomForest,6.0,97.0
test,2024-09-24 17:30:00+00:00,12,3,Immediate,0.0,150.5
test,2024-09-24 17:30:00+00:00,12,3,Oracle,4.0,99.16666666666667
test,2024-09-24 17:30:00+00:00,12,3,Persistence,0.0,150.5
test,2024-09-24 17:30:00+00:00,12,3,DailySeasonal,7.0,117.16666666666667
test,2024-09-24 17:30:00+00:00,12,3,WeeklySeasonal,6.5,111.83333333333333
test,2024-09-24 17:30:00+00:00,12,3,Climatology,7.0,117.16666666666667
test,2024-09-24 17:30:00+00:00,12,3,HistGradientBoosting,4.5,99.66666666666667
test,2024-09-24 17:30:00+00:00,12,3,RandomForest,4.5,99.66666666666667
test,2024-09-24 17:30:00+00:00,12,6,Immediate,0.0,126.41666666666667
test,2024-09-24 17:30:00+00:00,12,6,Oracle,3.0,104.58333333333333
test,2024-09-24 17:30:00+00:00,12,6,Persistence,0.0,126.41666666666667
test,2024-09-24 17:30:00+00:00,12,6,DailySeasonal,4.0,108.16666666666667
test,2024-09-24 17:30:00+00:00,12,6,WeeklySeasonal,3.5,105.83333333333333
test,2024-09-24 17:30:00+00:00,12,6,Climatology,5.0,119.0
test,2024-09-24 17:30:00+00:00,12,6,HistGradientBoosting,4.0,108.16666666666667
test,2024-09-24 17:30:00+00:00,12,6,RandomForest,3.5,105.83333333333333
test,2024-09-24 17:30:00+00:00,6,3,Immediate,0.0,150.5
test,2024-09-24 17:30:00+00:00,6,3,Oracle,3.0,102.33333333333333
test,2024-09-24 17:30:00+00:00,6,3,Persistence,0.0,150.5
test,2024-09-24 17:30:00+00:00,6,3,DailySeasonal,3.0,102.33333333333333
test,2024-09-24 17:30:00+00:00,6,3,WeeklySeasonal,3.0,102.33333333333333
test,2024-09-24 17:30:00+00:00,6,3,Climatology,3.0,102.33333333333333
test,2024-09-24 17:30:00+00:00,6,3,HistGradientBoosting,3.0,102.33333333333333
test,2024-09-24 17:30:00+00:00,6,3,RandomForest,3.0,102.33333333333333
test,2024-09-24 17:30:00+00:00,24,3,Immediate,0.0,150.5
test,2024-09-24 17:30:00+00:00,24,3,Oracle,4.0,99.16666666666667
test,2024-09-24 17:30:00+00:00,24,3,Persistence,0.0,150.5
test,2024-09-24 17:30:00+00:00,24,3,DailySeasonal,7.0,117.16666666666667
test,2024-09-24 17:30:00+00:00,24,3,WeeklySeasonal,17.5,211.5
test,2024-09-24 17:30:00+00:00,24,3,Climatology,17.0,212.33333333333334
test,2024-09-24 17:30:00+00:00,24,3,HistGradientBoosting,4.5,99.66666666666667
test,2024-09-24 17:30:00+00:00,24,3,RandomForest,4.5,99.66666666666667
test,2024-09-25 17:30:00+00:00,12,1,Immediate,0.0,178.5
test,2024-09-25 17:30:00+00:00,12,1,Oracle,5.0,72.0
test,2024-09-25 17:30:00+00:00,12,1,Persistence,0.0,178.5
test,2024-09-25 17:30:00+00:00,12,1,DailySeasonal,5.5,75.0
test,2024-09-25 17:30:00+00:00,12,1,WeeklySeasonal,4.5,72.5
test,2024-09-25 17:30:00+00:00,12,1,Climatology,7.5,82.5
test,2024-09-25 17:30:00+00:00,12,1,HistGradientBoosting,7.5,82.5
test,2024-09-25 17:30:00+00:00,12,1,RandomForest,5.0,72.0
test,2024-09-25 17:30:00+00:00,12,3,Immediate,0.0,147.5
test,2024-09-25 17:30:00+00:00,12,3,Oracle,3.5,75.33333333333333
test,2024-09-25 17:30:00+00:00,12,3,Persistence,0.0,147.5
test,2024-09-25 17:30:00+00:00,12,3,DailySeasonal,4.0,76.5
test,2024-09-25 17:30:00+00:00,12,3,WeeklySeasonal,3.5,75.33333333333333
test,2024-09-25 17:30:00+00:00,12,3,Climatology,5.5,81.83333333333333
test,2024-09-25 17:30:00+00:00,12,3,HistGradientBoosting,6.5,85.16666666666667
test,2024-09-25 17:30:00+00:00,12,3,RandomForest,4.5,78.5
test,2024-09-25 17:30:00+00:00,12,6,Immediate,0.0,112.75
test,2024-09-25 17:30:00+00:00,12,6,Oracle,3.5,80.25
test,2024-09-25 17:30:00+00:00,12,6,Persistence,0.0,112.75
test,2024-09-25 17:30:00+00:00,12,6,DailySeasonal,3.0,80.91666666666667
test,2024-09-25 17:30:00+00:00,12,6,WeeklySeasonal,3.0,80.91666666666667
test,2024-09-25 17:30:00+00:00,12,6,Climatology,4.0,80.91666666666667
test,2024-09-25 17:30:00+00:00,12,6,HistGradientBoosting,3.5,80.25
test,2024-09-25 17:30:00+00:00,12,6,RandomForest,3.0,80.91666666666667
test,2024-09-25 17:30:00+00:00,6,3,Immediate,0.0,147.5
test,2024-09-25 17:30:00+00:00,6,3,Oracle,3.0,78.0
test,2024-09-25 17:30:00+00:00,6,3,Persistence,0.0,147.5
test,2024-09-25 17:30:00+00:00,6,3,DailySeasonal,3.0,78.0
test,2024-09-25 17:30:00+00:00,6,3,WeeklySeasonal,3.0,78.0
test,2024-09-25 17:30:00+00:00,6,3,Climatology,3.0,78.0
test,2024-09-25 17:30:00+00:00,6,3,HistGradientBoosting,3.0,78.0
test,2024-09-25 17:30:00+00:00,6,3,RandomForest,3.0,78.0
test,2024-09-25 17:30:00+00:00,24,3,Immediate,0.0,147.5
test,2024-09-25 17:30:00+00:00,24,3,Oracle,3.5,75.33333333333333
test,2024-09-25 17:30:00+00:00,24,3,Persistence,0.0,147.5
test,2024-09-25 17:30:00+00:00,24,3,DailySeasonal,4.0,76.5
test,2024-09-25 17:30:00+00:00,24,3,WeeklySeasonal,3.5,75.33333333333333
test,2024-09-25 17:30:00+00:00,24,3,Climatology,5.5,81.83333333333333
test,2024-09-25 17:30:00+00:00,24,3,HistGradientBoosting,6.5,85.16666666666667
test,2024-09-25 17:30:00+00:00,24,3,RandomForest,18.0,91.83333333333333
test,2024-09-26 17:30:00+00:00,12,1,Immediate,0.0,114.0
test,2024-09-26 17:30:00+00:00,12,1,Oracle,8.5,44.0
test,2024-09-26 17:30:00+00:00,12,1,Persistence,0.0,114.0
test,2024-09-26 17:30:00+00:00,12,1,DailySeasonal,5.0,51.0
test,2024-09-26 17:30:00+00:00,12,1,WeeklySeasonal,8.5,44.0
test,2024-09-26 17:30:00+00:00,12,1,Climatology,7.5,60.0
test,2024-09-26 17:30:00+00:00,12,1,HistGradientBoosting,5.5,51.5
test,2024-09-26 17:30:00+00:00,12,1,RandomForest,4.5,50.5
test,2024-09-26 17:30:00+00:00,12,3,Immediate,0.0,92.66666666666667
test,2024-09-26 17:30:00+00:00,12,3,Oracle,8.0,47.833333333333336
test,2024-09-26 17:30:00+00:00,12,3,Persistence,0.0,92.66666666666667
test,2024-09-26 17:30:00+00:00,12,3,DailySeasonal,3.5,50.833333333333336
test,2024-09-26 17:30:00+00:00,12,3,WeeklySeasonal,3.5,50.833333333333336
test,2024-09-26 17:30:00+00:00,12,3,Climatology,6.5,55.166666666666664
test,2024-09-26 17:30:00+00:00,12,3,HistGradientBoosting,3.5,50.833333333333336
test,2024-09-26 17:30:00+00:00,12,3,RandomForest,3.5,50.833333333333336
test,2024-09-26 17:30:00+00:00,12,6,Immediate,0.0,72.33333333333333
test,2024-09-26 17:30:00+00:00,12,6,Oracle,5.0,52.25
test,2024-09-26 17:30:00+00:00,12,6,Persistence,0.0,72.33333333333333
test,2024-09-26 17:30:00+00:00,12,6,DailySeasonal,3.5,53.0
test,2024-09-26 17:30:00+00:00,12,6,WeeklySeasonal,4.0,52.416666666666664
test,2024-09-26 17:30:00+00:00,12,6,Climatology,4.5,52.416666666666664
test,2024-09-26 17:30:00+00:00,12,6,HistGradientBoosting,3.5,53.0
test,2024-09-26 17:30:00+00:00,12,6,RandomForest,3.0,54.166666666666664
test,2024-09-26 17:30:00+00:00,6,3,Immediate,0.0,92.66666666666667
test,2024-09-26 17:30:00+00:00,6,3,Oracle,3.0,52.0
test,2024-09-26 17:30:00+00:00,6,3,Persistence,0.0,92.66666666666667
test,2024-09-26 17:30:00+00:00,6,3,DailySeasonal,3.0,52.0
test,2024-09-26 17:30:00+00:00,6,3,WeeklySeasonal,3.0,52.0
test,2024-09-26 17:30:00+00:00,6,3,Climatology,3.0,52.0
test,2024-09-26 17:30:00+00:00,6,3,HistGradientBoosting,3.0,52.0
test,2024-09-26 17:30:00+00:00,6,3,RandomForest,3.0,52.0
test,2024-09-26 17:30:00+00:00,24,3,Immediate,0.0,92.66666666666667
test,2024-09-26 17:30:00+00:00,24,3,Oracle,17.0,42.333333333333336
test,2024-09-26 17:30:00+00:00,24,3,Persistence,0.0,92.66666666666667
test,2024-09-26 17:30:00+00:00,24,3,DailySeasonal,3.5,50.833333333333336
test,2024-09-26 17:30:00+00:00,24,3,WeeklySeasonal,3.5,50.833333333333336
test,2024-09-26 17:30:00+00:00,24,3,Climatology,17.0,42.333333333333336
test,2024-09-26 17:30:00+00:00,24,3,HistGradientBoosting,3.5,50.833333333333336
test,2024-09-26 17:30:00+00:00,24,3,RandomForest,3.5,50.833333333333336
test,2024-09-27 17:30:00+00:00,12,1,Immediate,0.0,109.5
test,2024-09-27 17:30:00+00:00,12,1,Oracle,4.5,51.5
test,2024-09-27 17:30:00+00:00,12,1,Persistence,0.0,109.5
test,2024-09-27 17:30:00+00:00,12,1,DailySeasonal,8.5,63.0
test,2024-09-27 17:30:00+00:00,12,1,WeeklySeasonal,3.5,54.5
test,2024-09-27 17:30:00+00:00,12,1,Climatology,7.5,61.5
test,2024-09-27 17:30:00+00:00,12,1,HistGradientBoosting,4.5,51.5
test,2024-09-27 17:30:00+00:00,12,1,RandomForest,6.0,57.0
test,2024-09-27 17:30:00+00:00,12,3,Immediate,0.0,98.33333333333333
test,2024-09-27 17:30:00+00:00,12,3,Oracle,3.5,53.5
test,2024-09-27 17:30:00+00:00,12,3,Persistence,0.0,98.33333333333333
test,2024-09-27 17:30:00+00:00,12,3,DailySeasonal,8.0,69.33333333333333
test,2024-09-27 17:30:00+00:00,12,3,WeeklySeasonal,3.5,53.5
test,2024-09-27 17:30:00+00:00,12,3,Climatology,7.0,62.666666666666664
test,2024-09-27 17:30:00+00:00,12,3,HistGradientBoosting,4.0,54.0
test,2024-09-27 17:30:00+00:00,12,3,RandomForest,4.5,55.0
test,2024-09-27 17:30:00+00:00,12,6,Immediate,0.0,77.0
test,2024-09-27 17:30:00+00:00,12,6,Oracle,3.5,57.333333333333336
test,2024-09-27 17:30:00+00:00,12,6,Persistence,0.0,77.0
test,2024-09-27 17:30:00+00:00,12,6,DailySeasonal,5.0,62.916666666666664
test,2024-09-27 17:30:00+00:00,12,6,WeeklySeasonal,3.5,57.333333333333336
test,2024-09-27 17:30:00+00:00,12,6,Climatology,6.0,73.08333333333333
test,2024-09-27 17:30:00+00:00,12,6,HistGradientBoosting,4.0,58.333333333333336
test,2024-09-27 17:30:00+00:00,12,6,RandomForest,3.5,57.333333333333336
test,2024-09-27 17:30:00+00:00,6,3,Immediate,0.0,98.33333333333333
test,2024-09-27 17:30:00+00:00,6,3,Oracle,3.0,55.666666666666664
test,2024-09-27 17:30:00+00:00,6,3,Persistence,0.0,98.33333333333333
test,2024-09-27 17:30:00+00:00,6,3,DailySeasonal,3.0,55.666666666666664
test,2024-09-27 17:30:00+00:00,6,3,WeeklySeasonal,3.0,55.666666666666664
test,2024-09-27 17:30:00+00:00,6,3,Climatology,3.0,55.666666666666664
test,2024-09-27 17:30:00+00:00,6,3,HistGradientBoosting,3.0,55.666666666666664
test,2024-09-27 17:30:00+00:00,6,3,RandomForest,3.0,55.666666666666664
test,2024-09-27 17:30:00+00:00,24,3,Immediate,0.0,98.33333333333333
test,2024-09-27 17:30:00+00:00,24,3,Oracle,3.5,53.5
test,2024-09-27 17:30:00+00:00,24,3,Persistence,0.0,98.33333333333333
test,2024-09-27 17:30:00+00:00,24,3,DailySeasonal,17.0,124.83333333333333
test,2024-09-27 17:30:00+00:00,24,3,WeeklySeasonal,3.5,53.5
test,2024-09-27 17:30:00+00:00,24,3,Climatology,17.0,124.83333333333333
test,2024-09-27 17:30:00+00:00,24,3,HistGradientBoosting,4.0,54.0
test,2024-09-27 17:30:00+00:00,24,3,RandomForest,4.5,55.0
test,2024-09-28 17:30:00+00:00,12,1,Immediate,0.0,215.0
test,2024-09-28 17:30:00+00:00,12,1,Oracle,10.0,100.5
test,2024-09-28 17:30:00+00:00,12,1,Persistence,0.0,215.0
test,2024-09-28 17:30:00+00:00,12,1,DailySeasonal,4.5,144.0
test,2024-09-28 17:30:00+00:00,12,1,WeeklySeasonal,6.5,115.5
test,2024-09-28 17:30:00+00:00,12,1,Climatology,9.0,104.5
test,2024-09-28 17:30:00+00:00,12,1,HistGradientBoosting,9.5,102.5
test,2024-09-28 17:30:00+00:00,12,1,RandomForest,10.5,102.5
test,2024-09-28 17:30:00+00:00,12,3,Immediate,0.0,207.0
test,2024-09-28 17:30:00+00:00,12,3,Oracle,9.0,102.5
test,2024-09-28 17:30:00+00:00,12,3,Persistence,0.0,207.0
test,2024-09-28 17:30:00+00:00,12,3,DailySeasonal,3.5,143.66666666666666
test,2024-09-28 17:30:00+00:00,12,3,WeeklySeasonal,5.5,116.66666666666667
test,2024-09-28 17:30:00+00:00,12,3,Climatology,9.0,102.5
test,2024-09-28 17:30:00+00:00,12,3,HistGradientBoosting,8.5,102.66666666666667
test,2024-09-28 17:30:00+00:00,12,3,RandomForest,9.0,102.5
test,2024-09-28 17:30:00+00:00,12,6,Immediate,0.0,180.08333333333334
test,2024-09-28 17:30:00+00:00,12,6,Oracle,6.0,107.08333333333333
test,2024-09-28 17:30:00+00:00,12,6,Persistence,0.0,180.08333333333334
test,2024-09-28 17:30:00+00:00,12,6,DailySeasonal,3.5,126.0
test,2024-09-28 17:30:00+00:00,12,6,WeeklySeasonal,3.5,126.0
test,2024-09-28 17:30:00+00:00,12,6,Climatology,6.0,107.08333333333333
test,2024-09-28 17:30:00+00:00,12,6,HistGradientBoosting,6.0,107.08333333333333
test,2024-09-28 17:30:00+00:00,12,6,RandomForest,6.0,107.08333333333333
test,2024-09-28 17:30:00+00:00,6,3,Immediate,0.0,207.0
test,2024-09-28 17:30:00+00:00,6,3,Oracle,3.0,153.16666666666666
test,2024-09-28 17:30:00+00:00,6,3,Persistence,0.0,207.0
test,2024-09-28 17:30:00+00:00,6,3,DailySeasonal,3.0,153.16666666666666
test,2024-09-28 17:30:00+00:00,6,3,WeeklySeasonal,3.0,153.16666666666666
test,2024-09-28 17:30:00+00:00,6,3,Climatology,3.0,153.16666666666666
test,2024-09-28 17:30:00+00:00,6,3,HistGradientBoosting,3.0,153.16666666666666
test,2024-09-28 17:30:00+00:00,6,3,RandomForest,3.0,153.16666666666666
test,2024-09-28 17:30:00+00:00,24,3,Immediate,0.0,207.0
test,2024-09-28 17:30:00+00:00,24,3,Oracle,18.0,74.0
test,2024-09-28 17:30:00+00:00,24,3,Persistence,0.0,207.0
test,2024-09-28 17:30:00+00:00,24,3,DailySeasonal,3.5,143.66666666666666
test,2024-09-28 17:30:00+00:00,24,3,WeeklySeasonal,5.5,116.66666666666667
test,2024-09-28 17:30:00+00:00,24,3,Climatology,16.0,81.83333333333333
test,2024-09-28 17:30:00+00:00,24,3,HistGradientBoosting,16.5,79.0
test,2024-09-28 17:30:00+00:00,24,3,RandomForest,13.0,103.0
test,2024-09-29 17:30:00+00:00,12,1,Immediate,0.0,72.0
test,2024-09-29 17:30:00+00:00,12,1,Oracle,4.0,51.5
test,2024-09-29 17:30:00+00:00,12,1,Persistence,0.0,72.0
test,2024-09-29 17:30:00+00:00,12,1,DailySeasonal,10.0,61.5
test,2024-09-29 17:30:00+00:00,12,1,WeeklySeasonal,6.5,59.0
test,2024-09-29 17:30:00+00:00,12,1,Climatology,5.0,52.0
test,2024-09-29 17:30:00+00:00,12,1,HistGradientBoosting,3.5,54.5
test,2024-09-29 17:30:00+00:00,12,1,RandomForest,4.0,51.5
test,2024-09-29 17:30:00+00:00,12,3,Immediate,0.0,61.0
test,2024-09-29 17:30:00+00:00,12,3,Oracle,3.0,53.0
test,2024-09-29 17:30:00+00:00,12,3,Persistence,0.0,61.0
test,2024-09-29 17:30:00+00:00,12,3,DailySeasonal,9.0,64.66666666666667
test,2024-09-29 17:30:00+00:00,12,3,WeeklySeasonal,6.0,58.0
test,2024-09-29 17:30:00+00:00,12,3,Climatology,5.0,56.0
test,2024-09-29 17:30:00+00:00,12,3,HistGradientBoosting,3.0,53.0
test,2024-09-29 17:30:00+00:00,12,3,RandomForest,2.5,54.0
test,2024-09-29 17:30:00+00:00,12,6,Immediate,0.0,57.0
test,2024-09-29 17:30:00+00:00,12,6,Oracle,1.0,54.583333333333336
test,2024-09-29 17:30:00+00:00,12,6,Persistence,0.0,57.0
test,2024-09-29 17:30:00+00:00,12,6,DailySeasonal,6.0,61.333333333333336
test,2024-09-29 17:30:00+00:00,12,6,WeeklySeasonal,4.0,55.916666666666664
test,2024-09-29 17:30:00+00:00,12,6,Climatology,4.0,55.916666666666664
test,2024-09-29 17:30:00+00:00,12,6,HistGradientBoosting,0.0,57.0
test,2024-09-29 17:30:00+00:00,12,6,RandomForest,2.5,55.416666666666664
test,2024-09-29 17:30:00+00:00,6,3,Immediate,0.0,61.0
test,2024-09-29 17:30:00+00:00,6,3,Oracle,3.0,53.0
test,2024-09-29 17:30:00+00:00,6,3,Persistence,0.0,61.0
test,2024-09-29 17:30:00+00:00,6,3,DailySeasonal,3.0,53.0
test,2024-09-29 17:30:00+00:00,6,3,WeeklySeasonal,3.0,53.0
test,2024-09-29 17:30:00+00:00,6,3,Climatology,3.0,53.0
test,2024-09-29 17:30:00+00:00,6,3,HistGradientBoosting,3.0,53.0
test,2024-09-29 17:30:00+00:00,6,3,RandomForest,2.5,54.0
test,2024-09-29 17:30:00+00:00,24,3,Immediate,0.0,61.0
test,2024-09-29 17:30:00+00:00,24,3,Oracle,3.0,53.0
test,2024-09-29 17:30:00+00:00,24,3,Persistence,0.0,61.0
test,2024-09-29 17:30:00+00:00,24,3,DailySeasonal,18.0,119.83333333333333
test,2024-09-29 17:30:00+00:00,24,3,WeeklySeasonal,6.0,58.0
test,2024-09-29 17:30:00+00:00,24,3,Climatology,5.0,56.0
test,2024-09-29 17:30:00+00:00,24,3,HistGradientBoosting,3.0,53.0
test,2024-09-29 17:30:00+00:00,24,3,RandomForest,2.5,54.0
test,2024-09-30 17:30:00+00:00,12,1,Immediate,0.0,124.0
test,2024-09-30 17:30:00+00:00,12,1,Oracle,8.5,52.5
test,2024-09-30 17:30:00+00:00,12,1,Persistence,0.0,124.0
test,2024-09-30 17:30:00+00:00,12,1,DailySeasonal,4.0,60.0
test,2024-09-30 17:30:00+00:00,12,1,WeeklySeasonal,9.0,55.5
test,2024-09-30 17:30:00+00:00,12,1,Climatology,5.0,59.0
test,2024-09-30 17:30:00+00:00,12,1,HistGradientBoosting,4.5,59.0
test,2024-09-30 17:30:00+00:00,12,1,RandomForest,5.0,59.0
test,2024-09-30 17:30:00+00:00,12,3,Immediate,0.0,102.0
test,2024-09-30 17:30:00+00:00,12,3,Oracle,6.5,55.166666666666664
test,2024-09-30 17:30:00+00:00,12,3,Persistence,0.0,102.0
test,2024-09-30 17:30:00+00:00,12,3,DailySeasonal,3.0,60.833333333333336
test,2024-09-30 17:30:00+00:00,12,3,WeeklySeasonal,7.0,55.5
test,2024-09-30 17:30:00+00:00,12,3,Climatology,5.0,58.166666666666664
test,2024-09-30 17:30:00+00:00,12,3,HistGradientBoosting,3.0,60.833333333333336
test,2024-09-30 17:30:00+00:00,12,3,RandomForest,3.5,60.166666666666664
test,2024-09-30 17:30:00+00:00,12,6,Immediate,0.0,81.41666666666667
test,2024-09-30 17:30:00+00:00,12,6,Oracle,4.0,57.333333333333336
test,2024-09-30 17:30:00+00:00,12,6,Persistence,0.0,81.41666666666667
test,2024-09-30 17:30:00+00:00,12,6,DailySeasonal,1.0,70.5
test,2024-09-30 17:30:00+00:00,12,6,WeeklySeasonal,4.0,57.333333333333336
test,2024-09-30 17:30:00+00:00,12,6,Climatology,4.0,57.333333333333336
test,2024-09-30 17:30:00+00:00,12,6,HistGradientBoosting,2.0,62.333333333333336
test,2024-09-30 17:30:00+00:00,12,6,RandomForest,1.5,66.0
test,2024-09-30 17:30:00+00:00,6,3,Immediate,0.0,102.0
test,2024-09-30 17:30:00+00:00,6,3,Oracle,3.0,60.833333333333336
test,2024-09-30 17:30:00+00:00,6,3,Persistence,0.0,102.0
test,2024-09-30 17:30:00+00:00,6,3,DailySeasonal,3.0,60.833333333333336
test,2024-09-30 17:30:00+00:00,6,3,WeeklySeasonal,3.0,60.833333333333336
test,2024-09-30 17:30:00+00:00,6,3,Climatology,3.0,60.833333333333336
test,2024-09-30 17:30:00+00:00,6,3,HistGradientBoosting,3.0,60.833333333333336
test,2024-09-30 17:30:00+00:00,6,3,RandomForest,3.0,60.833333333333336
test,2024-09-30 17:30:00+00:00,24,3,Immediate,0.0,102.0
test,2024-09-30 17:30:00+00:00,24,3,Oracle,6.5,55.166666666666664
test,2024-09-30 17:30:00+00:00,24,3,Persistence,0.0,102.0
test,2024-09-30 17:30:00+00:00,24,3,DailySeasonal,3.0,60.833333333333336
test,2024-09-30 17:30:00+00:00,24,3,WeeklySeasonal,7.0,55.5
test,2024-09-30 17:30:00+00:00,24,3,Climatology,5.0,58.166666666666664
test,2024-09-30 17:30:00+00:00,24,3,HistGradientBoosting,3.0,60.833333333333336
test,2024-09-30 17:30:00+00:00,24,3,RandomForest,3.5,60.166666666666664
test,2024-10-01 17:30:00+00:00,12,1,Immediate,0.0,126.5
test,2024-10-01 17:30:00+00:00,12,1,Oracle,5.0,52.0
test,2024-10-01 17:30:00+00:00,12,1,Persistence,0.0,126.5
test,2024-10-01 17:30:00+00:00,12,1,DailySeasonal,8.5,60.5
test,2024-10-01 17:30:00+00:00,12,1,WeeklySeasonal,5.5,53.0
test,2024-10-01 17:30:00+00:00,12,1,Climatology,7.5,56.5
test,2024-10-01 17:30:00+00:00,12,1,HistGradientBoosting,4.5,53.0
test,2024-10-01 17:30:00+00:00,12,1,RandomForest,4.5,53.0
test,2024-10-01 17:30:00+00:00,12,3,Immediate,0.0,108.5
test,2024-10-01 17:30:00+00:00,12,3,Oracle,4.0,53.166666666666664
test,2024-10-01 17:30:00+00:00,12,3,Persistence,0.0,108.5
test,2024-10-01 17:30:00+00:00,12,3,DailySeasonal,6.5,57.5
test,2024-10-01 17:30:00+00:00,12,3,WeeklySeasonal,4.0,53.166666666666664
test,2024-10-01 17:30:00+00:00,12,3,Climatology,7.0,60.333333333333336
test,2024-10-01 17:30:00+00:00,12,3,HistGradientBoosting,2.5,59.666666666666664
test,2024-10-01 17:30:00+00:00,12,3,RandomForest,3.5,53.666666666666664
test,2024-10-01 17:30:00+00:00,12,6,Immediate,0.0,82.25
test,2024-10-01 17:30:00+00:00,12,6,Oracle,3.5,55.583333333333336
test,2024-10-01 17:30:00+00:00,12,6,Persistence,0.0,82.25
test,2024-10-01 17:30:00+00:00,12,6,DailySeasonal,4.0,56.75
test,2024-10-01 17:30:00+00:00,12,6,WeeklySeasonal,3.0,56.083333333333336
test,2024-10-01 17:30:00+00:00,12,6,Climatology,5.0,64.5
test,2024-10-01 17:30:00+00:00,12,6,HistGradientBoosting,2.5,57.333333333333336
test,2024-10-01 17:30:00+00:00,12,6,RandomForest,2.0,60.5
test,2024-10-01 17:30:00+00:00,6,3,Immediate,0.0,108.5
test,2024-10-01 17:30:00+00:00,6,3,Oracle,3.0,56.0
test,2024-10-01 17:30:00+00:00,6,3,Persistence,0.0,108.5
test,2024-10-01 17:30:00+00:00,6,3,DailySeasonal,3.0,56.0
test,2024-10-01 17:30:00+00:00,6,3,WeeklySeasonal,3.0,56.0
test,2024-10-01 17:30:00+00:00,6,3,Climatology,3.0,56.0
test,2024-10-01 17:30:00+00:00,6,3,HistGradientBoosting,2.5,59.666666666666664
test,2024-10-01 17:30:00+00:00,6,3,RandomForest,3.0,56.0
test,2024-10-01 17:30:00+00:00,24,3,Immediate,0.0,108.5
test,2024-10-01 17:30:00+00:00,24,3,Oracle,4.0,53.166666666666664
test,2024-10-01 17:30:00+00:00,24,3,Persistence,0.0,108.5
test,2024-10-01 17:30:00+00:00,24,3,DailySeasonal,6.5,57.5
test,2024-10-01 17:30:00+00:00,24,3,WeeklySeasonal,4.0,53.166666666666664
test,2024-10-01 17:30:00+00:00,24,3,Climatology,17.0,119.5
test,2024-10-01 17:30:00+00:00,24,3,HistGradientBoosting,2.5,59.666666666666664
test,2024-10-01 17:30:00+00:00,24,3,RandomForest,3.5,53.666666666666664
test,2024-10-02 17:30:00+00:00,12,1,Immediate,0.0,171.0
test,2024-10-02 17:30:00+00:00,12,1,Oracle,3.5,103.0
test,2024-10-02 17:30:00+00:00,12,1,Persistence,0.0,171.0
test,2024-10-02 17:30:00+00:00,12,1,DailySeasonal,5.0,115.0
test,2024-10-02 17:30:00+00:00,12,1,WeeklySeasonal,5.0,115.0
test,2024-10-02 17:30:00+00:00,12,1,Climatology,7.5,122.0
test,2024-10-02 17:30:00+00:00,12,1,HistGradientBoosting,5.0,115.0
test,2024-10-02 17:30:00+00:00,12,1,RandomForest,5.0,115.0
test,2024-10-02 17:30:00+00:00,12,3,Immediate,0.0,155.0
test,2024-10-02 17:30:00+00:00,12,3,Oracle,3.0,110.16666666666667
test,2024-10-02 17:30:00+00:00,12,3,Persistence,0.0,155.0
test,2024-10-02 17:30:00+00:00,12,3,DailySeasonal,4.0,114.33333333333333
test,2024-10-02 17:30:00+00:00,12,3,WeeklySeasonal,3.5,111.16666666666667
test,2024-10-02 17:30:00+00:00,12,3,Climatology,5.5,122.83333333333333
test,2024-10-02 17:30:00+00:00,12,3,HistGradientBoosting,4.5,118.0
test,2024-10-02 17:30:00+00:00,12,3,RandomForest,4.0,114.33333333333333
test,2024-10-02 17:30:00+00:00,12,6,Immediate,0.0,132.58333333333334
test,2024-10-02 17:30:00+00:00,12,6,Oracle,2.5,117.0
test,2024-10-02 17:30:00+00:00,12,6,Persistence,0.0,132.58333333333334
test,2024-10-02 17:30:00+00:00,12,6,DailySeasonal,3.5,118.16666666666667
test,2024-10-02 17:30:00+00:00,12,6,WeeklySeasonal,3.5,118.16666666666667
test,2024-10-02 17:30:00+00:00,12,6,Climatology,4.0,120.0
test,2024-10-02 17:30:00+00:00,12,6,HistGradientBoosting,3.5,118.16666666666667
test,2024-10-02 17:30:00+00:00,12,6,RandomForest,3.5,118.16666666666667
test,2024-10-02 17:30:00+00:00,6,3,Immediate,0.0,155.0
test,2024-10-02 17:30:00+00:00,6,3,Oracle,3.0,110.16666666666667
test,2024-10-02 17:30:00+00:00,6,3,Persistence,0.0,155.0
test,2024-10-02 17:30:00+00:00,6,3,DailySeasonal,3.0,110.16666666666667
test,2024-10-02 17:30:00+00:00,6,3,WeeklySeasonal,3.0,110.16666666666667
test,2024-10-02 17:30:00+00:00,6,3,Climatology,3.0,110.16666666666667
test,2024-10-02 17:30:00+00:00,6,3,HistGradientBoosting,3.0,110.16666666666667
test,2024-10-02 17:30:00+00:00,6,3,RandomForest,3.0,110.16666666666667
test,2024-10-02 17:30:00+00:00,24,3,Immediate,0.0,155.0
test,2024-10-02 17:30:00+00:00,24,3,Oracle,3.0,110.16666666666667
test,2024-10-02 17:30:00+00:00,24,3,Persistence,0.0,155.0
test,2024-10-02 17:30:00+00:00,24,3,DailySeasonal,4.0,114.33333333333333
test,2024-10-02 17:30:00+00:00,24,3,WeeklySeasonal,3.5,111.16666666666667
test,2024-10-02 17:30:00+00:00,24,3,Climatology,5.5,122.83333333333333
test,2024-10-02 17:30:00+00:00,24,3,HistGradientBoosting,4.5,118.0
test,2024-10-02 17:30:00+00:00,24,3,RandomForest,4.0,114.33333333333333
test,2024-10-03 17:30:00+00:00,12,1,Immediate,0.0,217.0
test,2024-10-03 17:30:00+00:00,12,1,Oracle,7.0,97.0
test,2024-10-03 17:30:00+00:00,12,1,Persistence,0.0,217.0
test,2024-10-03 17:30:00+00:00,12,1,DailySeasonal,3.5,114.5
test,2024-10-03 17:30:00+00:00,12,1,WeeklySeasonal,8.5,106.5
test,2024-10-03 17:30:00+00:00,12,1,Climatology,7.5,97.0
test,2024-10-03 17:30:00+00:00,12,1,HistGradientBoosting,11.0,174.5
test,2024-10-03 17:30:00+00:00,12,1,RandomForest,8.5,106.5
test,2024-10-03 17:30:00+00:00,12,3,Immediate,0.0,195.16666666666666
test,2024-10-03 17:30:00+00:00,12,3,Oracle,5.5,98.5
test,2024-10-03 17:30:00+00:00,12,3,Persistence,0.0,195.16666666666666
test,2024-10-03 17:30:00+00:00,12,3,DailySeasonal,3.0,111.33333333333333
test,2024-10-03 17:30:00+00:00,12,3,WeeklySeasonal,8.0,122.66666666666667
test,2024-10-03 17:30:00+00:00,12,3,Climatology,6.5,101.0
test,2024-10-03 17:30:00+00:00,12,3,HistGradientBoosting,9.0,146.83333333333334
test,2024-10-03 17:30:00+00:00,12,3,RandomForest,7.0,105.0
test,2024-10-03 17:30:00+00:00,12,6,Immediate,0.0,153.25
test,2024-10-03 17:30:00+00:00,12,6,Oracle,3.5,102.83333333333333
test,2024-10-03 17:30:00+00:00,12,6,Persistence,0.0,153.25
test,2024-10-03 17:30:00+00:00,12,6,DailySeasonal,2.5,109.91666666666667
test,2024-10-03 17:30:00+00:00,12,6,WeeklySeasonal,5.0,110.83333333333333
test,2024-10-03 17:30:00+00:00,12,6,Climatology,4.5,105.5
test,2024-10-03 17:30:00+00:00,12,6,HistGradientBoosting,6.0,123.33333333333333
test,2024-10-03 17:30:00+00:00,12,6,RandomForest,6.0,123.33333333333333
test,2024-10-03 17:30:00+00:00,6,3,Immediate,0.0,195.16666666666666
test,2024-10-03 17:30:00+00:00,6,3,Oracle,3.0,111.33333333333333
test,2024-10-03 17:30:00+00:00,6,3,Persistence,0.0,195.16666666666666
test,2024-10-03 17:30:00+00:00,6,3,DailySeasonal,3.0,111.33333333333333
test,2024-10-03 17:30:00+00:00,6,3,WeeklySeasonal,3.0,111.33333333333333
test,2024-10-03 17:30:00+00:00,6,3,Climatology,3.0,111.33333333333333
test,2024-10-03 17:30:00+00:00,6,3,HistGradientBoosting,3.0,111.33333333333333
test,2024-10-03 17:30:00+00:00,6,3,RandomForest,3.0,111.33333333333333
test,2024-10-03 17:30:00+00:00,24,3,Immediate,0.0,195.16666666666666
test,2024-10-03 17:30:00+00:00,24,3,Oracle,5.5,98.5
test,2024-10-03 17:30:00+00:00,24,3,Persistence,0.0,195.16666666666666
test,2024-10-03 17:30:00+00:00,24,3,DailySeasonal,3.0,111.33333333333333
test,2024-10-03 17:30:00+00:00,24,3,WeeklySeasonal,17.0,104.5
test,2024-10-03 17:30:00+00:00,24,3,Climatology,17.0,104.5
test,2024-10-03 17:30:00+00:00,24,3,HistGradientBoosting,16.5,103.33333333333333
test,2024-10-03 17:30:00+00:00,24,3,RandomForest,16.0,102.16666666666667
test,2024-10-04 17:30:00+00:00,12,1,Immediate,0.0,156.5
test,2024-10-04 17:30:00+00:00,12,1,Oracle,7.0,65.0
test,2024-10-04 17:30:00+00:00,12,1,Persistence,0.0,156.5
test,2024-10-04 17:30:00+00:00,12,1,DailySeasonal,7.0,65.0
test,2024-10-04 17:30:00+00:00,12,1,WeeklySeasonal,4.5,70.5
test,2024-10-04 17:30:00+00:00,12,1,Climatology,7.5,65.0
test,2024-10-04 17:30:00+00:00,12,1,HistGradientBoosting,8.5,66.5
test,2024-10-04 17:30:00+00:00,12,1,RandomForest,7.5,65.0
test,2024-10-04 17:30:00+00:00,12,3,Immediate,0.0,141.0
test,2024-10-04 17:30:00+00:00,12,3,Oracle,5.5,65.66666666666667
test,2024-10-04 17:30:00+00:00,12,3,Persistence,0.0,141.0
test,2024-10-04 17:30:00+00:00,12,3,DailySeasonal,5.5,65.66666666666667
test,2024-10-04 17:30:00+00:00,12,3,WeeklySeasonal,3.5,71.33333333333333
test,2024-10-04 17:30:00+00:00,12,3,Climatology,7.0,65.83333333333333
test,2024-10-04 17:30:00+00:00,12,3,HistGradientBoosting,7.0,65.83333333333333
test,2024-10-04 17:30:00+00:00,12,3,RandomForest,5.5,65.66666666666667
test,2024-10-04 17:30:00+00:00,12,6,Immediate,0.0,109.5
test,2024-10-04 17:30:00+00:00,12,6,Oracle,5.0,66.41666666666667
test,2024-10-04 17:30:00+00:00,12,6,Persistence,0.0,109.5
test,2024-10-04 17:30:00+00:00,12,6,DailySeasonal,3.5,68.58333333333333
test,2024-10-04 17:30:00+00:00,12,6,WeeklySeasonal,3.5,68.58333333333333
test,2024-10-04 17:30:00+00:00,12,6,Climatology,6.0,67.58333333333333
test,2024-10-04 17:30:00+00:00,12,6,HistGradientBoosting,4.5,66.75
test,2024-10-04 17:30:00+00:00,12,6,RandomForest,4.5,66.75
test,2024-10-04 17:30:00+00:00,6,3,Immediate,0.0,141.0
test,2024-10-04 17:30:00+00:00,6,3,Oracle,3.0,78.0
test,2024-10-04 17:30:00+00:00,6,3,Persistence,0.0,141.0
test,2024-10-04 17:30:00+00:00,6,3,DailySeasonal,3.0,78.0
test,2024-10-04 17:30:00+00:00,6,3,WeeklySeasonal,3.0,78.0
test,2024-10-04 17:30:00+00:00,6,3,Climatology,3.0,78.0
test,2024-10-04 17:30:00+00:00,6,3,HistGradientBoosting,3.0,78.0
test,2024-10-04 17:30:00+00:00,6,3,RandomForest,3.0,78.0
test,2024-10-04 17:30:00+00:00,24,3,Immediate,0.0,141.0
test,2024-10-04 17:30:00+00:00,24,3,Oracle,17.0,37.333333333333336
test,2024-10-04 17:30:00+00:00,24,3,Persistence,0.0,141.0
test,2024-10-04 17:30:00+00:00,24,3,DailySeasonal,5.5,65.66666666666667
test,2024-10-04 17:30:00+00:00,24,3,WeeklySeasonal,3.5,71.33333333333333
test,2024-10-04 17:30:00+00:00,24,3,Climatology,17.0,37.333333333333336
test,2024-10-04 17:30:00+00:00,24,3,HistGradientBoosting,7.0,65.83333333333333
test,2024-10-04 17:30:00+00:00,24,3,RandomForest,17.0,37.333333333333336
test,2024-10-05 17:30:00+00:00,12,1,Immediate,0.0,82.0
test,2024-10-05 17:30:00+00:00,12,1,Oracle,3.5,46.0
test,2024-10-05 17:30:00+00:00,12,1,Persistence,0.0,82.0
test,2024-10-05 17:30:00+00:00,12,1,DailySeasonal,7.0,47.5
test,2024-10-05 17:30:00+00:00,12,1,WeeklySeasonal,10.0,51.0
test,2024-10-05 17:30:00+00:00,12,1,Climatology,9.0,50.0
test,2024-10-05 17:30:00+00:00,12,1,HistGradientBoosting,3.5,46.0
test,2024-10-05 17:30:00+00:00,12,1,RandomForest,4.0,47.5
test,2024-10-05 17:30:00+00:00,12,3,Immediate,0.0,65.5
test,2024-10-05 17:30:00+00:00,12,3,Oracle,3.0,47.166666666666664
test,2024-10-05 17:30:00+00:00,12,3,Persistence,0.0,65.5
test,2024-10-05 17:30:00+00:00,12,3,DailySeasonal,5.5,48.333333333333336
test,2024-10-05 17:30:00+00:00,12,3,WeeklySeasonal,9.0,51.166666666666664
test,2024-10-05 17:30:00+00:00,12,3,Climatology,9.0,51.166666666666664
test,2024-10-05 17:30:00+00:00,12,3,HistGradientBoosting,3.5,48.0
test,2024-10-05 17:30:00+00:00,12,3,RandomForest,3.0,47.166666666666664
test,2024-10-05 17:30:00+00:00,12,6,Immediate,0.0,56.333333333333336
test,2024-10-05 17:30:00+00:00,12,6,Oracle,2.5,48.0
test,2024-10-05 17:30:00+00:00,12,6,Persistence,0.0,56.333333333333336
test,2024-10-05 17:30:00+00:00,12,6,DailySeasonal,5.0,49.333333333333336
test,2024-10-05 17:30:00+00:00,12,6,WeeklySeasonal,6.0,50.166666666666664
test,2024-10-05 17:30:00+00:00,12,6,Climatology,6.0,50.166666666666664
test,2024-10-05 17:30:00+00:00,12,6,HistGradientBoosting,3.0,48.166666666666664
test,2024-10-05 17:30:00+00:00,12,6,RandomForest,2.0,48.083333333333336
test,2024-10-05 17:30:00+00:00,6,3,Immediate,0.0,65.5
test,2024-10-05 17:30:00+00:00,6,3,Oracle,3.0,47.166666666666664
test,2024-10-05 17:30:00+00:00,6,3,Persistence,0.0,65.5
test,2024-10-05 17:30:00+00:00,6,3,DailySeasonal,3.0,47.166666666666664
test,2024-10-05 17:30:00+00:00,6,3,WeeklySeasonal,3.0,47.166666666666664
test,2024-10-05 17:30:00+00:00,6,3,Climatology,3.0,47.166666666666664
test,2024-10-05 17:30:00+00:00,6,3,HistGradientBoosting,3.0,47.166666666666664
test,2024-10-05 17:30:00+00:00,6,3,RandomForest,3.0,47.166666666666664
test,2024-10-05 17:30:00+00:00,24,3,Immediate,0.0,65.5
test,2024-10-05 17:30:00+00:00,24,3,Oracle,3.0,47.166666666666664
test,2024-10-05 17:30:00+00:00,24,3,Persistence,0.0,65.5
test,2024-10-05 17:30:00+00:00,24,3,DailySeasonal,17.0,86.16666666666667
test,2024-10-05 17:30:00+00:00,24,3,WeeklySeasonal,18.0,98.66666666666667
test,2024-10-05 17:30:00+00:00,24,3,Climatology,16.0,77.16666666666667
test,2024-10-05 17:30:00+00:00,24,3,HistGradientBoosting,3.5,48.0
test,2024-10-05 17:30:00+00:00,24,3,RandomForest,3.0,47.166666666666664
test,2024-10-06 17:30:00+00:00,12,1,Immediate,0.0,141.5
test,2024-10-06 17:30:00+00:00,12,1,Oracle,4.5,68.5
test,2024-10-06 17:30:00+00:00,12,1,Persistence,0.0,141.5
test,2024-10-06 17:30:00+00:00,12,1,DailySeasonal,3.5,74.0
test,2024-10-06 17:30:00+00:00,12,1,WeeklySeasonal,4.0,69.5
test,2024-10-06 17:30:00+00:00,12,1,Climatology,5.0,69.5
test,2024-10-06 17:30:00+00:00,12,1,HistGradientBoosting,4.5,68.5
test,2024-10-06 17:30:00+00:00,12,1,RandomForest,5.0,69.5
test,2024-10-06 17:30:00+00:00,12,3,Immediate,0.0,127.33333333333333
test,2024-10-06 17:30:00+00:00,12,3,Oracle,4.0,69.66666666666667
test,2024-10-06 17:30:00+00:00,12,3,Persistence,0.0,127.33333333333333
test,2024-10-06 17:30:00+00:00,12,3,DailySeasonal,3.0,73.83333333333333
test,2024-10-06 17:30:00+00:00,12,3,WeeklySeasonal,3.0,73.83333333333333
test,2024-10-06 17:30:00+00:00,12,3,Climatology,5.0,70.66666666666667
test,2024-10-06 17:30:00+00:00,12,3,HistGradientBoosting,3.0,73.83333333333333
test,2024-10-06 17:30:00+00:00,12,3,RandomForest,3.5,70.83333333333333
test,2024-10-06 17:30:00+00:00,12,6,Immediate,0.0,100.58333333333333
test,2024-10-06 17:30:00+00:00,12,6,Oracle,4.0,70.83333333333333
test,2024-10-06 17:30:00+00:00,12,6,Persistence,0.0,100.58333333333333
test,2024-10-06 17:30:00+00:00,12,6,DailySeasonal,2.5,75.0
test,2024-10-06 17:30:00+00:00,12,6,WeeklySeasonal,1.0,88.66666666666667
test,2024-10-06 17:30:00+00:00,12,6,Climatology,4.0,70.83333333333333
test,2024-10-06 17:30:00+00:00,12,6,HistGradientBoosting,3.0,72.58333333333333
test,2024-10-06 17:30:00+00:00,12,6,RandomForest,2.5,75.0
test,2024-10-06 17:30:00+00:00,6,3,Immediate,0.0,127.33333333333333
test,2024-10-06 17:30:00+00:00,6,3,Oracle,3.0,73.83333333333333
test,2024-10-06 17:30:00+00:00,6,3,Persistence,0.0,127.33333333333333
test,2024-10-06 17:30:00+00:00,6,3,DailySeasonal,3.0,73.83333333333333
test,2024-10-06 17:30:00+00:00,6,3,WeeklySeasonal,3.0,73.83333333333333
test,2024-10-06 17:30:00+00:00,6,3,Climatology,3.0,73.83333333333333
test,2024-10-06 17:30:00+00:00,6,3,HistGradientBoosting,3.0,73.83333333333333
test,2024-10-06 17:30:00+00:00,6,3,RandomForest,3.0,73.83333333333333
test,2024-10-06 17:30:00+00:00,24,3,Immediate,0.0,127.33333333333333
test,2024-10-06 17:30:00+00:00,24,3,Oracle,4.0,69.66666666666667
test,2024-10-06 17:30:00+00:00,24,3,Persistence,0.0,127.33333333333333
test,2024-10-06 17:30:00+00:00,24,3,DailySeasonal,3.0,73.83333333333333
test,2024-10-06 17:30:00+00:00,24,3,WeeklySeasonal,3.0,73.83333333333333
test,2024-10-06 17:30:00+00:00,24,3,Climatology,5.0,70.66666666666667
test,2024-10-06 17:30:00+00:00,24,3,HistGradientBoosting,3.0,73.83333333333333
test,2024-10-06 17:30:00+00:00,24,3,RandomForest,3.5,70.83333333333333
test,2024-10-07 17:30:00+00:00,12,1,Immediate,0.0,207.0
test,2024-10-07 17:30:00+00:00,12,1,Oracle,7.5,102.5
test,2024-10-07 17:30:00+00:00,12,1,Persistence,0.0,207.0
test,2024-10-07 17:30:00+00:00,12,1,DailySeasonal,4.5,115.5
test,2024-10-07 17:30:00+00:00,12,1,WeeklySeasonal,8.5,104.5
test,2024-10-07 17:30:00+00:00,12,1,Climatology,5.0,112.0
test,2024-10-07 17:30:00+00:00,12,1,HistGradientBoosting,4.5,115.5
test,2024-10-07 17:30:00+00:00,12,1,RandomForest,6.5,111.0
test,2024-10-07 17:30:00+00:00,12,3,Immediate,0.0,192.0
test,2024-10-07 17:30:00+00:00,12,3,Oracle,7.5,103.5
test,2024-10-07 17:30:00+00:00,12,3,Persistence,0.0,192.0
test,2024-10-07 17:30:00+00:00,12,3,DailySeasonal,4.0,114.83333333333333
test,2024-10-07 17:30:00+00:00,12,3,WeeklySeasonal,6.5,106.0
test,2024-10-07 17:30:00+00:00,12,3,Climatology,5.0,109.5
test,2024-10-07 17:30:00+00:00,12,3,HistGradientBoosting,4.5,112.0
test,2024-10-07 17:30:00+00:00,12,3,RandomForest,5.0,109.5
test,2024-10-07 17:30:00+00:00,12,6,Immediate,0.0,159.83333333333334
test,2024-10-07 17:30:00+00:00,12,6,Oracle,4.5,107.75
test,2024-10-07 17:30:00+00:00,12,6,Persistence,0.0,159.83333333333334
test,2024-10-07 17:30:00+00:00,12,6,DailySeasonal,4.0,109.66666666666667
test,2024-10-07 17:30:00+00:00,12,6,WeeklySeasonal,4.0,109.66666666666667
test,2024-10-07 17:30:00+00:00,12,6,Climatology,4.0,109.66666666666667
test,2024-10-07 17:30:00+00:00,12,6,HistGradientBoosting,4.0,109.66666666666667
test,2024-10-07 17:30:00+00:00,12,6,RandomForest,4.0,109.66666666666667
test,2024-10-07 17:30:00+00:00,6,3,Immediate,0.0,192.0
test,2024-10-07 17:30:00+00:00,6,3,Oracle,3.0,127.66666666666667
test,2024-10-07 17:30:00+00:00,6,3,Persistence,0.0,192.0
test,2024-10-07 17:30:00+00:00,6,3,DailySeasonal,3.0,127.66666666666667
test,2024-10-07 17:30:00+00:00,6,3,WeeklySeasonal,3.0,127.66666666666667
test,2024-10-07 17:30:00+00:00,6,3,Climatology,3.0,127.66666666666667
test,2024-10-07 17:30:00+00:00,6,3,HistGradientBoosting,3.0,127.66666666666667
test,2024-10-07 17:30:00+00:00,6,3,RandomForest,3.0,127.66666666666667
test,2024-10-07 17:30:00+00:00,24,3,Immediate,0.0,192.0
test,2024-10-07 17:30:00+00:00,24,3,Oracle,7.5,103.5
test,2024-10-07 17:30:00+00:00,24,3,Persistence,0.0,192.0
test,2024-10-07 17:30:00+00:00,24,3,DailySeasonal,4.0,114.83333333333333
test,2024-10-07 17:30:00+00:00,24,3,WeeklySeasonal,6.5,106.0
test,2024-10-07 17:30:00+00:00,24,3,Climatology,5.0,109.5
test,2024-10-07 17:30:00+00:00,24,3,HistGradientBoosting,4.5,112.0
test,2024-10-07 17:30:00+00:00,24,3,RandomForest,5.0,109.5
test,2024-10-08 17:30:00+00:00,12,1,Immediate,0.0,145.5
test,2024-10-08 17:30:00+00:00,12,1,Oracle,4.5,73.0
test,2024-10-08 17:30:00+00:00,12,1,Persistence,0.0,145.5
test,2024-10-08 17:30:00+00:00,12,1,DailySeasonal,7.5,83.0
test,2024-10-08 17:30:00+00:00,12,1,WeeklySeasonal,5.0,75.5
test,2024-10-08 17:30:00+00:00,12,1,Climatology,7.5,83.0
test,2024-10-08 17:30:00+00:00,12,1,HistGradientBoosting,6.0,80.5
test,2024-10-08 17:30:00+00:00,12,1,RandomForest,5.0,75.5
test,2024-10-08 17:30:00+00:00,12,3,Immediate,0.0,119.0
test,2024-10-08 17:30:00+00:00,12,3,Oracle,3.5,77.5
test,2024-10-08 17:30:00+00:00,12,3,Persistence,0.0,119.0
test,2024-10-08 17:30:00+00:00,12,3,DailySeasonal,7.5,84.66666666666667
test,2024-10-08 17:30:00+00:00,12,3,WeeklySeasonal,4.0,78.0
test,2024-10-08 17:30:00+00:00,12,3,Climatology,7.0,83.5
test,2024-10-08 17:30:00+00:00,12,3,HistGradientBoosting,5.0,79.5
test,2024-10-08 17:30:00+00:00,12,3,RandomForest,3.5,77.5
test,2024-10-08 17:30:00+00:00,12,6,Immediate,0.0,99.0
test,2024-10-08 17:30:00+00:00,12,6,Oracle,3.5,80.16666666666667
test,2024-10-08 17:30:00+00:00,12,6,Persistence,0.0,99.0
test,2024-10-08 17:30:00+00:00,12,6,DailySeasonal,4.5,81.5
test,2024-10-08 17:30:00+00:00,12,6,WeeklySeasonal,3.5,80.16666666666667
test,2024-10-08 17:30:00+00:00,12,6,Climatology,5.0,84.33333333333333
test,2024-10-08 17:30:00+00:00,12,6,HistGradientBoosting,3.5,80.16666666666667
test,2024-10-08 17:30:00+00:00,12,6,RandomForest,3.0,80.66666666666667
test,2024-10-08 17:30:00+00:00,6,3,Immediate,0.0,119.0
test,2024-10-08 17:30:00+00:00,6,3,Oracle,3.0,79.0
test,2024-10-08 17:30:00+00:00,6,3,Persistence,0.0,119.0
test,2024-10-08 17:30:00+00:00,6,3,DailySeasonal,3.0,79.0
test,2024-10-08 17:30:00+00:00,6,3,WeeklySeasonal,3.0,79.0
test,2024-10-08 17:30:00+00:00,6,3,Climatology,3.0,79.0
test,2024-10-08 17:30:00+00:00,6,3,HistGradientBoosting,3.0,79.0
test,2024-10-08 17:30:00+00:00,6,3,RandomForest,3.0,79.0
test,2024-10-08 17:30:00+00:00,24,3,Immediate,0.0,119.0
test,2024-10-08 17:30:00+00:00,24,3,Oracle,3.5,77.5
test,2024-10-08 17:30:00+00:00,24,3,Persistence,0.0,119.0
test,2024-10-08 17:30:00+00:00,24,3,DailySeasonal,7.5,84.66666666666667
test,2024-10-08 17:30:00+00:00,24,3,WeeklySeasonal,4.0,78.0
test,2024-10-08 17:30:00+00:00,24,3,Climatology,17.0,129.33333333333334
test,2024-10-08 17:30:00+00:00,24,3,HistGradientBoosting,5.0,79.5
test,2024-10-08 17:30:00+00:00,24,3,RandomForest,3.5,77.5
test,2024-10-09 17:30:00+00:00,12,1,Immediate,0.0,96.0
test,2024-10-09 17:30:00+00:00,12,1,Oracle,4.5,48.5
test,2024-10-09 17:30:00+00:00,12,1,Persistence,0.0,96.0
test,2024-10-09 17:30:00+00:00,12,1,DailySeasonal,4.5,48.5
test,2024-10-09 17:30:00+00:00,12,1,WeeklySeasonal,3.5,60.0
test,2024-10-09 17:30:00+00:00,12,1,Climatology,7.5,67.5
test,2024-10-09 17:30:00+00:00,12,1,HistGradientBoosting,4.5,48.5
test,2024-10-09 17:30:00+00:00,12,1,RandomForest,4.0,52.0
test,2024-10-09 17:30:00+00:00,12,3,Immediate,0.0,71.5
test,2024-10-09 17:30:00+00:00,12,3,Oracle,4.0,50.833333333333336
test,2024-10-09 17:30:00+00:00,12,3,Persistence,0.0,71.5
test,2024-10-09 17:30:00+00:00,12,3,DailySeasonal,3.5,53.0
test,2024-10-09 17:30:00+00:00,12,3,WeeklySeasonal,3.0,53.666666666666664
test,2024-10-09 17:30:00+00:00,12,3,Climatology,5.5,57.166666666666664
test,2024-10-09 17:30:00+00:00,12,3,HistGradientBoosting,3.0,53.666666666666664
test,2024-10-09 17:30:00+00:00,12,3,RandomForest,3.0,53.666666666666664
test,2024-10-09 17:30:00+00:00,12,6,Immediate,0.0,62.583333333333336
test,2024-10-09 17:30:00+00:00,12,6,Oracle,1.5,53.666666666666664
test,2024-10-09 17:30:00+00:00,12,6,Persistence,0.0,62.583333333333336
test,2024-10-09 17:30:00+00:00,12,6,DailySeasonal,3.5,56.416666666666664
test,2024-10-09 17:30:00+00:00,12,6,WeeklySeasonal,2.5,55.583333333333336
test,2024-10-09 17:30:00+00:00,12,6,Climatology,4.0,56.5
test,2024-10-09 17:30:00+00:00,12,6,HistGradientBoosting,2.5,55.583333333333336
test,2024-10-09 17:30:00+00:00,12,6,RandomForest,1.5,53.666666666666664
test,2024-10-09 17:30:00+00:00,6,3,Immediate,0.0,71.5
test,2024-10-09 17:30:00+00:00,6,3,Oracle,3.0,53.666666666666664
test,2024-10-09 17:30:00+00:00,6,3,Persistence,0.0,71.5
test,2024-10-09 17:30:00+00:00,6,3,DailySeasonal,3.0,53.666666666666664
test,2024-10-09 17:30:00+00:00,6,3,WeeklySeasonal,3.0,53.666666666666664
test,2024-10-09 17:30:00+00:00,6,3,Climatology,3.0,53.666666666666664
test,2024-10-09 17:30:00+00:00,6,3,HistGradientBoosting,3.0,53.666666666666664
test,2024-10-09 17:30:00+00:00,6,3,RandomForest,3.0,53.666666666666664
test,2024-10-09 17:30:00+00:00,24,3,Immediate,0.0,71.5
test,2024-10-09 17:30:00+00:00,24,3,Oracle,4.0,50.833333333333336
test,2024-10-09 17:30:00+00:00,24,3,Persistence,0.0,71.5
test,2024-10-09 17:30:00+00:00,24,3,DailySeasonal,3.5,53.0
test,2024-10-09 17:30:00+00:00,24,3,WeeklySeasonal,3.0,53.666666666666664
test,2024-10-09 17:30:00+00:00,24,3,Climatology,5.5,57.166666666666664
test,2024-10-09 17:30:00+00:00,24,3,HistGradientBoosting,3.0,53.666666666666664
test,2024-10-09 17:30:00+00:00,24,3,RandomForest,3.0,53.666666666666664
test,2024-10-10 17:30:00+00:00,12,1,Immediate,0.0,182.5
test,2024-10-10 17:30:00+00:00,12,1,Oracle,7.5,102.0
test,2024-10-10 17:30:00+00:00,12,1,Persistence,0.0,182.5
test,2024-10-10 17:30:00+00:00,12,1,DailySeasonal,4.5,113.0
test,2024-10-10 17:30:00+00:00,12,1,WeeklySeasonal,7.0,104.5
test,2024-10-10 17:30:00+00:00,12,1,Climatology,7.5,102.0
test,2024-10-10 17:30:00+00:00,12,1,HistGradientBoosting,6.5,110.0
test,2024-10-10 17:30:00+00:00,12,1,RandomForest,7.0,104.5
test,2024-10-10 17:30:00+00:00,12,3,Immediate,0.0,173.16666666666666
test,2024-10-10 17:30:00+00:00,12,3,Oracle,6.5,105.16666666666667
test,2024-10-10 17:30:00+00:00,12,3,Persistence,0.0,173.16666666666666
test,2024-10-10 17:30:00+00:00,12,3,DailySeasonal,4.0,113.33333333333333
test,2024-10-10 17:30:00+00:00,12,3,WeeklySeasonal,5.5,107.66666666666667
test,2024-10-10 17:30:00+00:00,12,3,Climatology,6.5,105.16666666666667
test,2024-10-10 17:30:00+00:00,12,3,HistGradientBoosting,4.5,111.33333333333333
test,2024-10-10 17:30:00+00:00,12,3,RandomForest,5.0,109.5
test,2024-10-10 17:30:00+00:00,12,6,Immediate,0.0,148.16666666666666
test,2024-10-10 17:30:00+00:00,12,6,Oracle,4.0,109.58333333333333
test,2024-10-10 17:30:00+00:00,12,6,Persistence,0.0,148.16666666666666
test,2024-10-10 17:30:00+00:00,12,6,DailySeasonal,1.5,129.83333333333334
test,2024-10-10 17:30:00+00:00,12,6,WeeklySeasonal,3.5,110.91666666666667
test,2024-10-10 17:30:00+00:00,12,6,Climatology,4.5,110.5
test,2024-10-10 17:30:00+00:00,12,6,HistGradientBoosting,3.0,114.5
test,2024-10-10 17:30:00+00:00,12,6,RandomForest,3.5,110.91666666666667
test,2024-10-10 17:30:00+00:00,6,3,Immediate,0.0,173.16666666666666
test,2024-10-10 17:30:00+00:00,6,3,Oracle,3.0,123.16666666666667
test,2024-10-10 17:30:00+00:00,6,3,Persistence,0.0,173.16666666666666
test,2024-10-10 17:30:00+00:00,6,3,DailySeasonal,3.0,123.16666666666667
test,2024-10-10 17:30:00+00:00,6,3,WeeklySeasonal,3.0,123.16666666666667
test,2024-10-10 17:30:00+00:00,6,3,Climatology,3.0,123.16666666666667
test,2024-10-10 17:30:00+00:00,6,3,HistGradientBoosting,3.0,123.16666666666667
test,2024-10-10 17:30:00+00:00,6,3,RandomForest,3.0,123.16666666666667
test,2024-10-10 17:30:00+00:00,24,3,Immediate,0.0,173.16666666666666
test,2024-10-10 17:30:00+00:00,24,3,Oracle,6.5,105.16666666666667
test,2024-10-10 17:30:00+00:00,24,3,Persistence,0.0,173.16666666666666
test,2024-10-10 17:30:00+00:00,24,3,DailySeasonal,4.0,113.33333333333333
test,2024-10-10 17:30:00+00:00,24,3,WeeklySeasonal,5.5,107.66666666666667
test,2024-10-10 17:30:00+00:00,24,3,Climatology,17.0,129.83333333333334
test,2024-10-10 17:30:00+00:00,24,3,HistGradientBoosting,4.5,111.33333333333333
test,2024-10-10 17:30:00+00:00,24,3,RandomForest,16.5,125.0
test,2024-10-11 17:30:00+00:00,12,1,Immediate,0.0,208.5
test,2024-10-11 17:30:00+00:00,12,1,Oracle,9.5,74.5
test,2024-10-11 17:30:00+00:00,12,1,Persistence,0.0,208.5
test,2024-10-11 17:30:00+00:00,12,1,DailySeasonal,7.5,98.0
test,2024-10-11 17:30:00+00:00,12,1,WeeklySeasonal,7.0,103.0
test,2024-10-11 17:30:00+00:00,12,1,Climatology,7.5,98.0
test,2024-10-11 17:30:00+00:00,12,1,HistGradientBoosting,11.0,91.0
test,2024-10-11 17:30:00+00:00,12,1,RandomForest,8.5,87.5
test,2024-10-11 17:30:00+00:00,12,3,Immediate,0.0,186.0
test,2024-10-11 17:30:00+00:00,12,3,Oracle,8.5,80.83333333333333
test,2024-10-11 17:30:00+00:00,12,3,Persistence,0.0,186.0
test,2024-10-11 17:30:00+00:00,12,3,DailySeasonal,6.5,97.83333333333333
test,2024-10-11 17:30:00+00:00,12,3,WeeklySeasonal,5.5,106.33333333333333
test,2024-10-11 17:30:00+00:00,12,3,Climatology,7.0,91.83333333333333
test,2024-10-11 17:30:00+00:00,12,3,HistGradientBoosting,9.0,82.16666666666667
test,2024-10-11 17:30:00+00:00,12,3,RandomForest,6.5,97.83333333333333
test,2024-10-11 17:30:00+00:00,12,6,Immediate,0.0,154.66666666666666
test,2024-10-11 17:30:00+00:00,12,6,Oracle,6.0,92.08333333333333
test,2024-10-11 17:30:00+00:00,12,6,Persistence,0.0,154.66666666666666
test,2024-10-11 17:30:00+00:00,12,6,DailySeasonal,4.0,103.5
test,2024-10-11 17:30:00+00:00,12,6,WeeklySeasonal,5.0,96.25
test,2024-10-11 17:30:00+00:00,12,6,Climatology,6.0,92.08333333333333
test,2024-10-11 17:30:00+00:00,12,6,HistGradientBoosting,6.0,92.08333333333333
test,2024-10-11 17:30:00+00:00,12,6,RandomForest,6.0,92.08333333333333
test,2024-10-11 17:30:00+00:00,6,3,Immediate,0.0,186.0
test,2024-10-11 17:30:00+00:00,6,3,Oracle,3.0,123.33333333333333
test,2024-10-11 17:30:00+00:00,6,3,Persistence,0.0,186.0
test,2024-10-11 17:30:00+00:00,6,3,DailySeasonal,3.0,123.33333333333333
test,2024-10-11 17:30:00+00:00,6,3,WeeklySeasonal,3.0,123.33333333333333
test,2024-10-11 17:30:00+00:00,6,3,Climatology,3.0,123.33333333333333
test,2024-10-11 17:30:00+00:00,6,3,HistGradientBoosting,3.0,123.33333333333333
test,2024-10-11 17:30:00+00:00,6,3,RandomForest,3.0,123.33333333333333
test,2024-10-11 17:30:00+00:00,24,3,Immediate,0.0,186.0
test,2024-10-11 17:30:00+00:00,24,3,Oracle,18.0,56.333333333333336
test,2024-10-11 17:30:00+00:00,24,3,Persistence,0.0,186.0
test,2024-10-11 17:30:00+00:00,24,3,DailySeasonal,6.5,97.83333333333333
test,2024-10-11 17:30:00+00:00,24,3,WeeklySeasonal,17.0,58.833333333333336
test,2024-10-11 17:30:00+00:00,24,3,Climatology,17.0,58.833333333333336
test,2024-10-11 17:30:00+00:00,24,3,HistGradientBoosting,16.5,62.5
test,2024-10-11 17:30:00+00:00,24,3,RandomForest,15.5,70.83333333333333
test,2024-10-12 17:30:00+00:00,12,1,Immediate,0.0,82.5
test,2024-10-12 17:30:00+00:00,12,1,Oracle,5.0,50.5
test,2024-10-12 17:30:00+00:00,12,1,Persistence,0.0,82.5
test,2024-10-12 17:30:00+00:00,12,1,DailySeasonal,9.5,61.5
test,2024-10-12 17:30:00+00:00,12,1,WeeklySeasonal,3.5,56.5
test,2024-10-12 17:30:00+00:00,12,1,Climatology,9.0,58.5
test,2024-10-12 17:30:00+00:00,12,1,HistGradientBoosting,3.0,59.0
test,2024-10-12 17:30:00+00:00,12,1,RandomForest,3.0,59.0
test,2024-10-12 17:30:00+00:00,12,3,Immediate,0.0,71.0
test,2024-10-12 17:30:00+00:00,12,3,Oracle,4.0,52.666666666666664
test,2024-10-12 17:30:00+00:00,12,3,Persistence,0.0,71.0
test,2024-10-12 17:30:00+00:00,12,3,DailySeasonal,8.5,64.83333333333333
test,2024-10-12 17:30:00+00:00,12,3,WeeklySeasonal,3.0,54.333333333333336
test,2024-10-12 17:30:00+00:00,12,3,Climatology,9.0,71.0
test,2024-10-12 17:30:00+00:00,12,3,HistGradientBoosting,3.0,54.333333333333336
test,2024-10-12 17:30:00+00:00,12,3,RandomForest,2.5,56.166666666666664
test,2024-10-12 17:30:00+00:00,12,6,Immediate,0.0,62.666666666666664
test,2024-10-12 17:30:00+00:00,12,6,Oracle,3.5,54.166666666666664
test,2024-10-12 17:30:00+00:00,12,6,Persistence,0.0,62.666666666666664
test,2024-10-12 17:30:00+00:00,12,6,DailySeasonal,6.0,62.75
test,2024-10-12 17:30:00+00:00,12,6,WeeklySeasonal,2.5,54.916666666666664
test,2024-10-12 17:30:00+00:00,12,6,Climatology,6.0,62.75
test,2024-10-12 17:30:00+00:00,12,6,HistGradientBoosting,2.0,55.583333333333336
test,2024-10-12 17:30:00+00:00,12,6,RandomForest,1.5,56.833333333333336
test,2024-10-12 17:30:00+00:00,6,3,Immediate,0.0,71.0
test,2024-10-12 17:30:00+00:00,6,3,Oracle,3.0,54.333333333333336
test,2024-10-12 17:30:00+00:00,6,3,Persistence,0.0,71.0
test,2024-10-12 17:30:00+00:00,6,3,DailySeasonal,3.0,54.333333333333336
test,2024-10-12 17:30:00+00:00,6,3,WeeklySeasonal,3.0,54.333333333333336
test,2024-10-12 17:30:00+00:00,6,3,Climatology,3.0,54.333333333333336
test,2024-10-12 17:30:00+00:00,6,3,HistGradientBoosting,3.0,54.333333333333336
test,2024-10-12 17:30:00+00:00,6,3,RandomForest,2.5,56.166666666666664
test,2024-10-12 17:30:00+00:00,24,3,Immediate,0.0,71.0
test,2024-10-12 17:30:00+00:00,24,3,Oracle,4.0,52.666666666666664
test,2024-10-12 17:30:00+00:00,24,3,Persistence,0.0,71.0
test,2024-10-12 17:30:00+00:00,24,3,DailySeasonal,18.0,220.66666666666666
test,2024-10-12 17:30:00+00:00,24,3,WeeklySeasonal,3.0,54.333333333333336
test,2024-10-12 17:30:00+00:00,24,3,Climatology,16.0,194.66666666666666
test,2024-10-12 17:30:00+00:00,24,3,HistGradientBoosting,3.0,54.333333333333336
test,2024-10-12 17:30:00+00:00,24,3,RandomForest,2.5,56.166666666666664
test,2024-10-13 17:30:00+00:00,12,1,Immediate,0.0,252.5
test,2024-10-13 17:30:00+00:00,12,1,Oracle,4.5,167.5
test,2024-10-13 17:30:00+00:00,12,1,Persistence,0.0,252.5
test,2024-10-13 17:30:00+00:00,12,1,DailySeasonal,5.0,168.5
test,2024-10-13 17:30:00+00:00,12,1,WeeklySeasonal,4.5,167.5
test,2024-10-13 17:30:00+00:00,12,1,Climatology,5.0,168.5
test,2024-10-13 17:30:00+00:00,12,1,HistGradientBoosting,8.5,167.5
test,2024-10-13 17:30:00+00:00,12,1,RandomForest,10.0,208.0
test,2024-10-13 17:30:00+00:00,12,3,Immediate,0.0,240.83333333333334
test,2024-10-13 17:30:00+00:00,12,3,Oracle,6.5,168.16666666666666
test,2024-10-13 17:30:00+00:00,12,3,Persistence,0.0,240.83333333333334
test,2024-10-13 17:30:00+00:00,12,3,DailySeasonal,4.0,170.0
test,2024-10-13 17:30:00+00:00,12,3,WeeklySeasonal,4.0,170.0
test,2024-10-13 17:30:00+00:00,12,3,Climatology,5.0,169.33333333333334
test,2024-10-13 17:30:00+00:00,12,3,HistGradientBoosting,8.0,181.83333333333334
test,2024-10-13 17:30:00+00:00,12,3,RandomForest,8.0,181.83333333333334
test,2024-10-13 17:30:00+00:00,12,6,Immediate,0.0,209.0
test,2024-10-13 17:30:00+00:00,12,6,Oracle,4.0,169.25
test,2024-10-13 17:30:00+00:00,12,6,Persistence,0.0,209.0
test,2024-10-13 17:30:00+00:00,12,6,DailySeasonal,3.5,170.25
test,2024-10-13 17:30:00+00:00,12,6,WeeklySeasonal,4.0,169.25
test,2024-10-13 17:30:00+00:00,12,6,Climatology,4.0,169.25
test,2024-10-13 17:30:00+00:00,12,6,HistGradientBoosting,5.0,175.58333333333334
test,2024-10-13 17:30:00+00:00,12,6,RandomForest,5.0,175.58333333333334
test,2024-10-13 17:30:00+00:00,6,3,Immediate,0.0,240.83333333333334
test,2024-10-13 17:30:00+00:00,6,3,Oracle,3.0,177.16666666666666
test,2024-10-13 17:30:00+00:00,6,3,Persistence,0.0,240.83333333333334
test,2024-10-13 17:30:00+00:00,6,3,DailySeasonal,3.0,177.16666666666666
test,2024-10-13 17:30:00+00:00,6,3,WeeklySeasonal,3.0,177.16666666666666
test,2024-10-13 17:30:00+00:00,6,3,Climatology,3.0,177.16666666666666
test,2024-10-13 17:30:00+00:00,6,3,HistGradientBoosting,3.0,177.16666666666666
test,2024-10-13 17:30:00+00:00,6,3,RandomForest,3.0,177.16666666666666
test,2024-10-13 17:30:00+00:00,24,3,Immediate,0.0,240.83333333333334
test,2024-10-13 17:30:00+00:00,24,3,Oracle,6.5,168.16666666666666
test,2024-10-13 17:30:00+00:00,24,3,Persistence,0.0,240.83333333333334
test,2024-10-13 17:30:00+00:00,24,3,DailySeasonal,4.0,170.0
test,2024-10-13 17:30:00+00:00,24,3,WeeklySeasonal,4.0,170.0
test,2024-10-13 17:30:00+00:00,24,3,Climatology,5.0,169.33333333333334
test,2024-10-13 17:30:00+00:00,24,3,HistGradientBoosting,8.0,181.83333333333334
test,2024-10-13 17:30:00+00:00,24,3,RandomForest,17.0,237.66666666666666
test,2024-10-14 17:30:00+00:00,12,1,Immediate,0.0,248.5
test,2024-10-14 17:30:00+00:00,12,1,Oracle,7.5,104.0
test,2024-10-14 17:30:00+00:00,12,1,Persistence,0.0,248.5
test,2024-10-14 17:30:00+00:00,12,1,DailySeasonal,4.5,134.0
test,2024-10-14 17:30:00+00:00,12,1,WeeklySeasonal,7.5,104.0
test,2024-10-14 17:30:00+00:00,12,1,Climatology,5.0,129.0
test,2024-10-14 17:30:00+00:00,12,1,HistGradientBoosting,8.0,104.5
test,2024-10-14 17:30:00+00:00,12,1,RandomForest,9.0,110.0
test,2024-10-14 17:30:00+00:00,12,3,Immediate,0.0,236.33333333333334
test,2024-10-14 17:30:00+00:00,12,3,Oracle,6.5,105.33333333333333
test,2024-10-14 17:30:00+00:00,12,3,Persistence,0.0,236.33333333333334
test,2024-10-14 17:30:00+00:00,12,3,DailySeasonal,6.5,105.33333333333333
test,2024-10-14 17:30:00+00:00,12,3,WeeklySeasonal,7.5,110.33333333333333
test,2024-10-14 17:30:00+00:00,12,3,Climatology,5.0,116.83333333333333
test,2024-10-14 17:30:00+00:00,12,3,HistGradientBoosting,6.5,105.33333333333333
test,2024-10-14 17:30:00+00:00,12,3,RandomForest,7.5,110.33333333333333
test,2024-10-14 17:30:00+00:00,12,6,Immediate,0.0,193.08333333333334
test,2024-10-14 17:30:00+00:00,12,6,Oracle,4.5,116.33333333333333
test,2024-10-14 17:30:00+00:00,12,6,Persistence,0.0,193.08333333333334
test,2024-10-14 17:30:00+00:00,12,6,DailySeasonal,4.0,117.83333333333333
test,2024-10-14 17:30:00+00:00,12,6,WeeklySeasonal,4.5,116.33333333333333
test,2024-10-14 17:30:00+00:00,12,6,Climatology,4.0,117.83333333333333
test,2024-10-14 17:30:00+00:00,12,6,HistGradientBoosting,4.5,116.33333333333333
test,2024-10-14 17:30:00+00:00,12,6,RandomForest,5.0,118.0
test,2024-10-14 17:30:00+00:00,6,3,Immediate,0.0,236.33333333333334
test,2024-10-14 17:30:00+00:00,6,3,Oracle,3.0,149.83333333333334
test,2024-10-14 17:30:00+00:00,6,3,Persistence,0.0,236.33333333333334
test,2024-10-14 17:30:00+00:00,6,3,DailySeasonal,3.0,149.83333333333334
test,2024-10-14 17:30:00+00:00,6,3,WeeklySeasonal,3.0,149.83333333333334
test,2024-10-14 17:30:00+00:00,6,3,Climatology,3.0,149.83333333333334
test,2024-10-14 17:30:00+00:00,6,3,HistGradientBoosting,3.0,149.83333333333334
test,2024-10-14 17:30:00+00:00,6,3,RandomForest,3.0,149.83333333333334
test,2024-10-14 17:30:00+00:00,24,3,Immediate,0.0,236.33333333333334
test,2024-10-14 17:30:00+00:00,24,3,Oracle,6.5,105.33333333333333
test,2024-10-14 17:30:00+00:00,24,3,Persistence,0.0,236.33333333333334
test,2024-10-14 17:30:00+00:00,24,3,DailySeasonal,6.5,105.33333333333333
test,2024-10-14 17:30:00+00:00,24,3,WeeklySeasonal,7.5,110.33333333333333
test,2024-10-14 17:30:00+00:00,24,3,Climatology,5.0,116.83333333333333
test,2024-10-14 17:30:00+00:00,24,3,HistGradientBoosting,6.5,105.33333333333333
test,2024-10-14 17:30:00+00:00,24,3,RandomForest,21.0,151.0
test,2024-10-15 17:30:00+00:00,12,1,Immediate,0.0,126.0
test,2024-10-15 17:30:00+00:00,12,1,Oracle,5.5,61.0
test,2024-10-15 17:30:00+00:00,12,1,Persistence,0.0,126.0
test,2024-10-15 17:30:00+00:00,12,1,DailySeasonal,7.5,63.0
test,2024-10-15 17:30:00+00:00,12,1,WeeklySeasonal,4.5,65.0
test,2024-10-15 17:30:00+00:00,12,1,Climatology,7.5,63.0
test,2024-10-15 17:30:00+00:00,12,1,HistGradientBoosting,6.0,62.5
test,2024-10-15 17:30:00+00:00,12,1,RandomForest,5.5,61.0
test,2024-10-15 17:30:00+00:00,12,3,Immediate,0.0,98.83333333333333
test,2024-10-15 17:30:00+00:00,12,3,Oracle,5.0,62.5
test,2024-10-15 17:30:00+00:00,12,3,Persistence,0.0,98.83333333333333
test,2024-10-15 17:30:00+00:00,12,3,DailySeasonal,6.5,64.16666666666667
test,2024-10-15 17:30:00+00:00,12,3,WeeklySeasonal,3.5,63.666666666666664
test,2024-10-15 17:30:00+00:00,12,3,Climatology,7.0,65.0
test,2024-10-15 17:30:00+00:00,12,3,HistGradientBoosting,5.5,62.666666666666664
test,2024-10-15 17:30:00+00:00,12,3,RandomForest,4.0,63.166666666666664
test,2024-10-15 17:30:00+00:00,12,6,Immediate,0.0,81.91666666666667
test,2024-10-15 17:30:00+00:00,12,6,Oracle,3.5,63.916666666666664
test,2024-10-15 17:30:00+00:00,12,6,Persistence,0.0,81.91666666666667
test,2024-10-15 17:30:00+00:00,12,6,DailySeasonal,4.5,64.91666666666667
test,2024-10-15 17:30:00+00:00,12,6,WeeklySeasonal,3.5,63.916666666666664
test,2024-10-15 17:30:00+00:00,12,6,Climatology,5.0,65.83333333333333
test,2024-10-15 17:30:00+00:00,12,6,HistGradientBoosting,3.5,63.916666666666664
test,2024-10-15 17:30:00+00:00,12,6,RandomForest,3.0,64.16666666666667
test,2024-10-15 17:30:00+00:00,6,3,Immediate,0.0,98.83333333333333
test,2024-10-15 17:30:00+00:00,6,3,Oracle,3.0,65.0
test,2024-10-15 17:30:00+00:00,6,3,Persistence,0.0,98.83333333333333
test,2024-10-15 17:30:00+00:00,6,3,DailySeasonal,3.0,65.0
test,2024-10-15 17:30:00+00:00,6,3,WeeklySeasonal,3.0,65.0
test,2024-10-15 17:30:00+00:00,6,3,Climatology,3.0,65.0
test,2024-10-15 17:30:00+00:00,6,3,HistGradientBoosting,3.0,65.0
test,2024-10-15 17:30:00+00:00,6,3,RandomForest,3.0,65.0
test,2024-10-15 17:30:00+00:00,24,3,Immediate,0.0,98.83333333333333
test,2024-10-15 17:30:00+00:00,24,3,Oracle,5.0,62.5
test,2024-10-15 17:30:00+00:00,24,3,Persistence,0.0,98.83333333333333
test,2024-10-15 17:30:00+00:00,24,3,DailySeasonal,6.5,64.16666666666667
test,2024-10-15 17:30:00+00:00,24,3,WeeklySeasonal,3.5,63.666666666666664
test,2024-10-15 17:30:00+00:00,24,3,Climatology,17.0,161.0
test,2024-10-15 17:30:00+00:00,24,3,HistGradientBoosting,5.5,62.666666666666664
test,2024-10-15 17:30:00+00:00,24,3,RandomForest,4.0,63.166666666666664
test,2024-10-16 17:30:00+00:00,12,1,Immediate,0.0,173.0
test,2024-10-16 17:30:00+00:00,12,1,Oracle,7.0,112.5
test,2024-10-16 17:30:00+00:00,12,1,Persistence,0.0,173.0
test,2024-10-16 17:30:00+00:00,12,1,DailySeasonal,5.5,115.5
test,2024-10-16 17:30:00+00:00,12,1,WeeklySeasonal,4.5,117.0
test,2024-10-16 17:30:00+00:00,12,1,Climatology,7.5,113.0
test,2024-10-16 17:30:00+00:00,12,1,HistGradientBoosting,7.0,112.5
test,2024-10-16 17:30:00+00:00,12,1,RandomForest,5.0,115.5
test,2024-10-16 17:30:00+00:00,12,3,Immediate,0.0,159.0
test,2024-10-16 17:30:00+00:00,12,3,Oracle,5.5,114.16666666666667
test,2024-10-16 17:30:00+00:00,12,3,Persistence,0.0,159.0
test,2024-10-16 17:30:00+00:00,12,3,DailySeasonal,5.0,114.33333333333333
test,2024-10-16 17:30:00+00:00,12,3,WeeklySeasonal,4.0,116.66666666666667
test,2024-10-16 17:30:00+00:00,12,3,Climatology,5.5,114.16666666666667
test,2024-10-16 17:30:00+00:00,12,3,HistGradientBoosting,5.5,114.16666666666667
test,2024-10-16 17:30:00+00:00,12,3,RandomForest,4.5,115.5
test,2024-10-16 17:30:00+00:00,12,6,Immediate,0.0,140.08333333333334
test,2024-10-16 17:30:00+00:00,12,6,Oracle,3.5,117.5
test,2024-10-16 17:30:00+00:00,12,6,Persistence,0.0,140.08333333333334
test,2024-10-16 17:30:00+00:00,12,6,DailySeasonal,3.5,117.5
test,2024-10-16 17:30:00+00:00,12,6,WeeklySeasonal,1.5,126.08333333333333
test,2024-10-16 17:30:00+00:00,12,6,Climatology,4.0,117.91666666666667
test,2024-10-16 17:30:00+00:00,12,6,HistGradientBoosting,4.0,117.91666666666667
test,2024-10-16 17:30:00+00:00,12,6,RandomForest,3.0,118.0
test,2024-10-16 17:30:00+00:00,6,3,Immediate,0.0,159.0
test,2024-10-16 17:30:00+00:00,6,3,Oracle,3.0,121.16666666666667
test,2024-10-16 17:30:00+00:00,6,3,Persistence,0.0,159.0
test,2024-10-16 17:30:00+00:00,6,3,DailySeasonal,3.0,121.16666666666667
test,2024-10-16 17:30:00+00:00,6,3,WeeklySeasonal,3.0,121.16666666666667
test,2024-10-16 17:30:00+00:00,6,3,Climatology,3.0,121.16666666666667
test,2024-10-16 17:30:00+00:00,6,3,HistGradientBoosting,3.0,121.16666666666667
test,2024-10-16 17:30:00+00:00,6,3,RandomForest,3.0,121.16666666666667
test,2024-10-16 17:30:00+00:00,24,3,Immediate,0.0,159.0
test,2024-10-16 17:30:00+00:00,24,3,Oracle,5.5,114.16666666666667
test,2024-10-16 17:30:00+00:00,24,3,Persistence,0.0,159.0
test,2024-10-16 17:30:00+00:00,24,3,DailySeasonal,5.0,114.33333333333333
test,2024-10-16 17:30:00+00:00,24,3,WeeklySeasonal,4.0,116.66666666666667
test,2024-10-16 17:30:00+00:00,24,3,Climatology,5.5,114.16666666666667
test,2024-10-16 17:30:00+00:00,24,3,HistGradientBoosting,5.5,114.16666666666667
test,2024-10-16 17:30:00+00:00,24,3,RandomForest,4.5,115.5
test,2024-10-17 17:30:00+00:00,12,1,Immediate,0.0,221.5
test,2024-10-17 17:30:00+00:00,12,1,Oracle,8.5,146.0
test,2024-10-17 17:30:00+00:00,12,1,Persistence,0.0,221.5
test,2024-10-17 17:30:00+00:00,12,1,DailySeasonal,7.0,167.5
test,2024-10-17 17:30:00+00:00,12,1,WeeklySeasonal,7.5,162.0
test,2024-10-17 17:30:00+00:00,12,1,Climatology,7.5,162.0
test,2024-10-17 17:30:00+00:00,12,1,HistGradientBoosting,9.0,150.5
test,2024-10-17 17:30:00+00:00,12,1,RandomForest,5.0,158.0
test,2024-10-17 17:30:00+00:00,12,3,Immediate,0.0,213.83333333333334
test,2024-10-17 17:30:00+00:00,12,3,Oracle,7.5,155.5
test,2024-10-17 17:30:00+00:00,12,3,Persistence,0.0,213.83333333333334
test,2024-10-17 17:30:00+00:00,12,3,DailySeasonal,5.5,162.16666666666666
test,2024-10-17 17:30:00+00:00,12,3,WeeklySeasonal,6.5,158.66666666666666
test,2024-10-17 17:30:00+00:00,12,3,Climatology,6.5,158.66666666666666
test,2024-10-17 17:30:00+00:00,12,3,HistGradientBoosting,7.0,157.33333333333334
test,2024-10-17 17:30:00+00:00,12,3,RandomForest,4.0,163.33333333333334
test,2024-10-17 17:30:00+00:00,12,6,Immediate,0.0,192.91666666666666
test,2024-10-17 17:30:00+00:00,12,6,Oracle,4.5,159.16666666666666
test,2024-10-17 17:30:00+00:00,12,6,Persistence,0.0,192.91666666666666
test,2024-10-17 17:30:00+00:00,12,6,DailySeasonal,3.5,162.0
test,2024-10-17 17:30:00+00:00,12,6,WeeklySeasonal,4.0,160.33333333333334
test,2024-10-17 17:30:00+00:00,12,6,Climatology,4.5,159.16666666666666
test,2024-10-17 17:30:00+00:00,12,6,HistGradientBoosting,4.5,159.16666666666666
test,2024-10-17 17:30:00+00:00,12,6,RandomForest,4.0,160.33333333333334
test,2024-10-17 17:30:00+00:00,6,3,Immediate,0.0,213.83333333333334
test,2024-10-17 17:30:00+00:00,6,3,Oracle,3.0,172.0
test,2024-10-17 17:30:00+00:00,6,3,Persistence,0.0,213.83333333333334
test,2024-10-17 17:30:00+00:00,6,3,DailySeasonal,3.0,172.0
test,2024-10-17 17:30:00+00:00,6,3,WeeklySeasonal,3.0,172.0
test,2024-10-17 17:30:00+00:00,6,3,Climatology,3.0,172.0
test,2024-10-17 17:30:00+00:00,6,3,HistGradientBoosting,3.0,172.0
test,2024-10-17 17:30:00+00:00,6,3,RandomForest,3.0,172.0
test,2024-10-17 17:30:00+00:00,24,3,Immediate,0.0,213.83333333333334
test,2024-10-17 17:30:00+00:00,24,3,Oracle,16.5,127.66666666666667
test,2024-10-17 17:30:00+00:00,24,3,Persistence,0.0,213.83333333333334
test,2024-10-17 17:30:00+00:00,24,3,DailySeasonal,5.5,162.16666666666666
test,2024-10-17 17:30:00+00:00,24,3,WeeklySeasonal,6.5,158.66666666666666
test,2024-10-17 17:30:00+00:00,24,3,Climatology,17.0,130.0
test,2024-10-17 17:30:00+00:00,24,3,HistGradientBoosting,15.5,130.16666666666666
test,2024-10-17 17:30:00+00:00,24,3,RandomForest,15.5,130.16666666666666
test,2024-10-18 17:30:00+00:00,12,1,Immediate,0.0,135.0
test,2024-10-18 17:30:00+00:00,12,1,Oracle,4.5,68.0
test,2024-10-18 17:30:00+00:00,12,1,Persistence,0.0,135.0
test,2024-10-18 17:30:00+00:00,12,1,DailySeasonal,8.5,76.0
test,2024-10-18 17:30:00+00:00,12,1,WeeklySeasonal,9.5,80.0
test,2024-10-18 17:30:00+00:00,12,1,Climatology,7.5,71.0
test,2024-10-18 17:30:00+00:00,12,1,HistGradientBoosting,5.0,70.5
test,2024-10-18 17:30:00+00:00,12,1,RandomForest,5.0,70.5
test,2024-10-18 17:30:00+00:00,12,3,Immediate,0.0,115.83333333333333
test,2024-10-18 17:30:00+00:00,12,3,Oracle,4.5,72.0
test,2024-10-18 17:30:00+00:00,12,3,Persistence,0.0,115.83333333333333
test,2024-10-18 17:30:00+00:00,12,3,DailySeasonal,7.5,75.66666666666667
test,2024-10-18 17:30:00+00:00,12,3,WeeklySeasonal,8.5,84.16666666666667
test,2024-10-18 17:30:00+00:00,12,3,Climatology,7.0,75.0
test,2024-10-18 17:30:00+00:00,12,3,HistGradientBoosting,4.5,72.0
test,2024-10-18 17:30:00+00:00,12,3,RandomForest,4.0,72.83333333333333
test,2024-10-18 17:30:00+00:00,12,6,Immediate,0.0,97.91666666666667
test,2024-10-18 17:30:00+00:00,12,6,Oracle,4.5,73.83333333333333
test,2024-10-18 17:30:00+00:00,12,6,Persistence,0.0,97.91666666666667
test,2024-10-18 17:30:00+00:00,12,6,DailySeasonal,4.5,73.83333333333333
test,2024-10-18 17:30:00+00:00,12,6,WeeklySeasonal,6.0,82.91666666666667
test,2024-10-18 17:30:00+00:00,12,6,Climatology,6.0,82.91666666666667
test,2024-10-18 17:30:00+00:00,12,6,HistGradientBoosting,4.5,73.83333333333333
test,2024-10-18 17:30:00+00:00,12,6,RandomForest,5.0,75.83333333333333
test,2024-10-18 17:30:00+00:00,6,3,Immediate,0.0,115.83333333333333
test,2024-10-18 17:30:00+00:00,6,3,Oracle,3.0,80.0
test,2024-10-18 17:30:00+00:00,6,3,Persistence,0.0,115.83333333333333
test,2024-10-18 17:30:00+00:00,6,3,DailySeasonal,3.0,80.0
test,2024-10-18 17:30:00+00:00,6,3,WeeklySeasonal,3.0,80.0
test,2024-10-18 17:30:00+00:00,6,3,Climatology,3.0,80.0
test,2024-10-18 17:30:00+00:00,6,3,HistGradientBoosting,3.0,80.0
test,2024-10-18 17:30:00+00:00,6,3,RandomForest,3.0,80.0
test,2024-10-18 17:30:00+00:00,24,3,Immediate,0.0,115.83333333333333
test,2024-10-18 17:30:00+00:00,24,3,Oracle,4.5,72.0
test,2024-10-18 17:30:00+00:00,24,3,Persistence,0.0,115.83333333333333
test,2024-10-18 17:30:00+00:00,24,3,DailySeasonal,16.5,98.33333333333333
test,2024-10-18 17:30:00+00:00,24,3,WeeklySeasonal,18.0,111.0
test,2024-10-18 17:30:00+00:00,24,3,Climatology,17.0,98.0
test,2024-10-18 17:30:00+00:00,24,3,HistGradientBoosting,4.5,72.0
test,2024-10-18 17:30:00+00:00,24,3,RandomForest,4.0,72.83333333333333
test,2024-10-19 17:30:00+00:00,12,1,Immediate,0.0,213.0
test,2024-10-19 17:30:00+00:00,12,1,Oracle,11.0,81.5
test,2024-10-19 17:30:00+00:00,12,1,Persistence,0.0,213.0
test,2024-10-19 17:30:00+00:00,12,1,DailySeasonal,4.5,100.5
test,2024-10-19 17:30:00+00:00,12,1,WeeklySeasonal,5.0,93.0
test,2024-10-19 17:30:00+00:00,12,1,Climatology,9.0,94.0
test,2024-10-19 17:30:00+00:00,12,1,HistGradientBoosting,10.0,87.0
test,2024-10-19 17:30:00+00:00,12,1,RandomForest,6.5,83.5
test,2024-10-19 17:30:00+00:00,12,3,Immediate,0.0,204.0
test,2024-10-19 17:30:00+00:00,12,3,Oracle,5.5,86.83333333333333
test,2024-10-19 17:30:00+00:00,12,3,Persistence,0.0,204.0
test,2024-10-19 17:30:00+00:00,12,3,DailySeasonal,4.5,91.33333333333333
test,2024-10-19 17:30:00+00:00,12,3,WeeklySeasonal,4.0,97.0
test,2024-10-19 17:30:00+00:00,12,3,Climatology,9.0,87.5
test,2024-10-19 17:30:00+00:00,12,3,HistGradientBoosting,8.0,90.0
test,2024-10-19 17:30:00+00:00,12,3,RandomForest,5.5,86.83333333333333
test,2024-10-19 17:30:00+00:00,12,6,Immediate,0.0,159.5
test,2024-10-19 17:30:00+00:00,12,6,Oracle,6.0,87.33333333333333
test,2024-10-19 17:30:00+00:00,12,6,Persistence,0.0,159.5
test,2024-10-19 17:30:00+00:00,12,6,DailySeasonal,4.5,90.91666666666667
test,2024-10-19 17:30:00+00:00,12,6,WeeklySeasonal,3.5,95.58333333333333
test,2024-10-19 17:30:00+00:00,12,6,Climatology,6.0,87.33333333333333
test,2024-10-19 17:30:00+00:00,12,6,HistGradientBoosting,6.0,87.33333333333333
test,2024-10-19 17:30:00+00:00,12,6,RandomForest,4.5,90.91666666666667
test,2024-10-19 17:30:00+00:00,6,3,Immediate,0.0,204.0
test,2024-10-19 17:30:00+00:00,6,3,Oracle,3.0,115.0
test,2024-10-19 17:30:00+00:00,6,3,Persistence,0.0,204.0
test,2024-10-19 17:30:00+00:00,6,3,DailySeasonal,3.0,115.0
test,2024-10-19 17:30:00+00:00,6,3,WeeklySeasonal,3.0,115.0
test,2024-10-19 17:30:00+00:00,6,3,Climatology,3.0,115.0
test,2024-10-19 17:30:00+00:00,6,3,HistGradientBoosting,3.0,115.0
test,2024-10-19 17:30:00+00:00,6,3,RandomForest,3.0,115.0
test,2024-10-19 17:30:00+00:00,24,3,Immediate,0.0,204.0
test,2024-10-19 17:30:00+00:00,24,3,Oracle,18.0,59.333333333333336
test,2024-10-19 17:30:00+00:00,24,3,Persistence,0.0,204.0
test,2024-10-19 17:30:00+00:00,24,3,DailySeasonal,4.5,91.33333333333333
test,2024-10-19 17:30:00+00:00,24,3,WeeklySeasonal,4.0,97.0
test,2024-10-19 17:30:00+00:00,24,3,Climatology,16.0,66.33333333333333
test,2024-10-19 17:30:00+00:00,24,3,HistGradientBoosting,16.5,64.0
test,2024-10-19 17:30:00+00:00,24,3,RandomForest,15.0,69.66666666666667
test,2024-10-20 17:30:00+00:00,12,1,Immediate,0.0,81.5
test,2024-10-20 17:30:00+00:00,12,1,Oracle,6.5,64.0
test,2024-10-20 17:30:00+00:00,12,1,Persistence,0.0,81.5
test,2024-10-20 17:30:00+00:00,12,1,DailySeasonal,11.0,97.0
test,2024-10-20 17:30:00+00:00,12,1,WeeklySeasonal,4.5,73.5
test,2024-10-20 17:30:00+00:00,12,1,Climatology,5.0,72.5
test,2024-10-20 17:30:00+00:00,12,1,HistGradientBoosting,4.5,73.5
test,2024-10-20 17:30:00+00:00,12,1,RandomForest,3.0,67.0
test,2024-10-20 17:30:00+00:00,12,3,Immediate,0.0,77.5
test,2024-10-20 17:30:00+00:00,12,3,Oracle,6.0,66.16666666666667
test,2024-10-20 17:30:00+00:00,12,3,Persistence,0.0,77.5
test,2024-10-20 17:30:00+00:00,12,3,DailySeasonal,5.5,66.33333333333333
test,2024-10-20 17:30:00+00:00,12,3,WeeklySeasonal,6.5,66.66666666666667
test,2024-10-20 17:30:00+00:00,12,3,Climatology,5.0,67.5
test,2024-10-20 17:30:00+00:00,12,3,HistGradientBoosting,3.5,70.33333333333333
test,2024-10-20 17:30:00+00:00,12,3,RandomForest,2.5,70.0
test,2024-10-20 17:30:00+00:00,12,6,Immediate,0.0,73.75
test,2024-10-20 17:30:00+00:00,12,6,Oracle,3.0,68.08333333333333
test,2024-10-20 17:30:00+00:00,12,6,Persistence,0.0,73.75
test,2024-10-20 17:30:00+00:00,12,6,DailySeasonal,6.0,73.58333333333333
test,2024-10-20 17:30:00+00:00,12,6,WeeklySeasonal,4.0,68.41666666666667
test,2024-10-20 17:30:00+00:00,12,6,Climatology,4.0,68.41666666666667
test,2024-10-20 17:30:00+00:00,12,6,HistGradientBoosting,3.0,68.08333333333333
test,2024-10-20 17:30:00+00:00,12,6,RandomForest,2.0,68.66666666666667
test,2024-10-20 17:30:00+00:00,6,3,Immediate,0.0,77.5
test,2024-10-20 17:30:00+00:00,6,3,Oracle,2.0,69.83333333333333
test,2024-10-20 17:30:00+00:00,6,3,Persistence,0.0,77.5
test,2024-10-20 17:30:00+00:00,6,3,DailySeasonal,3.0,70.0
test,2024-10-20 17:30:00+00:00,6,3,WeeklySeasonal,3.0,70.0
test,2024-10-20 17:30:00+00:00,6,3,Climatology,3.0,70.0
test,2024-10-20 17:30:00+00:00,6,3,HistGradientBoosting,3.0,70.0
test,2024-10-20 17:30:00+00:00,6,3,RandomForest,2.5,70.0
test,2024-10-20 17:30:00+00:00,24,3,Immediate,0.0,77.5
test,2024-10-20 17:30:00+00:00,24,3,Oracle,6.0,66.16666666666667
test,2024-10-20 17:30:00+00:00,24,3,Persistence,0.0,77.5
test,2024-10-20 17:30:00+00:00,24,3,DailySeasonal,18.0,131.66666666666666
test,2024-10-20 17:30:00+00:00,24,3,WeeklySeasonal,6.5,66.66666666666667
test,2024-10-20 17:30:00+00:00,24,3,Climatology,5.0,67.5
test,2024-10-20 17:30:00+00:00,24,3,HistGradientBoosting,3.5,70.33333333333333
test,2024-10-20 17:30:00+00:00,24,3,RandomForest,2.5,70.0
test,2024-10-21 17:30:00+00:00,12,1,Immediate,0.0,166.5
test,2024-10-21 17:30:00+00:00,12,1,Oracle,7.5,76.5
test,2024-10-21 17:30:00+00:00,12,1,Persistence,0.0,166.5
test,2024-10-21 17:30:00+00:00,12,1,DailySeasonal,6.5,79.0
test,2024-10-21 17:30:00+00:00,12,1,WeeklySeasonal,7.5,76.5
test,2024-10-21 17:30:00+00:00,12,1,Climatology,5.0,85.0
test,2024-10-21 17:30:00+00:00,12,1,HistGradientBoosting,7.5,76.5
test,2024-10-21 17:30:00+00:00,12,1,RandomForest,5.5,85.5
test,2024-10-21 17:30:00+00:00,12,3,Immediate,0.0,148.66666666666666
test,2024-10-21 17:30:00+00:00,12,3,Oracle,6.5,79.16666666666667
test,2024-10-21 17:30:00+00:00,12,3,Persistence,0.0,148.66666666666666
test,2024-10-21 17:30:00+00:00,12,3,DailySeasonal,6.0,79.5
test,2024-10-21 17:30:00+00:00,12,3,WeeklySeasonal,6.5,79.16666666666667
test,2024-10-21 17:30:00+00:00,12,3,Climatology,5.0,81.66666666666667
test,2024-10-21 17:30:00+00:00,12,3,HistGradientBoosting,6.5,79.16666666666667
test,2024-10-21 17:30:00+00:00,12,3,RandomForest,4.5,83.16666666666667
test,2024-10-21 17:30:00+00:00,12,6,Immediate,0.0,119.5
test,2024-10-21 17:30:00+00:00,12,6,Oracle,4.0,82.91666666666667
test,2024-10-21 17:30:00+00:00,12,6,Persistence,0.0,119.5
test,2024-10-21 17:30:00+00:00,12,6,DailySeasonal,3.0,84.91666666666667
test,2024-10-21 17:30:00+00:00,12,6,WeeklySeasonal,4.5,84.83333333333333
test,2024-10-21 17:30:00+00:00,12,6,Climatology,4.0,82.91666666666667
test,2024-10-21 17:30:00+00:00,12,6,HistGradientBoosting,4.5,84.83333333333333
test,2024-10-21 17:30:00+00:00,12,6,RandomForest,3.0,84.91666666666667
test,2024-10-21 17:30:00+00:00,6,3,Immediate,0.0,148.66666666666666
test,2024-10-21 17:30:00+00:00,6,3,Oracle,3.0,90.33333333333333
test,2024-10-21 17:30:00+00:00,6,3,Persistence,0.0,148.66666666666666
test,2024-10-21 17:30:00+00:00,6,3,DailySeasonal,2.0,103.66666666666667
test,2024-10-21 17:30:00+00:00,6,3,WeeklySeasonal,3.0,90.33333333333333
test,2024-10-21 17:30:00+00:00,6,3,Climatology,3.0,90.33333333333333
test,2024-10-21 17:30:00+00:00,6,3,HistGradientBoosting,3.0,90.33333333333333
test,2024-10-21 17:30:00+00:00,6,3,RandomForest,3.0,90.33333333333333
test,2024-10-21 17:30:00+00:00,24,3,Immediate,0.0,148.66666666666666
test,2024-10-21 17:30:00+00:00,24,3,Oracle,6.5,79.16666666666667
test,2024-10-21 17:30:00+00:00,24,3,Persistence,0.0,148.66666666666666
test,2024-10-21 17:30:00+00:00,24,3,DailySeasonal,6.0,79.5
test,2024-10-21 17:30:00+00:00,24,3,WeeklySeasonal,6.5,79.16666666666667
test,2024-10-21 17:30:00+00:00,24,3,Climatology,5.0,81.66666666666667
test,2024-10-21 17:30:00+00:00,24,3,HistGradientBoosting,6.5,79.16666666666667
test,2024-10-21 17:30:00+00:00,24,3,RandomForest,4.5,83.16666666666667
test,2024-10-22 17:30:00+00:00,12,1,Immediate,0.0,234.0
test,2024-10-22 17:30:00+00:00,12,1,Oracle,8.5,144.0
test,2024-10-22 17:30:00+00:00,12,1,Persistence,0.0,234.0
test,2024-10-22 17:30:00+00:00,12,1,DailySeasonal,7.5,153.5
test,2024-10-22 17:30:00+00:00,12,1,WeeklySeasonal,5.5,166.5
test,2024-10-22 17:30:00+00:00,12,1,Climatology,7.5,153.5
test,2024-10-22 17:30:00+00:00,12,1,HistGradientBoosting,8.0,147.0
test,2024-10-22 17:30:00+00:00,12,1,RandomForest,5.5,166.5
test,2024-10-22 17:30:00+00:00,12,3,Immediate,0.0,223.66666666666666
test,2024-10-22 17:30:00+00:00,12,3,Oracle,6.5,152.83333333333334
test,2024-10-22 17:30:00+00:00,12,3,Persistence,0.0,223.66666666666666
test,2024-10-22 17:30:00+00:00,12,3,DailySeasonal,6.5,152.83333333333334
test,2024-10-22 17:30:00+00:00,12,3,WeeklySeasonal,5.0,162.5
test,2024-10-22 17:30:00+00:00,12,3,Climatology,7.0,153.33333333333334
test,2024-10-22 17:30:00+00:00,12,3,HistGradientBoosting,7.5,157.5
test,2024-10-22 17:30:00+00:00,12,3,RandomForest,4.5,164.16666666666666
test,2024-10-22 17:30:00+00:00,12,6,Immediate,0.0,198.5
test,2024-10-22 17:30:00+00:00,12,6,Oracle,4.0,159.58333333333334
test,2024-10-22 17:30:00+00:00,12,6,Persistence,0.0,198.5
test,2024-10-22 17:30:00+00:00,12,6,DailySeasonal,4.0,159.58333333333334
test,2024-10-22 17:30:00+00:00,12,6,WeeklySeasonal,3.5,160.75
test,2024-10-22 17:30:00+00:00,12,6,Climatology,5.0,164.5
test,2024-10-22 17:30:00+00:00,12,6,HistGradientBoosting,6.0,172.5
test,2024-10-22 17:30:00+00:00,12,6,RandomForest,3.5,160.75
test,2024-10-22 17:30:00+00:00,6,3,Immediate,0.0,223.66666666666666
test,2024-10-22 17:30:00+00:00,6,3,Oracle,3.0,173.33333333333334
test,2024-10-22 17:30:00+00:00,6,3,Persistence,0.0,223.66666666666666
test,2024-10-22 17:30:00+00:00,6,3,DailySeasonal,3.0,173.33333333333334
test,2024-10-22 17:30:00+00:00,6,3,WeeklySeasonal,3.0,173.33333333333334
test,2024-10-22 17:30:00+00:00,6,3,Climatology,3.0,173.33333333333334
test,2024-10-22 17:30:00+00:00,6,3,HistGradientBoosting,3.0,173.33333333333334
test,2024-10-22 17:30:00+00:00,6,3,RandomForest,3.0,173.33333333333334
test,2024-10-22 17:30:00+00:00,24,3,Immediate,0.0,223.66666666666666
test,2024-10-22 17:30:00+00:00,24,3,Oracle,6.5,152.83333333333334
test,2024-10-22 17:30:00+00:00,24,3,Persistence,0.0,223.66666666666666
test,2024-10-22 17:30:00+00:00,24,3,DailySeasonal,6.5,152.83333333333334
test,2024-10-22 17:30:00+00:00,24,3,WeeklySeasonal,5.0,162.5
test,2024-10-22 17:30:00+00:00,24,3,Climatology,17.0,161.66666666666666
test,2024-10-22 17:30:00+00:00,24,3,HistGradientBoosting,15.5,167.16666666666666
test,2024-10-22 17:30:00+00:00,24,3,RandomForest,15.0,172.16666666666666
test,2024-10-23 17:30:00+00:00,12,1,Immediate,0.0,176.5
test,2024-10-23 17:30:00+00:00,12,1,Oracle,5.5,83.5
test,2024-10-23 17:30:00+00:00,12,1,Persistence,0.0,176.5
test,2024-10-23 17:30:00+00:00,12,1,DailySeasonal,8.5,100.0
test,2024-10-23 17:30:00+00:00,12,1,WeeklySeasonal,7.0,88.5
test,2024-10-23 17:30:00+00:00,12,1,Climatology,7.5,92.5
test,2024-10-23 17:30:00+00:00,12,1,HistGradientBoosting,8.0,96.5
test,2024-10-23 17:30:00+00:00,12,1,RandomForest,9.0,102.5
test,2024-10-23 17:30:00+00:00,12,3,Immediate,0.0,143.0
test,2024-10-23 17:30:00+00:00,12,3,Oracle,5.0,87.0
test,2024-10-23 17:30:00+00:00,12,3,Persistence,0.0,143.0
test,2024-10-23 17:30:00+00:00,12,3,DailySeasonal,6.5,93.33333333333333
test,2024-10-23 17:30:00+00:00,12,3,WeeklySeasonal,5.5,87.83333333333333
test,2024-10-23 17:30:00+00:00,12,3,Climatology,5.5,87.83333333333333
test,2024-10-23 17:30:00+00:00,12,3,HistGradientBoosting,6.0,90.66666666666667
test,2024-10-23 17:30:00+00:00,12,3,RandomForest,7.0,95.83333333333333
test,2024-10-23 17:30:00+00:00,12,6,Immediate,0.0,117.91666666666667
test,2024-10-23 17:30:00+00:00,12,6,Oracle,3.5,91.33333333333333
test,2024-10-23 17:30:00+00:00,12,6,Persistence,0.0,117.91666666666667
test,2024-10-23 17:30:00+00:00,12,6,DailySeasonal,4.0,92.25
test,2024-10-23 17:30:00+00:00,12,6,WeeklySeasonal,3.5,91.33333333333333
test,2024-10-23 17:30:00+00:00,12,6,Climatology,4.0,92.25
test,2024-10-23 17:30:00+00:00,12,6,HistGradientBoosting,4.0,92.25
test,2024-10-23 17:30:00+00:00,12,6,RandomForest,4.0,92.25
test,2024-10-23 17:30:00+00:00,6,3,Immediate,0.0,143.0
test,2024-10-23 17:30:00+00:00,6,3,Oracle,3.0,92.83333333333333
test,2024-10-23 17:30:00+00:00,6,3,Persistence,0.0,143.0
test,2024-10-23 17:30:00+00:00,6,3,DailySeasonal,3.0,92.83333333333333
test,2024-10-23 17:30:00+00:00,6,3,WeeklySeasonal,3.0,92.83333333333333
test,2024-10-23 17:30:00+00:00,6,3,Climatology,3.0,92.83333333333333
test,2024-10-23 17:30:00+00:00,6,3,HistGradientBoosting,3.0,92.83333333333333
test,2024-10-23 17:30:00+00:00,6,3,RandomForest,3.0,92.83333333333333
test,2024-10-23 17:30:00+00:00,24,3,Immediate,0.0,143.0
test,2024-10-23 17:30:00+00:00,24,3,Oracle,5.0,87.0
test,2024-10-23 17:30:00+00:00,24,3,Persistence,0.0,143.0
test,2024-10-23 17:30:00+00:00,24,3,DailySeasonal,6.5,93.33333333333333
test,2024-10-23 17:30:00+00:00,24,3,WeeklySeasonal,5.5,87.83333333333333
test,2024-10-23 17:30:00+00:00,24,3,Climatology,5.5,87.83333333333333
test,2024-10-23 17:30:00+00:00,24,3,HistGradientBoosting,6.0,90.66666666666667
test,2024-10-23 17:30:00+00:00,24,3,RandomForest,7.0,95.83333333333333
test,2024-10-24 17:30:00+00:00,12,1,Immediate,0.0,158.0
test,2024-10-24 17:30:00+00:00,12,1,Oracle,3.5,120.0
test,2024-10-24 17:30:00+00:00,12,1,Persistence,0.0,158.0
test,2024-10-24 17:30:00+00:00,12,1,DailySeasonal,5.5,142.5
test,2024-10-24 17:30:00+00:00,12,1,WeeklySeasonal,8.5,163.5
test,2024-10-24 17:30:00+00:00,12,1,Climatology,7.5,154.0
test,2024-10-24 17:30:00+00:00,12,1,HistGradientBoosting,8.5,163.5
test,2024-10-24 17:30:00+00:00,12,1,RandomForest,7.0,147.5
test,2024-10-24 17:30:00+00:00,12,3,Immediate,0.0,144.33333333333334
test,2024-10-24 17:30:00+00:00,12,3,Oracle,2.5,124.83333333333333
test,2024-10-24 17:30:00+00:00,12,3,Persistence,0.0,144.33333333333334
test,2024-10-24 17:30:00+00:00,12,3,DailySeasonal,5.0,142.83333333333334
test,2024-10-24 17:30:00+00:00,12,3,WeeklySeasonal,7.5,165.16666666666666
test,2024-10-24 17:30:00+00:00,12,3,Climatology,6.5,154.0
test,2024-10-24 17:30:00+00:00,12,3,HistGradientBoosting,7.0,158.16666666666666
test,2024-10-24 17:30:00+00:00,12,3,RandomForest,5.5,147.0
test,2024-10-24 17:30:00+00:00,12,6,Immediate,0.0,135.5
test,2024-10-24 17:30:00+00:00,12,6,Oracle,1.5,133.0
test,2024-10-24 17:30:00+00:00,12,6,Persistence,0.0,135.5
test,2024-10-24 17:30:00+00:00,12,6,DailySeasonal,3.5,142.16666666666666
test,2024-10-24 17:30:00+00:00,12,6,WeeklySeasonal,4.5,151.83333333333334
test,2024-10-24 17:30:00+00:00,12,6,Climatology,4.5,151.83333333333334
test,2024-10-24 17:30:00+00:00,12,6,HistGradientBoosting,4.5,151.83333333333334
test,2024-10-24 17:30:00+00:00,12,6,RandomForest,4.0,146.16666666666666
test,2024-10-24 17:30:00+00:00,6,3,Immediate,0.0,144.33333333333334
test,2024-10-24 17:30:00+00:00,6,3,Oracle,2.5,124.83333333333333
test,2024-10-24 17:30:00+00:00,6,3,Persistence,0.0,144.33333333333334
test,2024-10-24 17:30:00+00:00,6,3,DailySeasonal,3.0,126.66666666666667
test,2024-10-24 17:30:00+00:00,6,3,WeeklySeasonal,3.0,126.66666666666667
test,2024-10-24 17:30:00+00:00,6,3,Climatology,3.0,126.66666666666667
test,2024-10-24 17:30:00+00:00,6,3,HistGradientBoosting,3.0,126.66666666666667
test,2024-10-24 17:30:00+00:00,6,3,RandomForest,3.0,126.66666666666667
test,2024-10-24 17:30:00+00:00,24,3,Immediate,0.0,144.33333333333334
test,2024-10-24 17:30:00+00:00,24,3,Oracle,2.5,124.83333333333333
test,2024-10-24 17:30:00+00:00,24,3,Persistence,0.0,144.33333333333334
test,2024-10-24 17:30:00+00:00,24,3,DailySeasonal,5.0,142.83333333333334
test,2024-10-24 17:30:00+00:00,24,3,WeeklySeasonal,16.5,212.0
test,2024-10-24 17:30:00+00:00,24,3,Climatology,17.0,211.83333333333334
test,2024-10-24 17:30:00+00:00,24,3,HistGradientBoosting,7.0,158.16666666666666
test,2024-10-24 17:30:00+00:00,24,3,RandomForest,5.5,147.0
test,2024-10-25 17:30:00+00:00,12,1,Immediate,0.0,231.0
test,2024-10-25 17:30:00+00:00,12,1,Oracle,7.5,151.5
test,2024-10-25 17:30:00+00:00,12,1,Persistence,0.0,231.0
test,2024-10-25 17:30:00+00:00,12,1,DailySeasonal,3.5,168.5
test,2024-10-25 17:30:00+00:00,12,1,WeeklySeasonal,4.5,158.5
test,2024-10-25 17:30:00+00:00,12,1,Climatology,7.5,151.5
test,2024-10-25 17:30:00+00:00,12,1,HistGradientBoosting,9.5,159.5
test,2024-10-25 17:30:00+00:00,12,1,RandomForest,9.5,159.5
test,2024-10-25 17:30:00+00:00,12,3,Immediate,0.0,219.66666666666666
test,2024-10-25 17:30:00+00:00,12,3,Oracle,6.5,154.16666666666666
test,2024-10-25 17:30:00+00:00,12,3,Persistence,0.0,219.66666666666666
test,2024-10-25 17:30:00+00:00,12,3,DailySeasonal,2.5,174.33333333333334
test,2024-10-25 17:30:00+00:00,12,3,WeeklySeasonal,4.5,156.83333333333334
test,2024-10-25 17:30:00+00:00,12,3,Climatology,7.0,154.66666666666666
test,2024-10-25 17:30:00+00:00,12,3,HistGradientBoosting,8.5,160.0
test,2024-10-25 17:30:00+00:00,12,3,RandomForest,7.5,154.83333333333334
test,2024-10-25 17:30:00+00:00,12,6,Immediate,0.0,192.91666666666666
test,2024-10-25 17:30:00+00:00,12,6,Oracle,4.5,155.83333333333334
test,2024-10-25 17:30:00+00:00,12,6,Persistence,0.0,192.91666666666666
test,2024-10-25 17:30:00+00:00,12,6,DailySeasonal,1.5,174.91666666666666
test,2024-10-25 17:30:00+00:00,12,6,WeeklySeasonal,4.5,155.83333333333334
test,2024-10-25 17:30:00+00:00,12,6,Climatology,6.0,158.66666666666666
test,2024-10-25 17:30:00+00:00,12,6,HistGradientBoosting,6.0,158.66666666666666
test,2024-10-25 17:30:00+00:00,12,6,RandomForest,5.5,157.25
test,2024-10-25 17:30:00+00:00,6,3,Immediate,0.0,219.66666666666666
test,2024-10-25 17:30:00+00:00,6,3,Oracle,3.0,166.16666666666666
test,2024-10-25 17:30:00+00:00,6,3,Persistence,0.0,219.66666666666666
test,2024-10-25 17:30:00+00:00,6,3,DailySeasonal,2.5,174.33333333333334
test,2024-10-25 17:30:00+00:00,6,3,WeeklySeasonal,3.0,166.16666666666666
test,2024-10-25 17:30:00+00:00,6,3,Climatology,3.0,166.16666666666666
test,2024-10-25 17:30:00+00:00,6,3,HistGradientBoosting,3.0,166.16666666666666
test,2024-10-25 17:30:00+00:00,6,3,RandomForest,3.0,166.16666666666666
test,2024-10-25 17:30:00+00:00,24,3,Immediate,0.0,219.66666666666666
test,2024-10-25 17:30:00+00:00,24,3,Oracle,16.5,131.83333333333334
test,2024-10-25 17:30:00+00:00,24,3,Persistence,0.0,219.66666666666666
test,2024-10-25 17:30:00+00:00,24,3,DailySeasonal,2.5,174.33333333333334
test,2024-10-25 17:30:00+00:00,24,3,WeeklySeasonal,4.5,156.83333333333334
test,2024-10-25 17:30:00+00:00,24,3,Climatology,17.0,133.5
test,2024-10-25 17:30:00+00:00,24,3,HistGradientBoosting,18.0,137.0
test,2024-10-25 17:30:00+00:00,24,3,RandomForest,7.5,154.83333333333334
test,2024-10-26 17:30:00+00:00,12,1,Immediate,0.0,166.5
test,2024-10-26 17:30:00+00:00,12,1,Oracle,6.0,81.5
test,2024-10-26 17:30:00+00:00,12,1,Persistence,0.0,166.5
test,2024-10-26 17:30:00+00:00,12,1,DailySeasonal,7.5,85.5
test,2024-10-26 17:30:00+00:00,12,1,WeeklySeasonal,11.0,95.5
test,2024-10-26 17:30:00+00:00,12,1,Climatology,9.0,83.0
test,2024-10-26 17:30:00+00:00,12,1,HistGradientBoosting,5.0,86.5
test,2024-10-26 17:30:00+00:00,12,1,RandomForest,4.5,90.0
test,2024-10-26 17:30:00+00:00,12,3,Immediate,0.0,146.0
test,2024-10-26 17:30:00+00:00,12,3,Oracle,6.0,83.16666666666667
test,2024-10-26 17:30:00+00:00,12,3,Persistence,0.0,146.0
test,2024-10-26 17:30:00+00:00,12,3,DailySeasonal,6.5,83.83333333333333
test,2024-10-26 17:30:00+00:00,12,3,WeeklySeasonal,5.5,83.5
test,2024-10-26 17:30:00+00:00,12,3,Climatology,9.0,87.66666666666667
test,2024-10-26 17:30:00+00:00,12,3,HistGradientBoosting,4.5,85.0
test,2024-10-26 17:30:00+00:00,12,3,RandomForest,4.0,87.33333333333333
test,2024-10-26 17:30:00+00:00,12,6,Immediate,0.0,120.83333333333333
test,2024-10-26 17:30:00+00:00,12,6,Oracle,5.0,83.91666666666667
test,2024-10-26 17:30:00+00:00,12,6,Persistence,0.0,120.83333333333333
test,2024-10-26 17:30:00+00:00,12,6,DailySeasonal,4.5,84.41666666666667
test,2024-10-26 17:30:00+00:00,12,6,WeeklySeasonal,6.0,85.41666666666667
test,2024-10-26 17:30:00+00:00,12,6,Climatology,6.0,85.41666666666667
test,2024-10-26 17:30:00+00:00,12,6,HistGradientBoosting,4.0,85.5
test,2024-10-26 17:30:00+00:00,12,6,RandomForest,3.5,87.33333333333333
test,2024-10-26 17:30:00+00:00,6,3,Immediate,0.0,146.0
test,2024-10-26 17:30:00+00:00,6,3,Oracle,3.0,95.66666666666667
test,2024-10-26 17:30:00+00:00,6,3,Persistence,0.0,146.0
test,2024-10-26 17:30:00+00:00,6,3,DailySeasonal,3.0,95.66666666666667
test,2024-10-26 17:30:00+00:00,6,3,WeeklySeasonal,3.0,95.66666666666667
test,2024-10-26 17:30:00+00:00,6,3,Climatology,3.0,95.66666666666667
test,2024-10-26 17:30:00+00:00,6,3,HistGradientBoosting,3.0,95.66666666666667
test,2024-10-26 17:30:00+00:00,6,3,RandomForest,3.0,95.66666666666667
test,2024-10-26 17:30:00+00:00,24,3,Immediate,0.0,146.0
test,2024-10-26 17:30:00+00:00,24,3,Oracle,6.0,83.16666666666667
test,2024-10-26 17:30:00+00:00,24,3,Persistence,0.0,146.0
test,2024-10-26 17:30:00+00:00,24,3,DailySeasonal,16.5,91.66666666666667
test,2024-10-26 17:30:00+00:00,24,3,WeeklySeasonal,18.0,106.83333333333333
test,2024-10-26 17:30:00+00:00,24,3,Climatology,16.0,91.66666666666667
test,2024-10-26 17:30:00+00:00,24,3,HistGradientBoosting,4.5,85.0
test,2024-10-26 17:30:00+00:00,24,3,RandomForest,4.0,87.33333333333333
test,2024-10-27 17:30:00+00:00,12,1,Immediate,0.0,125.5
test,2024-10-27 17:30:00+00:00,12,1,Oracle,5.5,58.5
test,2024-10-27 17:30:00+00:00,12,1,Persistence,0.0,125.5
test,2024-10-27 17:30:00+00:00,12,1,DailySeasonal,6.0,59.0
test,2024-10-27 17:30:00+00:00,12,1,WeeklySeasonal,6.5,60.0
test,2024-10-27 17:30:00+00:00,12,1,Climatology,5.0,59.5
test,2024-10-27 17:30:00+00:00,12,1,HistGradientBoosting,5.0,59.5
test,2024-10-27 17:30:00+00:00,12,1,RandomForest,5.5,58.5
test,2024-10-27 17:30:00+00:00,12,3,Immediate,0.0,101.66666666666667
test,2024-10-27 17:30:00+00:00,12,3,Oracle,5.5,59.666666666666664
test,2024-10-27 17:30:00+00:00,12,3,Persistence,0.0,101.66666666666667
test,2024-10-27 17:30:00+00:00,12,3,DailySeasonal,6.0,59.833333333333336
test,2024-10-27 17:30:00+00:00,12,3,WeeklySeasonal,6.0,59.833333333333336
test,2024-10-27 17:30:00+00:00,12,3,Climatology,5.0,59.833333333333336
test,2024-10-27 17:30:00+00:00,12,3,HistGradientBoosting,5.0,59.833333333333336
test,2024-10-27 17:30:00+00:00,12,3,RandomForest,4.5,60.166666666666664
test,2024-10-27 17:30:00+00:00,12,6,Immediate,0.0,82.91666666666667
test,2024-10-27 17:30:00+00:00,12,6,Oracle,4.0,61.25
test,2024-10-27 17:30:00+00:00,12,6,Persistence,0.0,82.91666666666667
test,2024-10-27 17:30:00+00:00,12,6,DailySeasonal,5.0,62.75
test,2024-10-27 17:30:00+00:00,12,6,WeeklySeasonal,3.0,62.0
test,2024-10-27 17:30:00+00:00,12,6,Climatology,4.0,61.25
test,2024-10-27 17:30:00+00:00,12,6,HistGradientBoosting,4.0,61.25
test,2024-10-27 17:30:00+00:00,12,6,RandomForest,3.0,62.0
test,2024-10-27 17:30:00+00:00,6,3,Immediate,0.0,101.66666666666667
test,2024-10-27 17:30:00+00:00,6,3,Oracle,3.0,64.16666666666667
test,2024-10-27 17:30:00+00:00,6,3,Persistence,0.0,101.66666666666667
test,2024-10-27 17:30:00+00:00,6,3,DailySeasonal,3.0,64.16666666666667
test,2024-10-27 17:30:00+00:00,6,3,WeeklySeasonal,2.0,70.33333333333333
test,2024-10-27 17:30:00+00:00,6,3,Climatology,3.0,64.16666666666667
test,2024-10-27 17:30:00+00:00,6,3,HistGradientBoosting,3.0,64.16666666666667
test,2024-10-27 17:30:00+00:00,6,3,RandomForest,3.0,64.16666666666667
test,2024-10-27 17:30:00+00:00,24,3,Immediate,0.0,101.66666666666667
test,2024-10-27 17:30:00+00:00,24,3,Oracle,5.5,59.666666666666664
test,2024-10-27 17:30:00+00:00,24,3,Persistence,0.0,101.66666666666667
test,2024-10-27 17:30:00+00:00,24,3,DailySeasonal,6.0,59.833333333333336
test,2024-10-27 17:30:00+00:00,24,3,WeeklySeasonal,6.0,59.833333333333336
test,2024-10-27 17:30:00+00:00,24,3,Climatology,5.0,59.833333333333336
test,2024-10-27 17:30:00+00:00,24,3,HistGradientBoosting,5.0,59.833333333333336
test,2024-10-27 17:30:00+00:00,24,3,RandomForest,4.5,60.166666666666664
test,2024-10-28 17:30:00+00:00,12,1,Immediate,0.0,233.0
test,2024-10-28 17:30:00+00:00,12,1,Oracle,9.5,151.0
test,2024-10-28 17:30:00+00:00,12,1,Persistence,0.0,233.0
test,2024-10-28 17:30:00+00:00,12,1,DailySeasonal,5.5,169.5
test,2024-10-28 17:30:00+00:00,12,1,WeeklySeasonal,7.5,165.5
test,2024-10-28 17:30:00+00:00,12,1,Climatology,5.0,170.5
test,2024-10-28 17:30:00+00:00,12,1,HistGradientBoosting,8.0,162.0
test,2024-10-28 17:30:00+00:00,12,1,RandomForest,6.0,169.0
test,2024-10-28 17:30:00+00:00,12,3,Immediate,0.0,226.5
test,2024-10-28 17:30:00+00:00,12,3,Oracle,8.0,156.66666666666666
test,2024-10-28 17:30:00+00:00,12,3,Persistence,0.0,226.5
test,2024-10-28 17:30:00+00:00,12,3,DailySeasonal,5.5,168.33333333333334
test,2024-10-28 17:30:00+00:00,12,3,WeeklySeasonal,6.5,164.66666666666666
test,2024-10-28 17:30:00+00:00,12,3,Climatology,5.0,169.33333333333334
test,2024-10-28 17:30:00+00:00,12,3,HistGradientBoosting,7.5,158.33333333333334
test,2024-10-28 17:30:00+00:00,12,3,RandomForest,6.0,166.5
test,2024-10-28 17:30:00+00:00,12,6,Immediate,0.0,207.58333333333334
test,2024-10-28 17:30:00+00:00,12,6,Oracle,5.0,163.0
test,2024-10-28 17:30:00+00:00,12,6,Persistence,0.0,207.58333333333334
test,2024-10-28 17:30:00+00:00,12,6,DailySeasonal,4.0,168.75
test,2024-10-28 17:30:00+00:00,12,6,WeeklySeasonal,4.0,168.75
test,2024-10-28 17:30:00+00:00,12,6,Climatology,4.0,168.75
test,2024-10-28 17:30:00+00:00,12,6,HistGradientBoosting,6.0,165.83333333333334
test,2024-10-28 17:30:00+00:00,12,6,RandomForest,5.0,163.0
test,2024-10-28 17:30:00+00:00,6,3,Immediate,0.0,226.5
test,2024-10-28 17:30:00+00:00,6,3,Oracle,3.0,188.66666666666666
test,2024-10-28 17:30:00+00:00,6,3,Persistence,0.0,226.5
test,2024-10-28 17:30:00+00:00,6,3,DailySeasonal,3.0,188.66666666666666
test,2024-10-28 17:30:00+00:00,6,3,WeeklySeasonal,3.0,188.66666666666666
test,2024-10-28 17:30:00+00:00,6,3,Climatology,3.0,188.66666666666666
test,2024-10-28 17:30:00+00:00,6,3,HistGradientBoosting,3.0,188.66666666666666
test,2024-10-28 17:30:00+00:00,6,3,RandomForest,3.0,188.66666666666666
test,2024-10-28 17:30:00+00:00,24,3,Immediate,0.0,226.5
test,2024-10-28 17:30:00+00:00,24,3,Oracle,8.0,156.66666666666666
test,2024-10-28 17:30:00+00:00,24,3,Persistence,0.0,226.5
test,2024-10-28 17:30:00+00:00,24,3,DailySeasonal,5.5,168.33333333333334
test,2024-10-28 17:30:00+00:00,24,3,WeeklySeasonal,6.5,164.66666666666666
test,2024-10-28 17:30:00+00:00,24,3,Climatology,5.0,169.33333333333334
test,2024-10-28 17:30:00+00:00,24,3,HistGradientBoosting,7.5,158.33333333333334
test,2024-10-28 17:30:00+00:00,24,3,RandomForest,15.0,205.0
test,2024-10-29 17:30:00+00:00,12,1,Immediate,0.0,243.0
test,2024-10-29 17:30:00+00:00,12,1,Oracle,9.0,185.0
test,2024-10-29 17:30:00+00:00,12,1,Persistence,0.0,243.0
test,2024-10-29 17:30:00+00:00,12,1,DailySeasonal,9.5,187.5
test,2024-10-29 17:30:00+00:00,12,1,WeeklySeasonal,8.5,185.5
test,2024-10-29 17:30:00+00:00,12,1,Climatology,7.5,192.0
test,2024-10-29 17:30:00+00:00,12,1,HistGradientBoosting,8.5,185.5
test,2024-10-29 17:30:00+00:00,12,1,RandomForest,8.5,185.5
test,2024-10-29 17:30:00+00:00,12,3,Immediate,0.0,240.83333333333334
test,2024-10-29 17:30:00+00:00,12,3,Oracle,7.5,188.33333333333334
test,2024-10-29 17:30:00+00:00,12,3,Persistence,0.0,240.83333333333334
test,2024-10-29 17:30:00+00:00,12,3,DailySeasonal,8.0,191.16666666666666
test,2024-10-29 17:30:00+00:00,12,3,WeeklySeasonal,6.5,191.33333333333334
test,2024-10-29 17:30:00+00:00,12,3,Climatology,7.0,189.0
test,2024-10-29 17:30:00+00:00,12,3,HistGradientBoosting,7.0,189.0
test,2024-10-29 17:30:00+00:00,12,3,RandomForest,7.0,189.0
test,2024-10-29 17:30:00+00:00,12,6,Immediate,0.0,226.08333333333334
test,2024-10-29 17:30:00+00:00,12,6,Oracle,4.5,194.08333333333334
test,2024-10-29 17:30:00+00:00,12,6,Persistence,0.0,226.08333333333334
test,2024-10-29 17:30:00+00:00,12,6,DailySeasonal,5.0,194.16666666666666
test,2024-10-29 17:30:00+00:00,12,6,WeeklySeasonal,4.0,195.75
test,2024-10-29 17:30:00+00:00,12,6,Climatology,5.0,194.16666666666666
test,2024-10-29 17:30:00+00:00,12,6,HistGradientBoosting,5.5,195.33333333333334
test,2024-10-29 17:30:00+00:00,12,6,RandomForest,4.5,194.08333333333334
test,2024-10-29 17:30:00+00:00,6,3,Immediate,0.0,240.83333333333334
test,2024-10-29 17:30:00+00:00,6,3,Oracle,3.0,211.33333333333334
test,2024-10-29 17:30:00+00:00,6,3,Persistence,0.0,240.83333333333334
test,2024-10-29 17:30:00+00:00,6,3,DailySeasonal,3.0,211.33333333333334
test,2024-10-29 17:30:00+00:00,6,3,WeeklySeasonal,3.0,211.33333333333334
test,2024-10-29 17:30:00+00:00,6,3,Climatology,3.0,211.33333333333334
test,2024-10-29 17:30:00+00:00,6,3,HistGradientBoosting,3.0,211.33333333333334
test,2024-10-29 17:30:00+00:00,6,3,RandomForest,3.0,211.33333333333334
test,2024-10-29 17:30:00+00:00,24,3,Immediate,0.0,240.83333333333334
test,2024-10-29 17:30:00+00:00,24,3,Oracle,7.5,188.33333333333334
test,2024-10-29 17:30:00+00:00,24,3,Persistence,0.0,240.83333333333334
test,2024-10-29 17:30:00+00:00,24,3,DailySeasonal,8.0,191.16666666666666
test,2024-10-29 17:30:00+00:00,24,3,WeeklySeasonal,6.5,191.33333333333334
test,2024-10-29 17:30:00+00:00,24,3,Climatology,17.0,238.66666666666666
test,2024-10-29 17:30:00+00:00,24,3,HistGradientBoosting,7.0,189.0
test,2024-10-29 17:30:00+00:00,24,3,RandomForest,7.0,189.0
test,2024-10-30 17:30:00+00:00,12,1,Immediate,0.0,235.0
test,2024-10-30 17:30:00+00:00,12,1,Oracle,9.0,99.5
test,2024-10-30 17:30:00+00:00,12,1,Persistence,0.0,235.0
test,2024-10-30 17:30:00+00:00,12,1,DailySeasonal,9.0,99.5
test,2024-10-30 17:30:00+00:00,12,1,WeeklySeasonal,5.5,127.0
test,2024-10-30 17:30:00+00:00,12,1,Climatology,7.5,101.5
test,2024-10-30 17:30:00+00:00,12,1,HistGradientBoosting,9.0,99.5
test,2024-10-30 17:30:00+00:00,12,1,RandomForest,9.5,100.0
test,2024-10-30 17:30:00+00:00,12,3,Immediate,0.0,221.5
test,2024-10-30 17:30:00+00:00,12,3,Oracle,7.5,100.66666666666667
test,2024-10-30 17:30:00+00:00,12,3,Persistence,0.0,221.5
test,2024-10-30 17:30:00+00:00,12,3,DailySeasonal,7.5,100.66666666666667
test,2024-10-30 17:30:00+00:00,12,3,WeeklySeasonal,5.0,119.66666666666667
test,2024-10-30 17:30:00+00:00,12,3,Climatology,5.5,114.5
test,2024-10-30 17:30:00+00:00,12,3,HistGradientBoosting,7.5,100.66666666666667
test,2024-10-30 17:30:00+00:00,12,3,RandomForest,7.5,100.66666666666667
test,2024-10-30 17:30:00+00:00,12,6,Immediate,0.0,188.33333333333334
test,2024-10-30 17:30:00+00:00,12,6,Oracle,5.5,109.5
test,2024-10-30 17:30:00+00:00,12,6,Persistence,0.0,188.33333333333334
test,2024-10-30 17:30:00+00:00,12,6,DailySeasonal,4.5,113.5
test,2024-10-30 17:30:00+00:00,12,6,WeeklySeasonal,3.5,124.83333333333333
test,2024-10-30 17:30:00+00:00,12,6,Climatology,4.0,118.5
test,2024-10-30 17:30:00+00:00,12,6,HistGradientBoosting,4.5,113.5
test,2024-10-30 17:30:00+00:00,12,6,RandomForest,4.5,113.5
test,2024-10-30 17:30:00+00:00,6,3,Immediate,0.0,221.5
test,2024-10-30 17:30:00+00:00,6,3,Oracle,3.0,155.16666666666666
test,2024-10-30 17:30:00+00:00,6,3,Persistence,0.0,221.5
test,2024-10-30 17:30:00+00:00,6,3,DailySeasonal,3.0,155.16666666666666
test,2024-10-30 17:30:00+00:00,6,3,WeeklySeasonal,3.0,155.16666666666666
test,2024-10-30 17:30:00+00:00,6,3,Climatology,3.0,155.16666666666666
test,2024-10-30 17:30:00+00:00,6,3,HistGradientBoosting,3.0,155.16666666666666
test,2024-10-30 17:30:00+00:00,6,3,RandomForest,3.0,155.16666666666666
test,2024-10-30 17:30:00+00:00,24,3,Immediate,0.0,221.5
test,2024-10-30 17:30:00+00:00,24,3,Oracle,7.5,100.66666666666667
test,2024-10-30 17:30:00+00:00,24,3,Persistence,0.0,221.5
test,2024-10-30 17:30:00+00:00,24,3,DailySeasonal,7.5,100.66666666666667
test,2024-10-30 17:30:00+00:00,24,3,WeeklySeasonal,5.0,119.66666666666667
test,2024-10-30 17:30:00+00:00,24,3,Climatology,5.5,114.5
test,2024-10-30 17:30:00+00:00,24,3,HistGradientBoosting,7.5,100.66666666666667
test,2024-10-30 17:30:00+00:00,24,3,RandomForest,7.5,100.66666666666667
test,2024-10-31 17:30:00+00:00,12,1,Immediate,0.0,201.0
test,2024-10-31 17:30:00+00:00,12,1,Oracle,9.5,104.5
test,2024-10-31 17:30:00+00:00,12,1,Persistence,0.0,201.0
test,2024-10-31 17:30:00+00:00,12,1,DailySeasonal,9.0,106.5
test,2024-10-31 17:30:00+00:00,12,1,WeeklySeasonal,3.5,148.5
test,2024-10-31 17:30:00+00:00,12,1,Climatology,7.5,121.0
test,2024-10-31 17:30:00+00:00,12,1,HistGradientBoosting,9.0,106.5
test,2024-10-31 17:30:00+00:00,12,1,RandomForest,8.5,110.0
test,2024-10-31 17:30:00+00:00,12,3,Immediate,0.0,187.83333333333334
test,2024-10-31 17:30:00+00:00,12,3,Oracle,8.5,108.66666666666667
test,2024-10-31 17:30:00+00:00,12,3,Persistence,0.0,187.83333333333334
test,2024-10-31 17:30:00+00:00,12,3,DailySeasonal,7.5,111.83333333333333
test,2024-10-31 17:30:00+00:00,12,3,WeeklySeasonal,2.5,148.66666666666666
test,2024-10-31 17:30:00+00:00,12,3,Climatology,6.5,118.33333333333333
test,2024-10-31 17:30:00+00:00,12,3,HistGradientBoosting,7.5,111.83333333333333
test,2024-10-31 17:30:00+00:00,12,3,RandomForest,6.5,118.33333333333333
test,2024-10-31 17:30:00+00:00,12,6,Immediate,0.0,165.0
test,2024-10-31 17:30:00+00:00,12,6,Oracle,6.0,116.33333333333333
test,2024-10-31 17:30:00+00:00,12,6,Persistence,0.0,165.0
test,2024-10-31 17:30:00+00:00,12,6,DailySeasonal,5.5,116.5
test,2024-10-31 17:30:00+00:00,12,6,WeeklySeasonal,1.5,146.41666666666666
test,2024-10-31 17:30:00+00:00,12,6,Climatology,4.5,120.0
test,2024-10-31 17:30:00+00:00,12,6,HistGradientBoosting,4.5,120.0
test,2024-10-31 17:30:00+00:00,12,6,RandomForest,5.0,117.58333333333333
test,2024-10-31 17:30:00+00:00,6,3,Immediate,0.0,187.83333333333334
test,2024-10-31 17:30:00+00:00,6,3,Oracle,3.0,142.16666666666666
test,2024-10-31 17:30:00+00:00,6,3,Persistence,0.0,187.83333333333334
test,2024-10-31 17:30:00+00:00,6,3,DailySeasonal,3.0,142.16666666666666
test,2024-10-31 17:30:00+00:00,6,3,WeeklySeasonal,2.5,148.66666666666666
test,2024-10-31 17:30:00+00:00,6,3,Climatology,3.0,142.16666666666666
test,2024-10-31 17:30:00+00:00,6,3,HistGradientBoosting,3.0,142.16666666666666
test,2024-10-31 17:30:00+00:00,6,3,RandomForest,3.0,142.16666666666666
test,2024-10-31 17:30:00+00:00,24,3,Immediate,0.0,187.83333333333334
test,2024-10-31 17:30:00+00:00,24,3,Oracle,8.5,108.66666666666667
test,2024-10-31 17:30:00+00:00,24,3,Persistence,0.0,187.83333333333334
test,2024-10-31 17:30:00+00:00,24,3,DailySeasonal,7.5,111.83333333333333
test,2024-10-31 17:30:00+00:00,24,3,WeeklySeasonal,2.5,148.66666666666666
test,2024-10-31 17:30:00+00:00,24,3,Climatology,17.0,206.0
test,2024-10-31 17:30:00+00:00,24,3,HistGradientBoosting,7.5,111.83333333333333
test,2024-10-31 17:30:00+00:00,24,3,RandomForest,6.5,118.33333333333333
test,2024-11-01 17:30:00+00:00,12,1,Immediate,0.0,249.5
test,2024-11-01 17:30:00+00:00,12,1,Oracle,9.5,150.5
test,2024-11-01 17:30:00+00:00,12,1,Persistence,0.0,249.5
test,2024-11-01 17:30:00+00:00,12,1,DailySeasonal,9.5,150.5
test,2024-11-01 17:30:00+00:00,12,1,WeeklySeasonal,7.5,175.5
test,2024-11-01 17:30:00+00:00,12,1,Climatology,7.5,175.5
test,2024-11-01 17:30:00+00:00,12,1,HistGradientBoosting,11.0,161.0
test,2024-11-01 17:30:00+00:00,12,1,RandomForest,8.5,162.0
test,2024-11-01 17:30:00+00:00,12,3,Immediate,0.0,249.33333333333334
test,2024-11-01 17:30:00+00:00,12,3,Oracle,8.5,156.5
test,2024-11-01 17:30:00+00:00,12,3,Persistence,0.0,249.33333333333334
test,2024-11-01 17:30:00+00:00,12,3,DailySeasonal,8.5,156.5
test,2024-11-01 17:30:00+00:00,12,3,WeeklySeasonal,6.5,176.16666666666666
test,2024-11-01 17:30:00+00:00,12,3,Climatology,7.0,168.83333333333334
test,2024-11-01 17:30:00+00:00,12,3,HistGradientBoosting,9.0,156.5
test,2024-11-01 17:30:00+00:00,12,3,RandomForest,8.5,156.5
test,2024-11-01 17:30:00+00:00,12,6,Immediate,0.0,234.08333333333334
test,2024-11-01 17:30:00+00:00,12,6,Oracle,6.0,170.0
test,2024-11-01 17:30:00+00:00,12,6,Persistence,0.0,234.08333333333334
test,2024-11-01 17:30:00+00:00,12,6,DailySeasonal,6.0,170.0
test,2024-11-01 17:30:00+00:00,12,6,WeeklySeasonal,4.5,182.33333333333334
test,2024-11-01 17:30:00+00:00,12,6,Climatology,6.0,170.0
test,2024-11-01 17:30:00+00:00,12,6,HistGradientBoosting,6.0,170.0
test,2024-11-01 17:30:00+00:00,12,6,RandomForest,6.0,170.0
test,2024-11-01 17:30:00+00:00,6,3,Immediate,0.0,249.33333333333334
test,2024-11-01 17:30:00+00:00,6,3,Oracle,3.0,218.83333333333334
test,2024-11-01 17:30:00+00:00,6,3,Persistence,0.0,249.33333333333334
test,2024-11-01 17:30:00+00:00,6,3,DailySeasonal,3.0,218.83333333333334
test,2024-11-01 17:30:00+00:00,6,3,WeeklySeasonal,3.0,218.83333333333334
test,2024-11-01 17:30:00+00:00,6,3,Climatology,3.0,218.83333333333334
test,2024-11-01 17:30:00+00:00,6,3,HistGradientBoosting,3.0,218.83333333333334
test,2024-11-01 17:30:00+00:00,6,3,RandomForest,3.0,218.83333333333334
test,2024-11-01 17:30:00+00:00,24,3,Immediate,0.0,249.33333333333334
test,2024-11-01 17:30:00+00:00,24,3,Oracle,8.5,156.5
test,2024-11-01 17:30:00+00:00,24,3,Persistence,0.0,249.33333333333334
test,2024-11-01 17:30:00+00:00,24,3,DailySeasonal,8.5,156.5
test,2024-11-01 17:30:00+00:00,24,3,WeeklySeasonal,16.5,186.0
test,2024-11-01 17:30:00+00:00,24,3,Climatology,17.0,189.5
test,2024-11-01 17:30:00+00:00,24,3,HistGradientBoosting,17.0,189.5
test,2024-11-01 17:30:00+00:00,24,3,RandomForest,15.5,182.33333333333334
test,2024-11-02 17:30:00+00:00,12,1,Immediate,0.0,224.5
test,2024-11-02 17:30:00+00:00,12,1,Oracle,10.5,171.0
test,2024-11-02 17:30:00+00:00,12,1,Persistence,0.0,224.5
test,2024-11-02 17:30:00+00:00,12,1,DailySeasonal,9.5,173.5
test,2024-11-02 17:30:00+00:00,12,1,WeeklySeasonal,6.0,173.5
test,2024-11-02 17:30:00+00:00,12,1,Climatology,9.0,172.5
test,2024-11-02 17:30:00+00:00,12,1,HistGradientBoosting,10.5,171.0
test,2024-11-02 17:30:00+00:00,12,1,RandomForest,11.0,174.0
test,2024-11-02 17:30:00+00:00,12,3,Immediate,0.0,219.16666666666666
test,2024-11-02 17:30:00+00:00,12,3,Oracle,8.5,172.66666666666666
test,2024-11-02 17:30:00+00:00,12,3,Persistence,0.0,219.16666666666666
test,2024-11-02 17:30:00+00:00,12,3,DailySeasonal,8.5,172.66666666666666
test,2024-11-02 17:30:00+00:00,12,3,WeeklySeasonal,6.0,173.33333333333334
test,2024-11-02 17:30:00+00:00,12,3,Climatology,9.0,173.16666666666666
test,2024-11-02 17:30:00+00:00,12,3,HistGradientBoosting,9.0,173.16666666666666
test,2024-11-02 17:30:00+00:00,12,3,RandomForest,9.0,173.16666666666666
test,2024-11-02 17:30:00+00:00,12,6,Immediate,0.0,201.66666666666666
test,2024-11-02 17:30:00+00:00,12,6,Oracle,5.5,172.91666666666666
test,2024-11-02 17:30:00+00:00,12,6,Persistence,0.0,201.66666666666666
test,2024-11-02 17:30:00+00:00,12,6,DailySeasonal,6.0,173.25
test,2024-11-02 17:30:00+00:00,12,6,WeeklySeasonal,5.0,173.16666666666666
test,2024-11-02 17:30:00+00:00,12,6,Climatology,6.0,173.25
test,2024-11-02 17:30:00+00:00,12,6,HistGradientBoosting,6.0,173.25
test,2024-11-02 17:30:00+00:00,12,6,RandomForest,6.0,173.25
test,2024-11-02 17:30:00+00:00,6,3,Immediate,0.0,219.16666666666666
test,2024-11-02 17:30:00+00:00,6,3,Oracle,3.0,184.16666666666666
test,2024-11-02 17:30:00+00:00,6,3,Persistence,0.0,219.16666666666666
test,2024-11-02 17:30:00+00:00,6,3,DailySeasonal,3.0,184.16666666666666
test,2024-11-02 17:30:00+00:00,6,3,WeeklySeasonal,3.0,184.16666666666666
test,2024-11-02 17:30:00+00:00,6,3,Climatology,3.0,184.16666666666666
test,2024-11-02 17:30:00+00:00,6,3,HistGradientBoosting,3.0,184.16666666666666
test,2024-11-02 17:30:00+00:00,6,3,RandomForest,3.0,184.16666666666666
test,2024-11-02 17:30:00+00:00,24,3,Immediate,0.0,219.16666666666666
test,2024-11-02 17:30:00+00:00,24,3,Oracle,8.5,172.66666666666666
test,2024-11-02 17:30:00+00:00,24,3,Persistence,0.0,219.16666666666666
test,2024-11-02 17:30:00+00:00,24,3,DailySeasonal,8.5,172.66666666666666
test,2024-11-02 17:30:00+00:00,24,3,WeeklySeasonal,6.0,173.33333333333334
test,2024-11-02 17:30:00+00:00,24,3,Climatology,16.0,238.16666666666666
test,2024-11-02 17:30:00+00:00,24,3,HistGradientBoosting,9.0,173.16666666666666
test,2024-11-02 17:30:00+00:00,24,3,RandomForest,15.0,234.66666666666666
test,2024-11-03 17:30:00+00:00,12,1,Immediate,0.0,249.0
test,2024-11-03 17:30:00+00:00,12,1,Oracle,9.5,199.0
test,2024-11-03 17:30:00+00:00,12,1,Persistence,0.0,249.0
test,2024-11-03 17:30:00+00:00,12,1,DailySeasonal,10.5,221.0
test,2024-11-03 17:30:00+00:00,12,1,WeeklySeasonal,5.5,211.5
test,2024-11-03 17:30:00+00:00,12,1,Climatology,5.0,212.5
test,2024-11-03 17:30:00+00:00,12,1,HistGradientBoosting,10.0,206.5
test,2024-11-03 17:30:00+00:00,12,1,RandomForest,10.0,206.5
test,2024-11-03 17:30:00+00:00,12,3,Immediate,0.0,240.83333333333334
test,2024-11-03 17:30:00+00:00,12,3,Oracle,7.5,202.33333333333334
test,2024-11-03 17:30:00+00:00,12,3,Persistence,0.0,240.83333333333334
test,2024-11-03 17:30:00+00:00,12,3,DailySeasonal,8.5,206.83333333333334
test,2024-11-03 17:30:00+00:00,12,3,WeeklySeasonal,5.5,210.16666666666666
test,2024-11-03 17:30:00+00:00,12,3,Climatology,5.0,211.5
test,2024-11-03 17:30:00+00:00,12,3,HistGradientBoosting,8.5,206.83333333333334
test,2024-11-03 17:30:00+00:00,12,3,RandomForest,9.0,214.16666666666666
test,2024-11-03 17:30:00+00:00,12,6,Immediate,0.0,228.16666666666666
test,2024-11-03 17:30:00+00:00,12,6,Oracle,4.5,207.16666666666666
test,2024-11-03 17:30:00+00:00,12,6,Persistence,0.0,228.16666666666666
test,2024-11-03 17:30:00+00:00,12,6,DailySeasonal,5.5,208.5
test,2024-11-03 17:30:00+00:00,12,6,WeeklySeasonal,4.0,208.5
test,2024-11-03 17:30:00+00:00,12,6,Climatology,4.0,208.5
test,2024-11-03 17:30:00+00:00,12,6,HistGradientBoosting,6.0,211.41666666666666
test,2024-11-03 17:30:00+00:00,12,6,RandomForest,6.0,211.41666666666666
test,2024-11-03 17:30:00+00:00,6,3,Immediate,0.0,240.83333333333334
test,2024-11-03 17:30:00+00:00,6,3,Oracle,3.0,215.5
test,2024-11-03 17:30:00+00:00,6,3,Persistence,0.0,240.83333333333334
test,2024-11-03 17:30:00+00:00,6,3,DailySeasonal,3.0,215.5
test,2024-11-03 17:30:00+00:00,6,3,WeeklySeasonal,3.0,215.5
test,2024-11-03 17:30:00+00:00,6,3,Climatology,3.0,215.5
test,2024-11-03 17:30:00+00:00,6,3,HistGradientBoosting,3.0,215.5
test,2024-11-03 17:30:00+00:00,6,3,RandomForest,3.0,215.5
test,2024-11-03 17:30:00+00:00,24,3,Immediate,0.0,240.83333333333334
test,2024-11-03 17:30:00+00:00,24,3,Oracle,7.5,202.33333333333334
test,2024-11-03 17:30:00+00:00,24,3,Persistence,0.0,240.83333333333334
test,2024-11-03 17:30:00+00:00,24,3,DailySeasonal,8.5,206.83333333333334
test,2024-11-03 17:30:00+00:00,24,3,WeeklySeasonal,5.5,210.16666666666666
test,2024-11-03 17:30:00+00:00,24,3,Climatology,5.0,211.5
test,2024-11-03 17:30:00+00:00,24,3,HistGradientBoosting,8.5,206.83333333333334
test,2024-11-03 17:30:00+00:00,24,3,RandomForest,9.0,214.16666666666666
test,2024-11-04 17:30:00+00:00,12,1,Immediate,0.0,256.0
test,2024-11-04 17:30:00+00:00,12,1,Oracle,5.0,241.0
test,2024-11-04 17:30:00+00:00,12,1,Persistence,0.0,256.0
test,2024-11-04 17:30:00+00:00,12,1,DailySeasonal,9.5,242.5
test,2024-11-04 17:30:00+00:00,12,1,WeeklySeasonal,9.5,242.5
test,2024-11-04 17:30:00+00:00,12,1,Climatology,5.0,241.0
test,2024-11-04 17:30:00+00:00,12,1,HistGradientBoosting,9.5,242.5
test,2024-11-04 17:30:00+00:00,12,1,RandomForest,9.5,242.5
test,2024-11-04 17:30:00+00:00,12,3,Immediate,0.0,257.1666666666667
test,2024-11-04 17:30:00+00:00,12,3,Oracle,5.5,241.5
test,2024-11-04 17:30:00+00:00,12,3,Persistence,0.0,257.1666666666667
test,2024-11-04 17:30:00+00:00,12,3,DailySeasonal,7.5,242.0
test,2024-11-04 17:30:00+00:00,12,3,WeeklySeasonal,8.0,245.16666666666666
test,2024-11-04 17:30:00+00:00,12,3,Climatology,5.0,242.0
test,2024-11-04 17:30:00+00:00,12,3,HistGradientBoosting,8.5,248.5
test,2024-11-04 17:30:00+00:00,12,3,RandomForest,8.5,248.5
test,2024-11-04 17:30:00+00:00,12,6,Immediate,0.0,251.66666666666666
test,2024-11-04 17:30:00+00:00,12,6,Oracle,4.5,242.58333333333334
test,2024-11-04 17:30:00+00:00,12,6,Persistence,0.0,251.66666666666666
test,2024-11-04 17:30:00+00:00,12,6,DailySeasonal,4.5,242.58333333333334
test,2024-11-04 17:30:00+00:00,12,6,WeeklySeasonal,5.0,243.58333333333334
test,2024-11-04 17:30:00+00:00,12,6,Climatology,4.0,243.0
test,2024-11-04 17:30:00+00:00,12,6,HistGradientBoosting,6.0,247.41666666666666
test,2024-11-04 17:30:00+00:00,12,6,RandomForest,5.5,245.0
test,2024-11-04 17:30:00+00:00,6,3,Immediate,0.0,257.1666666666667
test,2024-11-04 17:30:00+00:00,6,3,Oracle,3.0,246.16666666666666
test,2024-11-04 17:30:00+00:00,6,3,Persistence,0.0,257.1666666666667
test,2024-11-04 17:30:00+00:00,6,3,DailySeasonal,3.0,246.16666666666666
test,2024-11-04 17:30:00+00:00,6,3,WeeklySeasonal,3.0,246.16666666666666
test,2024-11-04 17:30:00+00:00,6,3,Climatology,3.0,246.16666666666666
test,2024-11-04 17:30:00+00:00,6,3,HistGradientBoosting,3.0,246.16666666666666
test,2024-11-04 17:30:00+00:00,6,3,RandomForest,3.0,246.16666666666666
test,2024-11-04 17:30:00+00:00,24,3,Immediate,0.0,257.1666666666667
test,2024-11-04 17:30:00+00:00,24,3,Oracle,5.5,241.5
test,2024-11-04 17:30:00+00:00,24,3,Persistence,0.0,257.1666666666667
test,2024-11-04 17:30:00+00:00,24,3,DailySeasonal,7.5,242.0
test,2024-11-04 17:30:00+00:00,24,3,WeeklySeasonal,8.0,245.16666666666666
test,2024-11-04 17:30:00+00:00,24,3,Climatology,5.0,242.0
test,2024-11-04 17:30:00+00:00,24,3,HistGradientBoosting,8.5,248.5
test,2024-11-04 17:30:00+00:00,24,3,RandomForest,8.5,248.5
test,2024-11-05 17:30:00+00:00,12,1,Immediate,0.0,260.0
test,2024-11-05 17:30:00+00:00,12,1,Oracle,8.5,217.5
test,2024-11-05 17:30:00+00:00,12,1,Persistence,0.0,260.0
test,2024-11-05 17:30:00+00:00,12,1,DailySeasonal,5.0,234.0
test,2024-11-05 17:30:00+00:00,12,1,WeeklySeasonal,9.0,221.5
test,2024-11-05 17:30:00+00:00,12,1,Climatology,7.5,220.5
test,2024-11-05 17:30:00+00:00,12,1,HistGradientBoosting,7.5,220.5
test,2024-11-05 17:30:00+00:00,12,1,RandomForest,9.5,225.0
test,2024-11-05 17:30:00+00:00,12,3,Immediate,0.0,261.6666666666667
test,2024-11-05 17:30:00+00:00,12,3,Oracle,7.0,220.33333333333334
test,2024-11-05 17:30:00+00:00,12,3,Persistence,0.0,261.6666666666667
test,2024-11-05 17:30:00+00:00,12,3,DailySeasonal,5.5,225.33333333333334
test,2024-11-05 17:30:00+00:00,12,3,WeeklySeasonal,7.5,221.0
test,2024-11-05 17:30:00+00:00,12,3,Climatology,7.0,220.33333333333334
test,2024-11-05 17:30:00+00:00,12,3,HistGradientBoosting,6.0,222.66666666666666
test,2024-11-05 17:30:00+00:00,12,3,RandomForest,8.0,224.16666666666666
test,2024-11-05 17:30:00+00:00,12,6,Immediate,0.0,254.08333333333334
test,2024-11-05 17:30:00+00:00,12,6,Oracle,5.0,226.08333333333334
test,2024-11-05 17:30:00+00:00,12,6,Persistence,0.0,254.08333333333334
test,2024-11-05 17:30:00+00:00,12,6,DailySeasonal,4.5,226.33333333333334
test,2024-11-05 17:30:00+00:00,12,6,WeeklySeasonal,4.5,226.33333333333334
test,2024-11-05 17:30:00+00:00,12,6,Climatology,5.0,226.08333333333334
test,2024-11-05 17:30:00+00:00,12,6,HistGradientBoosting,5.5,226.75
test,2024-11-05 17:30:00+00:00,12,6,RandomForest,5.5,226.75
test,2024-11-05 17:30:00+00:00,6,3,Immediate,0.0,261.6666666666667
test,2024-11-05 17:30:00+00:00,6,3,Oracle,3.0,246.5
test,2024-11-05 17:30:00+00:00,6,3,Persistence,0.0,261.6666666666667
test,2024-11-05 17:30:00+00:00,6,3,DailySeasonal,3.0,246.5
test,2024-11-05 17:30:00+00:00,6,3,WeeklySeasonal,3.0,246.5
test,2024-11-05 17:30:00+00:00,6,3,Climatology,3.0,246.5
test,2024-11-05 17:30:00+00:00,6,3,HistGradientBoosting,3.0,246.5
test,2024-11-05 17:30:00+00:00,6,3,RandomForest,3.0,246.5
test,2024-11-05 17:30:00+00:00,24,3,Immediate,0.0,261.6666666666667
test,2024-11-05 17:30:00+00:00,24,3,Oracle,7.0,220.33333333333334
test,2024-11-05 17:30:00+00:00,24,3,Persistence,0.0,261.6666666666667
test,2024-11-05 17:30:00+00:00,24,3,DailySeasonal,5.5,225.33333333333334
test,2024-11-05 17:30:00+00:00,24,3,WeeklySeasonal,7.5,221.0
test,2024-11-05 17:30:00+00:00,24,3,Climatology,17.0,245.5
test,2024-11-05 17:30:00+00:00,24,3,HistGradientBoosting,6.0,222.66666666666666
test,2024-11-05 17:30:00+00:00,24,3,RandomForest,8.0,224.16666666666666
test,2024-11-06 17:30:00+00:00,12,1,Immediate,0.0,246.0
test,2024-11-06 17:30:00+00:00,12,1,Oracle,8.5,166.0
test,2024-11-06 17:30:00+00:00,12,1,Persistence,0.0,246.0
test,2024-11-06 17:30:00+00:00,12,1,DailySeasonal,8.5,166.0
test,2024-11-06 17:30:00+00:00,12,1,WeeklySeasonal,9.0,166.5
test,2024-11-06 17:30:00+00:00,12,1,Climatology,7.5,170.5
test,2024-11-06 17:30:00+00:00,12,1,HistGradientBoosting,7.0,173.0
test,2024-11-06 17:30:00+00:00,12,1,RandomForest,8.0,168.0
test,2024-11-06 17:30:00+00:00,12,3,Immediate,0.0,245.5
test,2024-11-06 17:30:00+00:00,12,3,Oracle,7.5,168.0
test,2024-11-06 17:30:00+00:00,12,3,Persistence,0.0,245.5
test,2024-11-06 17:30:00+00:00,12,3,DailySeasonal,7.0,169.16666666666666
test,2024-11-06 17:30:00+00:00,12,3,WeeklySeasonal,7.5,168.0
test,2024-11-06 17:30:00+00:00,12,3,Climatology,5.5,174.66666666666666
test,2024-11-06 17:30:00+00:00,12,3,HistGradientBoosting,6.5,171.16666666666666
test,2024-11-06 17:30:00+00:00,12,3,RandomForest,6.5,171.16666666666666
test,2024-11-06 17:30:00+00:00,12,6,Immediate,0.0,223.58333333333334
test,2024-11-06 17:30:00+00:00,12,6,Oracle,5.0,173.16666666666666
test,2024-11-06 17:30:00+00:00,12,6,Persistence,0.0,223.58333333333334
test,2024-11-06 17:30:00+00:00,12,6,DailySeasonal,5.0,173.16666666666666
test,2024-11-06 17:30:00+00:00,12,6,WeeklySeasonal,5.5,173.91666666666666
test,2024-11-06 17:30:00+00:00,12,6,Climatology,4.0,177.0
test,2024-11-06 17:30:00+00:00,12,6,HistGradientBoosting,4.5,173.33333333333334
test,2024-11-06 17:30:00+00:00,12,6,RandomForest,4.5,173.33333333333334
test,2024-11-06 17:30:00+00:00,6,3,Immediate,0.0,245.5
test,2024-11-06 17:30:00+00:00,6,3,Oracle,3.0,201.66666666666666
test,2024-11-06 17:30:00+00:00,6,3,Persistence,0.0,245.5
test,2024-11-06 17:30:00+00:00,6,3,DailySeasonal,3.0,201.66666666666666
test,2024-11-06 17:30:00+00:00,6,3,WeeklySeasonal,3.0,201.66666666666666
test,2024-11-06 17:30:00+00:00,6,3,Climatology,3.0,201.66666666666666
test,2024-11-06 17:30:00+00:00,6,3,HistGradientBoosting,3.0,201.66666666666666
test,2024-11-06 17:30:00+00:00,6,3,RandomForest,3.0,201.66666666666666
test,2024-11-06 17:30:00+00:00,24,3,Immediate,0.0,245.5
test,2024-11-06 17:30:00+00:00,24,3,Oracle,7.5,168.0
test,2024-11-06 17:30:00+00:00,24,3,Persistence,0.0,245.5
test,2024-11-06 17:30:00+00:00,24,3,DailySeasonal,7.0,169.16666666666666
test,2024-11-06 17:30:00+00:00,24,3,WeeklySeasonal,7.5,168.0
test,2024-11-06 17:30:00+00:00,24,3,Climatology,5.5,174.66666666666666
test,2024-11-06 17:30:00+00:00,24,3,HistGradientBoosting,6.5,171.16666666666666
test,2024-11-06 17:30:00+00:00,24,3,RandomForest,6.5,171.16666666666666
test,2024-11-07 17:30:00+00:00,12,1,Immediate,0.0,210.0
test,2024-11-07 17:30:00+00:00,12,1,Oracle,5.0,159.0
test,2024-11-07 17:30:00+00:00,12,1,Persistence,0.0,210.0
test,2024-11-07 17:30:00+00:00,12,1,DailySeasonal,8.5,165.5
test,2024-11-07 17:30:00+00:00,12,1,WeeklySeasonal,9.5,170.0
test,2024-11-07 17:30:00+00:00,12,1,Climatology,7.5,166.5
test,2024-11-07 17:30:00+00:00,12,1,HistGradientBoosting,8.5,165.5
test,2024-11-07 17:30:00+00:00,12,1,RandomForest,7.5,166.5
test,2024-11-07 17:30:00+00:00,12,3,Immediate,0.0,206.16666666666666
test,2024-11-07 17:30:00+00:00,12,3,Oracle,5.0,162.5
test,2024-11-07 17:30:00+00:00,12,3,Persistence,0.0,206.16666666666666
test,2024-11-07 17:30:00+00:00,12,3,DailySeasonal,7.5,167.33333333333334
test,2024-11-07 17:30:00+00:00,12,3,WeeklySeasonal,8.5,176.5
test,2024-11-07 17:30:00+00:00,12,3,Climatology,6.5,165.33333333333334
test,2024-11-07 17:30:00+00:00,12,3,HistGradientBoosting,7.0,166.0
test,2024-11-07 17:30:00+00:00,12,3,RandomForest,7.0,166.0
test,2024-11-07 17:30:00+00:00,12,6,Immediate,0.0,190.0
test,2024-11-07 17:30:00+00:00,12,6,Oracle,4.5,165.08333333333334
test,2024-11-07 17:30:00+00:00,12,6,Persistence,0.0,190.0
test,2024-11-07 17:30:00+00:00,12,6,DailySeasonal,5.0,166.83333333333334
test,2024-11-07 17:30:00+00:00,12,6,WeeklySeasonal,6.0,175.83333333333334
test,2024-11-07 17:30:00+00:00,12,6,Climatology,4.5,165.08333333333334
test,2024-11-07 17:30:00+00:00,12,6,HistGradientBoosting,4.5,165.08333333333334
test,2024-11-07 17:30:00+00:00,12,6,RandomForest,4.5,165.08333333333334
test,2024-11-07 17:30:00+00:00,6,3,Immediate,0.0,206.16666666666666
test,2024-11-07 17:30:00+00:00,6,3,Oracle,3.0,173.83333333333334
test,2024-11-07 17:30:00+00:00,6,3,Persistence,0.0,206.16666666666666
test,2024-11-07 17:30:00+00:00,6,3,DailySeasonal,3.0,173.83333333333334
test,2024-11-07 17:30:00+00:00,6,3,WeeklySeasonal,3.0,173.83333333333334
test,2024-11-07 17:30:00+00:00,6,3,Climatology,3.0,173.83333333333334
test,2024-11-07 17:30:00+00:00,6,3,HistGradientBoosting,3.0,173.83333333333334
test,2024-11-07 17:30:00+00:00,6,3,RandomForest,3.0,173.83333333333334
test,2024-11-07 17:30:00+00:00,24,3,Immediate,0.0,206.16666666666666
test,2024-11-07 17:30:00+00:00,24,3,Oracle,5.0,162.5
test,2024-11-07 17:30:00+00:00,24,3,Persistence,0.0,206.16666666666666
test,2024-11-07 17:30:00+00:00,24,3,DailySeasonal,7.5,167.33333333333334
test,2024-11-07 17:30:00+00:00,24,3,WeeklySeasonal,8.5,176.5
test,2024-11-07 17:30:00+00:00,24,3,Climatology,17.0,229.5
test,2024-11-07 17:30:00+00:00,24,3,HistGradientBoosting,7.0,166.0
test,2024-11-07 17:30:00+00:00,24,3,RandomForest,7.0,166.0
test,2024-11-08 17:30:00+00:00,12,1,Immediate,0.0,241.0
test,2024-11-08 17:30:00+00:00,12,1,Oracle,7.5,182.0
test,2024-11-08 17:30:00+00:00,12,1,Persistence,0.0,241.0
test,2024-11-08 17:30:00+00:00,12,1,DailySeasonal,5.0,192.5
test,2024-11-08 17:30:00+00:00,12,1,WeeklySeasonal,9.5,199.0
test,2024-11-08 17:30:00+00:00,12,1,Climatology,7.5,182.0
test,2024-11-08 17:30:00+00:00,12,1,HistGradientBoosting,10.5,206.0
test,2024-11-08 17:30:00+00:00,12,1,RandomForest,10.0,202.0
test,2024-11-08 17:30:00+00:00,12,3,Immediate,0.0,236.83333333333334
test,2024-11-08 17:30:00+00:00,12,3,Oracle,6.0,185.66666666666666
test,2024-11-08 17:30:00+00:00,12,3,Persistence,0.0,236.83333333333334
test,2024-11-08 17:30:00+00:00,12,3,DailySeasonal,5.0,187.83333333333334
test,2024-11-08 17:30:00+00:00,12,3,WeeklySeasonal,8.5,198.0
test,2024-11-08 17:30:00+00:00,12,3,Climatology,7.0,187.33333333333334
test,2024-11-08 17:30:00+00:00,12,3,HistGradientBoosting,8.5,198.0
test,2024-11-08 17:30:00+00:00,12,3,RandomForest,8.5,198.0
test,2024-11-08 17:30:00+00:00,12,6,Immediate,0.0,219.16666666666666
test,2024-11-08 17:30:00+00:00,12,6,Oracle,4.5,189.91666666666666
test,2024-11-08 17:30:00+00:00,12,6,Persistence,0.0,219.16666666666666
test,2024-11-08 17:30:00+00:00,12,6,DailySeasonal,4.5,189.91666666666666
test,2024-11-08 17:30:00+00:00,12,6,WeeklySeasonal,6.0,194.25
test,2024-11-08 17:30:00+00:00,12,6,Climatology,6.0,194.25
test,2024-11-08 17:30:00+00:00,12,6,HistGradientBoosting,6.0,194.25
test,2024-11-08 17:30:00+00:00,12,6,RandomForest,6.0,194.25
test,2024-11-08 17:30:00+00:00,6,3,Immediate,0.0,236.83333333333334
test,2024-11-08 17:30:00+00:00,6,3,Oracle,3.0,201.5
test,2024-11-08 17:30:00+00:00,6,3,Persistence,0.0,236.83333333333334
test,2024-11-08 17:30:00+00:00,6,3,DailySeasonal,3.0,201.5
test,2024-11-08 17:30:00+00:00,6,3,WeeklySeasonal,3.0,201.5
test,2024-11-08 17:30:00+00:00,6,3,Climatology,3.0,201.5
test,2024-11-08 17:30:00+00:00,6,3,HistGradientBoosting,3.0,201.5
test,2024-11-08 17:30:00+00:00,6,3,RandomForest,3.0,201.5
test,2024-11-08 17:30:00+00:00,24,3,Immediate,0.0,236.83333333333334
test,2024-11-08 17:30:00+00:00,24,3,Oracle,6.0,185.66666666666666
test,2024-11-08 17:30:00+00:00,24,3,Persistence,0.0,236.83333333333334
test,2024-11-08 17:30:00+00:00,24,3,DailySeasonal,5.0,187.83333333333334
test,2024-11-08 17:30:00+00:00,24,3,WeeklySeasonal,8.5,198.0
test,2024-11-08 17:30:00+00:00,24,3,Climatology,17.0,243.66666666666666
test,2024-11-08 17:30:00+00:00,24,3,HistGradientBoosting,8.5,198.0
test,2024-11-08 17:30:00+00:00,24,3,RandomForest,8.5,198.0
test,2024-11-09 17:30:00+00:00,12,1,Immediate,0.0,240.0
test,2024-11-09 17:30:00+00:00,12,1,Oracle,11.0,160.5
test,2024-11-09 17:30:00+00:00,12,1,Persistence,0.0,240.0
test,2024-11-09 17:30:00+00:00,12,1,DailySeasonal,7.5,176.5
test,2024-11-09 17:30:00+00:00,12,1,WeeklySeasonal,10.5,161.0
test,2024-11-09 17:30:00+00:00,12,1,Climatology,9.0,172.5
test,2024-11-09 17:30:00+00:00,12,1,HistGradientBoosting,9.0,172.5
test,2024-11-09 17:30:00+00:00,12,1,RandomForest,9.0,172.5
test,2024-11-09 17:30:00+00:00,12,3,Immediate,0.0,235.83333333333334
test,2024-11-09 17:30:00+00:00,12,3,Oracle,9.0,165.16666666666666
test,2024-11-09 17:30:00+00:00,12,3,Persistence,0.0,235.83333333333334
test,2024-11-09 17:30:00+00:00,12,3,DailySeasonal,6.0,177.16666666666666
test,2024-11-09 17:30:00+00:00,12,3,WeeklySeasonal,8.5,167.66666666666666
test,2024-11-09 17:30:00+00:00,12,3,Climatology,9.0,165.16666666666666
test,2024-11-09 17:30:00+00:00,12,3,HistGradientBoosting,7.5,172.83333333333334
test,2024-11-09 17:30:00+00:00,12,3,RandomForest,6.5,176.5
test,2024-11-09 17:30:00+00:00,12,6,Immediate,0.0,214.83333333333334
test,2024-11-09 17:30:00+00:00,12,6,Oracle,6.0,171.16666666666666
test,2024-11-09 17:30:00+00:00,12,6,Persistence,0.0,214.83333333333334
test,2024-11-09 17:30:00+00:00,12,6,DailySeasonal,4.5,176.08333333333334
test,2024-11-09 17:30:00+00:00,12,6,WeeklySeasonal,5.5,172.66666666666666
test,2024-11-09 17:30:00+00:00,12,6,Climatology,6.0,171.16666666666666
test,2024-11-09 17:30:00+00:00,12,6,HistGradientBoosting,5.5,172.66666666666666
test,2024-11-09 17:30:00+00:00,12,6,RandomForest,5.5,172.66666666666666
test,2024-11-09 17:30:00+00:00,6,3,Immediate,0.0,235.83333333333334
test,2024-11-09 17:30:00+00:00,6,3,Oracle,3.0,193.83333333333334
test,2024-11-09 17:30:00+00:00,6,3,Persistence,0.0,235.83333333333334
test,2024-11-09 17:30:00+00:00,6,3,DailySeasonal,3.0,193.83333333333334
test,2024-11-09 17:30:00+00:00,6,3,WeeklySeasonal,3.0,193.83333333333334
test,2024-11-09 17:30:00+00:00,6,3,Climatology,3.0,193.83333333333334
test,2024-11-09 17:30:00+00:00,6,3,HistGradientBoosting,3.0,193.83333333333334
test,2024-11-09 17:30:00+00:00,6,3,RandomForest,3.0,193.83333333333334
test,2024-11-09 17:30:00+00:00,24,3,Immediate,0.0,235.83333333333334
test,2024-11-09 17:30:00+00:00,24,3,Oracle,9.5,163.5
test,2024-11-09 17:30:00+00:00,24,3,Persistence,0.0,235.83333333333334
test,2024-11-09 17:30:00+00:00,24,3,DailySeasonal,6.0,177.16666666666666
test,2024-11-09 17:30:00+00:00,24,3,WeeklySeasonal,8.5,167.66666666666666
test,2024-11-09 17:30:00+00:00,24,3,Climatology,16.0,189.66666666666666
test,2024-11-09 17:30:00+00:00,24,3,HistGradientBoosting,7.5,172.83333333333334
test,2024-11-09 17:30:00+00:00,24,3,RandomForest,6.5,176.5
test,2024-11-10 17:30:00+00:00,12,1,Immediate,0.0,197.5
test,2024-11-10 17:30:00+00:00,12,1,Oracle,8.0,79.5
test,2024-11-10 17:30:00+00:00,12,1,Persistence,0.0,197.5
test,2024-11-10 17:30:00+00:00,12,1,DailySeasonal,11.0,112.5
test,2024-11-10 17:30:00+00:00,12,1,WeeklySeasonal,9.5,85.0
test,2024-11-10 17:30:00+00:00,12,1,Climatology,5.0,93.5
test,2024-11-10 17:30:00+00:00,12,1,HistGradientBoosting,7.5,82.5
test,2024-11-10 17:30:00+00:00,12,1,RandomForest,5.0,93.5
test,2024-11-10 17:30:00+00:00,12,3,Immediate,0.0,186.0
test,2024-11-10 17:30:00+00:00,12,3,Oracle,7.5,82.83333333333333
test,2024-11-10 17:30:00+00:00,12,3,Persistence,0.0,186.0
test,2024-11-10 17:30:00+00:00,12,3,DailySeasonal,9.0,94.0
test,2024-11-10 17:30:00+00:00,12,3,WeeklySeasonal,7.5,82.83333333333333
test,2024-11-10 17:30:00+00:00,12,3,Climatology,5.0,93.33333333333333
test,2024-11-10 17:30:00+00:00,12,3,HistGradientBoosting,5.5,90.66666666666667
test,2024-11-10 17:30:00+00:00,12,3,RandomForest,4.0,102.5
test,2024-11-10 17:30:00+00:00,12,6,Immediate,0.0,153.08333333333334
test,2024-11-10 17:30:00+00:00,12,6,Oracle,5.0,88.16666666666667
test,2024-11-10 17:30:00+00:00,12,6,Persistence,0.0,153.08333333333334
test,2024-11-10 17:30:00+00:00,12,6,DailySeasonal,6.0,91.33333333333333
test,2024-11-10 17:30:00+00:00,12,6,WeeklySeasonal,4.5,89.5
test,2024-11-10 17:30:00+00:00,12,6,Climatology,4.0,93.25
test,2024-11-10 17:30:00+00:00,12,6,HistGradientBoosting,4.0,93.25
test,2024-11-10 17:30:00+00:00,12,6,RandomForest,4.0,93.25
test,2024-11-10 17:30:00+00:00,6,3,Immediate,0.0,186.0
test,2024-11-10 17:30:00+00:00,6,3,Oracle,3.0,120.16666666666667
test,2024-11-10 17:30:00+00:00,6,3,Persistence,0.0,186.0
test,2024-11-10 17:30:00+00:00,6,3,DailySeasonal,3.0,120.16666666666667
test,2024-11-10 17:30:00+00:00,6,3,WeeklySeasonal,3.0,120.16666666666667
test,2024-11-10 17:30:00+00:00,6,3,Climatology,3.0,120.16666666666667
test,2024-11-10 17:30:00+00:00,6,3,HistGradientBoosting,3.0,120.16666666666667
test,2024-11-10 17:30:00+00:00,6,3,RandomForest,3.0,120.16666666666667
test,2024-11-10 17:30:00+00:00,24,3,Immediate,0.0,186.0
test,2024-11-10 17:30:00+00:00,24,3,Oracle,7.5,82.83333333333333
test,2024-11-10 17:30:00+00:00,24,3,Persistence,0.0,186.0
test,2024-11-10 17:30:00+00:00,24,3,DailySeasonal,9.5,105.16666666666667
test,2024-11-10 17:30:00+00:00,24,3,WeeklySeasonal,7.5,82.83333333333333
test,2024-11-10 17:30:00+00:00,24,3,Climatology,5.0,93.33333333333333
test,2024-11-10 17:30:00+00:00,24,3,HistGradientBoosting,5.5,90.66666666666667
test,2024-11-10 17:30:00+00:00,24,3,RandomForest,4.0,102.5
test,2024-11-11 17:30:00+00:00,12,1,Immediate,0.0,190.5
test,2024-11-11 17:30:00+00:00,12,1,Oracle,7.5,114.0
test,2024-11-11 17:30:00+00:00,12,1,Persistence,0.0,190.5
test,2024-11-11 17:30:00+00:00,12,1,DailySeasonal,8.0,114.5
test,2024-11-11 17:30:00+00:00,12,1,WeeklySeasonal,5.0,115.0
test,2024-11-11 17:30:00+00:00,12,1,Climatology,5.0,115.0
test,2024-11-11 17:30:00+00:00,12,1,HistGradientBoosting,8.0,114.5
test,2024-11-11 17:30:00+00:00,12,1,RandomForest,7.5,114.0
test,2024-11-11 17:30:00+00:00,12,3,Immediate,0.0,185.16666666666666
test,2024-11-11 17:30:00+00:00,12,3,Oracle,5.5,114.5
test,2024-11-11 17:30:00+00:00,12,3,Persistence,0.0,185.16666666666666
test,2024-11-11 17:30:00+00:00,12,3,DailySeasonal,7.5,115.33333333333333
test,2024-11-11 17:30:00+00:00,12,3,WeeklySeasonal,5.5,114.5
test,2024-11-11 17:30:00+00:00,12,3,Climatology,5.0,115.0
test,2024-11-11 17:30:00+00:00,12,3,HistGradientBoosting,6.0,114.83333333333333
test,2024-11-11 17:30:00+00:00,12,3,RandomForest,5.5,114.5
test,2024-11-11 17:30:00+00:00,12,6,Immediate,0.0,158.75
test,2024-11-11 17:30:00+00:00,12,6,Oracle,5.0,115.58333333333333
test,2024-11-11 17:30:00+00:00,12,6,Persistence,0.0,158.75
test,2024-11-11 17:30:00+00:00,12,6,DailySeasonal,5.0,115.58333333333333
test,2024-11-11 17:30:00+00:00,12,6,WeeklySeasonal,4.5,115.75
test,2024-11-11 17:30:00+00:00,12,6,Climatology,4.0,117.08333333333333
test,2024-11-11 17:30:00+00:00,12,6,HistGradientBoosting,4.5,115.75
test,2024-11-11 17:30:00+00:00,12,6,RandomForest,4.5,115.75
test,2024-11-11 17:30:00+00:00,6,3,Immediate,0.0,185.16666666666666
test,2024-11-11 17:30:00+00:00,6,3,Oracle,3.0,132.33333333333334
test,2024-11-11 17:30:00+00:00,6,3,Persistence,0.0,185.16666666666666
test,2024-11-11 17:30:00+00:00,6,3,DailySeasonal,3.0,132.33333333333334
test,2024-11-11 17:30:00+00:00,6,3,WeeklySeasonal,3.0,132.33333333333334
test,2024-11-11 17:30:00+00:00,6,3,Climatology,3.0,132.33333333333334
test,2024-11-11 17:30:00+00:00,6,3,HistGradientBoosting,3.0,132.33333333333334
test,2024-11-11 17:30:00+00:00,6,3,RandomForest,3.0,132.33333333333334
test,2024-11-11 17:30:00+00:00,24,3,Immediate,0.0,185.16666666666666
test,2024-11-11 17:30:00+00:00,24,3,Oracle,5.5,114.5
test,2024-11-11 17:30:00+00:00,24,3,Persistence,0.0,185.16666666666666
test,2024-11-11 17:30:00+00:00,24,3,DailySeasonal,7.5,115.33333333333333
test,2024-11-11 17:30:00+00:00,24,3,WeeklySeasonal,5.5,114.5
test,2024-11-11 17:30:00+00:00,24,3,Climatology,5.0,115.0
test,2024-11-11 17:30:00+00:00,24,3,HistGradientBoosting,6.0,114.83333333333333
test,2024-11-11 17:30:00+00:00,24,3,RandomForest,5.5,114.5
test,2024-11-12 17:30:00+00:00,12,1,Immediate,0.0,214.0
test,2024-11-12 17:30:00+00:00,12,1,Oracle,7.5,174.5
test,2024-11-12 17:30:00+00:00,12,1,Persistence,0.0,214.0
test,2024-11-12 17:30:00+00:00,12,1,DailySeasonal,7.5,174.5
test,2024-11-12 17:30:00+00:00,12,1,WeeklySeasonal,8.5,179.5
test,2024-11-12 17:30:00+00:00,12,1,Climatology,7.5,174.5
test,2024-11-12 17:30:00+00:00,12,1,HistGradientBoosting,8.5,179.5
test,2024-11-12 17:30:00+00:00,12,1,RandomForest,8.0,174.5
test,2024-11-12 17:30:00+00:00,12,3,Immediate,0.0,213.16666666666666
test,2024-11-12 17:30:00+00:00,12,3,Oracle,6.0,176.16666666666666
test,2024-11-12 17:30:00+00:00,12,3,Persistence,0.0,213.16666666666666
test,2024-11-12 17:30:00+00:00,12,3,DailySeasonal,5.5,176.83333333333334
test,2024-11-12 17:30:00+00:00,12,3,WeeklySeasonal,7.0,177.66666666666666
test,2024-11-12 17:30:00+00:00,12,3,Climatology,7.0,177.66666666666666
test,2024-11-12 17:30:00+00:00,12,3,HistGradientBoosting,8.5,188.5
test,2024-11-12 17:30:00+00:00,12,3,RandomForest,8.0,182.5
test,2024-11-12 17:30:00+00:00,12,6,Immediate,0.0,202.5
test,2024-11-12 17:30:00+00:00,12,6,Oracle,4.5,178.58333333333334
test,2024-11-12 17:30:00+00:00,12,6,Persistence,0.0,202.5
test,2024-11-12 17:30:00+00:00,12,6,DailySeasonal,5.0,180.33333333333334
test,2024-11-12 17:30:00+00:00,12,6,WeeklySeasonal,5.0,180.33333333333334
test,2024-11-12 17:30:00+00:00,12,6,Climatology,5.0,180.33333333333334
test,2024-11-12 17:30:00+00:00,12,6,HistGradientBoosting,5.5,182.66666666666666
test,2024-11-12 17:30:00+00:00,12,6,RandomForest,5.5,182.66666666666666
test,2024-11-12 17:30:00+00:00,6,3,Immediate,0.0,213.16666666666666
test,2024-11-12 17:30:00+00:00,6,3,Oracle,3.0,191.83333333333334
test,2024-11-12 17:30:00+00:00,6,3,Persistence,0.0,213.16666666666666
test,2024-11-12 17:30:00+00:00,6,3,DailySeasonal,3.0,191.83333333333334
test,2024-11-12 17:30:00+00:00,6,3,WeeklySeasonal,3.0,191.83333333333334
test,2024-11-12 17:30:00+00:00,6,3,Climatology,3.0,191.83333333333334
test,2024-11-12 17:30:00+00:00,6,3,HistGradientBoosting,3.0,191.83333333333334
test,2024-11-12 17:30:00+00:00,6,3,RandomForest,3.0,191.83333333333334
test,2024-11-12 17:30:00+00:00,24,3,Immediate,0.0,213.16666666666666
test,2024-11-12 17:30:00+00:00,24,3,Oracle,6.0,176.16666666666666
test,2024-11-12 17:30:00+00:00,24,3,Persistence,0.0,213.16666666666666
test,2024-11-12 17:30:00+00:00,24,3,DailySeasonal,5.5,176.83333333333334
test,2024-11-12 17:30:00+00:00,24,3,WeeklySeasonal,7.0,177.66666666666666
test,2024-11-12 17:30:00+00:00,24,3,Climatology,17.0,210.5
test,2024-11-12 17:30:00+00:00,24,3,HistGradientBoosting,8.5,188.5
test,2024-11-12 17:30:00+00:00,24,3,RandomForest,8.0,182.5
test,2024-11-13 17:30:00+00:00,12,1,Immediate,0.0,238.5
test,2024-11-13 17:30:00+00:00,12,1,Oracle,8.0,131.0
test,2024-11-13 17:30:00+00:00,12,1,Persistence,0.0,238.5
test,2024-11-13 17:30:00+00:00,12,1,DailySeasonal,7.5,132.0
test,2024-11-13 17:30:00+00:00,12,1,WeeklySeasonal,8.5,131.5
test,2024-11-13 17:30:00+00:00,12,1,Climatology,7.5,132.0
test,2024-11-13 17:30:00+00:00,12,1,HistGradientBoosting,7.5,132.0
test,2024-11-13 17:30:00+00:00,12,1,RandomForest,9.5,140.0
test,2024-11-13 17:30:00+00:00,12,3,Immediate,0.0,234.66666666666666
test,2024-11-13 17:30:00+00:00,12,3,Oracle,7.0,133.5
test,2024-11-13 17:30:00+00:00,12,3,Persistence,0.0,234.66666666666666
test,2024-11-13 17:30:00+00:00,12,3,DailySeasonal,6.0,137.33333333333334
test,2024-11-13 17:30:00+00:00,12,3,WeeklySeasonal,7.5,134.5
test,2024-11-13 17:30:00+00:00,12,3,Climatology,5.5,140.33333333333334
test,2024-11-13 17:30:00+00:00,12,3,HistGradientBoosting,7.0,133.5
test,2024-11-13 17:30:00+00:00,12,3,RandomForest,7.5,134.5
test,2024-11-13 17:30:00+00:00,12,6,Immediate,0.0,207.66666666666666
test,2024-11-13 17:30:00+00:00,12,6,Oracle,5.0,140.58333333333334
test,2024-11-13 17:30:00+00:00,12,6,Persistence,0.0,207.66666666666666
test,2024-11-13 17:30:00+00:00,12,6,DailySeasonal,4.5,141.33333333333334
test,2024-11-13 17:30:00+00:00,12,6,WeeklySeasonal,5.0,140.58333333333334
test,2024-11-13 17:30:00+00:00,12,6,Climatology,4.0,145.58333333333334
test,2024-11-13 17:30:00+00:00,12,6,HistGradientBoosting,4.5,141.33333333333334
test,2024-11-13 17:30:00+00:00,12,6,RandomForest,5.0,140.58333333333334
test,2024-11-13 17:30:00+00:00,6,3,Immediate,0.0,234.66666666666666
test,2024-11-13 17:30:00+00:00,6,3,Oracle,3.0,180.66666666666666
test,2024-11-13 17:30:00+00:00,6,3,Persistence,0.0,234.66666666666666
test,2024-11-13 17:30:00+00:00,6,3,DailySeasonal,3.0,180.66666666666666
test,2024-11-13 17:30:00+00:00,6,3,WeeklySeasonal,3.0,180.66666666666666
test,2024-11-13 17:30:00+00:00,6,3,Climatology,3.0,180.66666666666666
test,2024-11-13 17:30:00+00:00,6,3,HistGradientBoosting,3.0,180.66666666666666
test,2024-11-13 17:30:00+00:00,6,3,RandomForest,3.0,180.66666666666666
test,2024-11-13 17:30:00+00:00,24,3,Immediate,0.0,234.66666666666666
test,2024-11-13 17:30:00+00:00,24,3,Oracle,7.0,133.5
test,2024-11-13 17:30:00+00:00,24,3,Persistence,0.0,234.66666666666666
test,2024-11-13 17:30:00+00:00,24,3,DailySeasonal,6.0,137.33333333333334
test,2024-11-13 17:30:00+00:00,24,3,WeeklySeasonal,7.5,134.5
test,2024-11-13 17:30:00+00:00,24,3,Climatology,5.5,140.33333333333334
test,2024-11-13 17:30:00+00:00,24,3,HistGradientBoosting,7.0,133.5
test,2024-11-13 17:30:00+00:00,24,3,RandomForest,7.5,134.5
test,2024-11-14 17:30:00+00:00,12,1,Immediate,0.0,239.0
test,2024-11-14 17:30:00+00:00,12,1,Oracle,7.5,165.0
test,2024-11-14 17:30:00+00:00,12,1,Persistence,0.0,239.0
test,2024-11-14 17:30:00+00:00,12,1,DailySeasonal,8.0,166.0
test,2024-11-14 17:30:00+00:00,12,1,WeeklySeasonal,5.0,179.0
test,2024-11-14 17:30:00+00:00,12,1,Climatology,7.5,165.0
test,2024-11-14 17:30:00+00:00,12,1,HistGradientBoosting,9.0,169.0
test,2024-11-14 17:30:00+00:00,12,1,RandomForest,8.5,166.0
test,2024-11-14 17:30:00+00:00,12,3,Immediate,0.0,238.33333333333334
test,2024-11-14 17:30:00+00:00,12,3,Oracle,7.0,167.33333333333334
test,2024-11-14 17:30:00+00:00,12,3,Persistence,0.0,238.33333333333334
test,2024-11-14 17:30:00+00:00,12,3,DailySeasonal,7.0,167.33333333333334
test,2024-11-14 17:30:00+00:00,12,3,WeeklySeasonal,5.0,174.16666666666666
test,2024-11-14 17:30:00+00:00,12,3,Climatology,6.5,167.66666666666666
test,2024-11-14 17:30:00+00:00,12,3,HistGradientBoosting,7.5,168.16666666666666
test,2024-11-14 17:30:00+00:00,12,3,RandomForest,7.5,168.16666666666666
test,2024-11-14 17:30:00+00:00,12,6,Immediate,0.0,217.83333333333334
test,2024-11-14 17:30:00+00:00,12,6,Oracle,4.5,173.41666666666666
test,2024-11-14 17:30:00+00:00,12,6,Persistence,0.0,217.83333333333334
test,2024-11-14 17:30:00+00:00,12,6,DailySeasonal,5.0,173.83333333333334
test,2024-11-14 17:30:00+00:00,12,6,WeeklySeasonal,4.5,173.41666666666666
test,2024-11-14 17:30:00+00:00,12,6,Climatology,4.5,173.41666666666666
test,2024-11-14 17:30:00+00:00,12,6,HistGradientBoosting,4.5,173.41666666666666
test,2024-11-14 17:30:00+00:00,12,6,RandomForest,5.0,173.83333333333334
test,2024-11-14 17:30:00+00:00,6,3,Immediate,0.0,238.33333333333334
test,2024-11-14 17:30:00+00:00,6,3,Oracle,3.0,197.33333333333334
test,2024-11-14 17:30:00+00:00,6,3,Persistence,0.0,238.33333333333334
test,2024-11-14 17:30:00+00:00,6,3,DailySeasonal,3.0,197.33333333333334
test,2024-11-14 17:30:00+00:00,6,3,WeeklySeasonal,3.0,197.33333333333334
test,2024-11-14 17:30:00+00:00,6,3,Climatology,3.0,197.33333333333334
test,2024-11-14 17:30:00+00:00,6,3,HistGradientBoosting,3.0,197.33333333333334
test,2024-11-14 17:30:00+00:00,6,3,RandomForest,3.0,197.33333333333334
test,2024-11-14 17:30:00+00:00,24,3,Immediate,0.0,238.33333333333334
test,2024-11-14 17:30:00+00:00,24,3,Oracle,7.0,167.33333333333334
test,2024-11-14 17:30:00+00:00,24,3,Persistence,0.0,238.33333333333334
test,2024-11-14 17:30:00+00:00,24,3,DailySeasonal,7.0,167.33333333333334
test,2024-11-14 17:30:00+00:00,24,3,WeeklySeasonal,5.0,174.16666666666666
test,2024-11-14 17:30:00+00:00,24,3,Climatology,17.0,193.66666666666666
test,2024-11-14 17:30:00+00:00,24,3,HistGradientBoosting,7.5,168.16666666666666
test,2024-11-14 17:30:00+00:00,24,3,RandomForest,7.5,168.16666666666666
test,2024-11-15 17:30:00+00:00,12,1,Immediate,0.0,164.0
test,2024-11-15 17:30:00+00:00,12,1,Oracle,8.0,71.5
test,2024-11-15 17:30:00+00:00,12,1,Persistence,0.0,164.0
test,2024-11-15 17:30:00+00:00,12,1,DailySeasonal,7.5,73.0
test,2024-11-15 17:30:00+00:00,12,1,WeeklySeasonal,7.5,73.0
test,2024-11-15 17:30:00+00:00,12,1,Climatology,7.5,73.0
test,2024-11-15 17:30:00+00:00,12,1,HistGradientBoosting,8.0,71.5
test,2024-11-15 17:30:00+00:00,12,1,RandomForest,5.0,88.0
test,2024-11-15 17:30:00+00:00,12,3,Immediate,0.0,149.66666666666666
test,2024-11-15 17:30:00+00:00,12,3,Oracle,7.5,75.0
test,2024-11-15 17:30:00+00:00,12,3,Persistence,0.0,149.66666666666666
test,2024-11-15 17:30:00+00:00,12,3,DailySeasonal,7.0,75.33333333333333
test,2024-11-15 17:30:00+00:00,12,3,WeeklySeasonal,6.0,78.83333333333333
test,2024-11-15 17:30:00+00:00,12,3,Climatology,7.0,75.33333333333333
test,2024-11-15 17:30:00+00:00,12,3,HistGradientBoosting,6.5,76.5
test,2024-11-15 17:30:00+00:00,12,3,RandomForest,4.5,86.5
test,2024-11-15 17:30:00+00:00,12,6,Immediate,0.0,122.58333333333333
test,2024-11-15 17:30:00+00:00,12,6,Oracle,6.0,78.25
test,2024-11-15 17:30:00+00:00,12,6,Persistence,0.0,122.58333333333333
test,2024-11-15 17:30:00+00:00,12,6,DailySeasonal,4.5,80.75
test,2024-11-15 17:30:00+00:00,12,6,WeeklySeasonal,4.5,80.75
test,2024-11-15 17:30:00+00:00,12,6,Climatology,6.0,78.25
test,2024-11-15 17:30:00+00:00,12,6,HistGradientBoosting,4.5,80.75
test,2024-11-15 17:30:00+00:00,12,6,RandomForest,4.0,82.16666666666667
test,2024-11-15 17:30:00+00:00,6,3,Immediate,0.0,149.66666666666666
test,2024-11-15 17:30:00+00:00,6,3,Oracle,3.0,95.5
test,2024-11-15 17:30:00+00:00,6,3,Persistence,0.0,149.66666666666666
test,2024-11-15 17:30:00+00:00,6,3,DailySeasonal,3.0,95.5
test,2024-11-15 17:30:00+00:00,6,3,WeeklySeasonal,3.0,95.5
test,2024-11-15 17:30:00+00:00,6,3,Climatology,3.0,95.5
test,2024-11-15 17:30:00+00:00,6,3,HistGradientBoosting,3.0,95.5
test,2024-11-15 17:30:00+00:00,6,3,RandomForest,3.0,95.5
test,2024-11-15 17:30:00+00:00,24,3,Immediate,0.0,149.66666666666666
test,2024-11-15 17:30:00+00:00,24,3,Oracle,7.5,75.0
test,2024-11-15 17:30:00+00:00,24,3,Persistence,0.0,149.66666666666666
test,2024-11-15 17:30:00+00:00,24,3,DailySeasonal,7.0,75.33333333333333
test,2024-11-15 17:30:00+00:00,24,3,WeeklySeasonal,6.0,78.83333333333333
test,2024-11-15 17:30:00+00:00,24,3,Climatology,17.0,108.5
test,2024-11-15 17:30:00+00:00,24,3,HistGradientBoosting,6.5,76.5
test,2024-11-15 17:30:00+00:00,24,3,RandomForest,4.5,86.5
test,2024-11-16 17:30:00+00:00,12,1,Immediate,0.0,122.5
test,2024-11-16 17:30:00+00:00,12,1,Oracle,4.5,55.0
test,2024-11-16 17:30:00+00:00,12,1,Persistence,0.0,122.5
test,2024-11-16 17:30:00+00:00,12,1,DailySeasonal,8.0,59.5
test,2024-11-16 17:30:00+00:00,12,1,WeeklySeasonal,11.0,63.5
test,2024-11-16 17:30:00+00:00,12,1,Climatology,9.0,62.5
test,2024-11-16 17:30:00+00:00,12,1,HistGradientBoosting,5.0,55.5
test,2024-11-16 17:30:00+00:00,12,1,RandomForest,4.5,55.0
test,2024-11-16 17:30:00+00:00,12,3,Immediate,0.0,110.0
test,2024-11-16 17:30:00+00:00,12,3,Oracle,4.5,55.833333333333336
test,2024-11-16 17:30:00+00:00,12,3,Persistence,0.0,110.0
test,2024-11-16 17:30:00+00:00,12,3,DailySeasonal,7.5,61.0
test,2024-11-16 17:30:00+00:00,12,3,WeeklySeasonal,9.0,63.666666666666664
test,2024-11-16 17:30:00+00:00,12,3,Climatology,9.0,63.666666666666664
test,2024-11-16 17:30:00+00:00,12,3,HistGradientBoosting,5.0,56.166666666666664
test,2024-11-16 17:30:00+00:00,12,3,RandomForest,7.0,59.333333333333336
test,2024-11-16 17:30:00+00:00,12,6,Immediate,0.0,87.0
test,2024-11-16 17:30:00+00:00,12,6,Oracle,4.0,58.166666666666664
test,2024-11-16 17:30:00+00:00,12,6,Persistence,0.0,87.0
test,2024-11-16 17:30:00+00:00,12,6,DailySeasonal,6.0,60.583333333333336
test,2024-11-16 17:30:00+00:00,12,6,WeeklySeasonal,6.0,60.583333333333336
test,2024-11-16 17:30:00+00:00,12,6,Climatology,6.0,60.583333333333336
test,2024-11-16 17:30:00+00:00,12,6,HistGradientBoosting,4.5,58.416666666666664
test,2024-11-16 17:30:00+00:00,12,6,RandomForest,3.5,58.666666666666664
test,2024-11-16 17:30:00+00:00,6,3,Immediate,0.0,110.0
test,2024-11-16 17:30:00+00:00,6,3,Oracle,3.0,64.0
test,2024-11-16 17:30:00+00:00,6,3,Persistence,0.0,110.0
test,2024-11-16 17:30:00+00:00,6,3,DailySeasonal,3.0,64.0
test,2024-11-16 17:30:00+00:00,6,3,WeeklySeasonal,3.0,64.0
test,2024-11-16 17:30:00+00:00,6,3,Climatology,3.0,64.0
test,2024-11-16 17:30:00+00:00,6,3,HistGradientBoosting,3.0,64.0
test,2024-11-16 17:30:00+00:00,6,3,RandomForest,3.0,64.0
test,2024-11-16 17:30:00+00:00,24,3,Immediate,0.0,110.0
test,2024-11-16 17:30:00+00:00,24,3,Oracle,4.5,55.833333333333336
test,2024-11-16 17:30:00+00:00,24,3,Persistence,0.0,110.0
test,2024-11-16 17:30:00+00:00,24,3,DailySeasonal,7.5,61.0
test,2024-11-16 17:30:00+00:00,24,3,WeeklySeasonal,9.5,64.33333333333333
test,2024-11-16 17:30:00+00:00,24,3,Climatology,16.0,100.33333333333333
test,2024-11-16 17:30:00+00:00,24,3,HistGradientBoosting,5.0,56.166666666666664
test,2024-11-16 17:30:00+00:00,24,3,RandomForest,7.0,59.333333333333336
test,2024-11-17 17:30:00+00:00,12,1,Immediate,0.0,167.5
test,2024-11-17 17:30:00+00:00,12,1,Oracle,4.5,87.0
test,2024-11-17 17:30:00+00:00,12,1,Persistence,0.0,167.5
test,2024-11-17 17:30:00+00:00,12,1,DailySeasonal,4.5,87.0
test,2024-11-17 17:30:00+00:00,12,1,WeeklySeasonal,8.0,95.0
test,2024-11-17 17:30:00+00:00,12,1,Climatology,5.0,89.5
test,2024-11-17 17:30:00+00:00,12,1,HistGradientBoosting,8.0,95.0
test,2024-11-17 17:30:00+00:00,12,1,RandomForest,7.5,93.5
test,2024-11-17 17:30:00+00:00,12,3,Immediate,0.0,157.16666666666666
test,2024-11-17 17:30:00+00:00,12,3,Oracle,4.0,91.83333333333333
test,2024-11-17 17:30:00+00:00,12,3,Persistence,0.0,157.16666666666666
test,2024-11-17 17:30:00+00:00,12,3,DailySeasonal,4.5,92.0
test,2024-11-17 17:30:00+00:00,12,3,WeeklySeasonal,7.5,99.16666666666667
test,2024-11-17 17:30:00+00:00,12,3,Climatology,5.0,92.5
test,2024-11-17 17:30:00+00:00,12,3,HistGradientBoosting,7.0,96.33333333333333
test,2024-11-17 17:30:00+00:00,12,3,RandomForest,6.0,94.33333333333333
test,2024-11-17 17:30:00+00:00,12,6,Immediate,0.0,128.16666666666666
test,2024-11-17 17:30:00+00:00,12,6,Oracle,4.0,94.08333333333333
test,2024-11-17 17:30:00+00:00,12,6,Persistence,0.0,128.16666666666666
test,2024-11-17 17:30:00+00:00,12,6,DailySeasonal,4.0,94.08333333333333
test,2024-11-17 17:30:00+00:00,12,6,WeeklySeasonal,5.0,98.08333333333333
test,2024-11-17 17:30:00+00:00,12,6,Climatology,4.0,94.08333333333333
test,2024-11-17 17:30:00+00:00,12,6,HistGradientBoosting,4.5,95.58333333333333
test,2024-11-17 17:30:00+00:00,12,6,RandomForest,5.0,98.08333333333333
test,2024-11-17 17:30:00+00:00,6,3,Immediate,0.0,157.16666666666666
test,2024-11-17 17:30:00+00:00,6,3,Oracle,3.0,99.16666666666667
test,2024-11-17 17:30:00+00:00,6,3,Persistence,0.0,157.16666666666666
test,2024-11-17 17:30:00+00:00,6,3,DailySeasonal,3.0,99.16666666666667
test,2024-11-17 17:30:00+00:00,6,3,WeeklySeasonal,3.0,99.16666666666667
test,2024-11-17 17:30:00+00:00,6,3,Climatology,3.0,99.16666666666667
test,2024-11-17 17:30:00+00:00,6,3,HistGradientBoosting,3.0,99.16666666666667
test,2024-11-17 17:30:00+00:00,6,3,RandomForest,3.0,99.16666666666667
test,2024-11-17 17:30:00+00:00,24,3,Immediate,0.0,157.16666666666666
test,2024-11-17 17:30:00+00:00,24,3,Oracle,4.0,91.83333333333333
test,2024-11-17 17:30:00+00:00,24,3,Persistence,0.0,157.16666666666666
test,2024-11-17 17:30:00+00:00,24,3,DailySeasonal,4.5,92.0
test,2024-11-17 17:30:00+00:00,24,3,WeeklySeasonal,7.5,99.16666666666667
test,2024-11-17 17:30:00+00:00,24,3,Climatology,5.0,92.5
test,2024-11-17 17:30:00+00:00,24,3,HistGradientBoosting,7.0,96.33333333333333
test,2024-11-17 17:30:00+00:00,24,3,RandomForest,6.0,94.33333333333333
test,2024-11-18 17:30:00+00:00,12,1,Immediate,0.0,239.5
test,2024-11-18 17:30:00+00:00,12,1,Oracle,9.5,78.0
test,2024-11-18 17:30:00+00:00,12,1,Persistence,0.0,239.5
test,2024-11-18 17:30:00+00:00,12,1,DailySeasonal,4.5,113.0
test,2024-11-18 17:30:00+00:00,12,1,WeeklySeasonal,7.5,93.5
test,2024-11-18 17:30:00+00:00,12,1,Climatology,5.0,104.5
test,2024-11-18 17:30:00+00:00,12,1,HistGradientBoosting,8.0,90.0
test,2024-11-18 17:30:00+00:00,12,1,RandomForest,7.5,93.5
test,2024-11-18 17:30:00+00:00,12,3,Immediate,0.0,228.5
test,2024-11-18 17:30:00+00:00,12,3,Oracle,8.5,82.83333333333333
test,2024-11-18 17:30:00+00:00,12,3,Persistence,0.0,228.5
test,2024-11-18 17:30:00+00:00,12,3,DailySeasonal,4.0,113.83333333333333
test,2024-11-18 17:30:00+00:00,12,3,WeeklySeasonal,5.5,99.33333333333333
test,2024-11-18 17:30:00+00:00,12,3,Climatology,5.0,101.5
test,2024-11-18 17:30:00+00:00,12,3,HistGradientBoosting,6.0,96.66666666666667
test,2024-11-18 17:30:00+00:00,12,3,RandomForest,7.5,85.66666666666667
test,2024-11-18 17:30:00+00:00,12,6,Immediate,0.0,184.33333333333334
test,2024-11-18 17:30:00+00:00,12,6,Oracle,5.5,91.08333333333333
test,2024-11-18 17:30:00+00:00,12,6,Persistence,0.0,184.33333333333334
test,2024-11-18 17:30:00+00:00,12,6,DailySeasonal,4.0,101.66666666666667
test,2024-11-18 17:30:00+00:00,12,6,WeeklySeasonal,5.0,92.25
test,2024-11-18 17:30:00+00:00,12,6,Climatology,4.0,101.66666666666667
test,2024-11-18 17:30:00+00:00,12,6,HistGradientBoosting,5.0,92.25
test,2024-11-18 17:30:00+00:00,12,6,RandomForest,5.0,92.25
test,2024-11-18 17:30:00+00:00,6,3,Immediate,0.0,228.5
test,2024-11-18 17:30:00+00:00,6,3,Oracle,3.0,140.16666666666666
test,2024-11-18 17:30:00+00:00,6,3,Persistence,0.0,228.5
test,2024-11-18 17:30:00+00:00,6,3,DailySeasonal,3.0,140.16666666666666
test,2024-11-18 17:30:00+00:00,6,3,WeeklySeasonal,3.0,140.16666666666666
test,2024-11-18 17:30:00+00:00,6,3,Climatology,3.0,140.16666666666666
test,2024-11-18 17:30:00+00:00,6,3,HistGradientBoosting,3.0,140.16666666666666
test,2024-11-18 17:30:00+00:00,6,3,RandomForest,3.0,140.16666666666666
test,2024-11-18 17:30:00+00:00,24,3,Immediate,0.0,228.5
test,2024-11-18 17:30:00+00:00,24,3,Oracle,8.5,82.83333333333333
test,2024-11-18 17:30:00+00:00,24,3,Persistence,0.0,228.5
test,2024-11-18 17:30:00+00:00,24,3,DailySeasonal,4.0,113.83333333333333
test,2024-11-18 17:30:00+00:00,24,3,WeeklySeasonal,5.5,99.33333333333333
test,2024-11-18 17:30:00+00:00,24,3,Climatology,5.0,101.5
test,2024-11-18 17:30:00+00:00,24,3,HistGradientBoosting,6.0,96.66666666666667
test,2024-11-18 17:30:00+00:00,24,3,RandomForest,7.5,85.66666666666667
test,2024-11-19 17:30:00+00:00,12,1,Immediate,0.0,150.5
test,2024-11-19 17:30:00+00:00,12,1,Oracle,9.5,61.0
test,2024-11-19 17:30:00+00:00,12,1,Persistence,0.0,150.5
test,2024-11-19 17:30:00+00:00,12,1,DailySeasonal,9.5,61.0
test,2024-11-19 17:30:00+00:00,12,1,WeeklySeasonal,7.5,81.0
test,2024-11-19 17:30:00+00:00,12,1,Climatology,7.5,81.0
test,2024-11-19 17:30:00+00:00,12,1,HistGradientBoosting,7.5,81.0
test,2024-11-19 17:30:00+00:00,12,1,RandomForest,6.0,73.5
test,2024-11-19 17:30:00+00:00,12,3,Immediate,0.0,138.83333333333334
test,2024-11-19 17:30:00+00:00,12,3,Oracle,8.0,69.16666666666667
test,2024-11-19 17:30:00+00:00,12,3,Persistence,0.0,138.83333333333334
test,2024-11-19 17:30:00+00:00,12,3,DailySeasonal,8.5,69.66666666666667
test,2024-11-19 17:30:00+00:00,12,3,WeeklySeasonal,6.0,76.66666666666667
test,2024-11-19 17:30:00+00:00,12,3,Climatology,7.0,73.66666666666667
test,2024-11-19 17:30:00+00:00,12,3,HistGradientBoosting,5.5,76.5
test,2024-11-19 17:30:00+00:00,12,3,RandomForest,4.5,75.5
test,2024-11-19 17:30:00+00:00,12,6,Immediate,0.0,110.66666666666667
test,2024-11-19 17:30:00+00:00,12,6,Oracle,5.0,72.33333333333333
test,2024-11-19 17:30:00+00:00,12,6,Persistence,0.0,110.66666666666667
test,2024-11-19 17:30:00+00:00,12,6,DailySeasonal,5.5,73.08333333333333
test,2024-11-19 17:30:00+00:00,12,6,WeeklySeasonal,4.5,73.16666666666667
test,2024-11-19 17:30:00+00:00,12,6,Climatology,5.0,72.33333333333333
test,2024-11-19 17:30:00+00:00,12,6,HistGradientBoosting,4.5,73.16666666666667
test,2024-11-19 17:30:00+00:00,12,6,RandomForest,3.0,79.58333333333333
test,2024-11-19 17:30:00+00:00,6,3,Immediate,0.0,138.83333333333334
test,2024-11-19 17:30:00+00:00,6,3,Oracle,3.0,82.5
test,2024-11-19 17:30:00+00:00,6,3,Persistence,0.0,138.83333333333334
test,2024-11-19 17:30:00+00:00,6,3,DailySeasonal,3.0,82.5
test,2024-11-19 17:30:00+00:00,6,3,WeeklySeasonal,3.0,82.5
test,2024-11-19 17:30:00+00:00,6,3,Climatology,3.0,82.5
test,2024-11-19 17:30:00+00:00,6,3,HistGradientBoosting,3.0,82.5
test,2024-11-19 17:30:00+00:00,6,3,RandomForest,3.0,82.5
test,2024-11-19 17:30:00+00:00,24,3,Immediate,0.0,138.83333333333334
test,2024-11-19 17:30:00+00:00,24,3,Oracle,8.0,69.16666666666667
test,2024-11-19 17:30:00+00:00,24,3,Persistence,0.0,138.83333333333334
test,2024-11-19 17:30:00+00:00,24,3,DailySeasonal,8.5,69.66666666666667
test,2024-11-19 17:30:00+00:00,24,3,WeeklySeasonal,6.0,76.66666666666667
test,2024-11-19 17:30:00+00:00,24,3,Climatology,17.0,137.0
test,2024-11-19 17:30:00+00:00,24,3,HistGradientBoosting,5.5,76.5
test,2024-11-19 17:30:00+00:00,24,3,RandomForest,4.5,75.5
test,2024-11-20 17:30:00+00:00,12,1,Immediate,0.0,169.0
test,2024-11-20 17:30:00+00:00,12,1,Oracle,6.5,102.5
test,2024-11-20 17:30:00+00:00,12,1,Persistence,0.0,169.0
test,2024-11-20 17:30:00+00:00,12,1,DailySeasonal,9.5,114.0
test,2024-11-20 17:30:00+00:00,12,1,WeeklySeasonal,8.0,115.5
test,2024-11-20 17:30:00+00:00,12,1,Climatology,7.5,112.5
test,2024-11-20 17:30:00+00:00,12,1,HistGradientBoosting,8.5,112.0
test,2024-11-20 17:30:00+00:00,12,1,RandomForest,7.0,105.5
test,2024-11-20 17:30:00+00:00,12,3,Immediate,0.0,159.16666666666666
test,2024-11-20 17:30:00+00:00,12,3,Oracle,5.0,107.16666666666667
test,2024-11-20 17:30:00+00:00,12,3,Persistence,0.0,159.16666666666666
test,2024-11-20 17:30:00+00:00,12,3,DailySeasonal,8.0,116.83333333333333
test,2024-11-20 17:30:00+00:00,12,3,WeeklySeasonal,7.0,110.16666666666667
test,2024-11-20 17:30:00+00:00,12,3,Climatology,5.5,108.33333333333333
test,2024-11-20 17:30:00+00:00,12,3,HistGradientBoosting,7.0,110.16666666666667
test,2024-11-20 17:30:00+00:00,12,3,RandomForest,6.0,109.66666666666667
test,2024-11-20 17:30:00+00:00,12,6,Immediate,0.0,139.25
test,2024-11-20 17:30:00+00:00,12,6,Oracle,4.0,110.16666666666667
test,2024-11-20 17:30:00+00:00,12,6,Persistence,0.0,139.25
test,2024-11-20 17:30:00+00:00,12,6,DailySeasonal,5.0,112.0
test,2024-11-20 17:30:00+00:00,12,6,WeeklySeasonal,5.0,112.0
test,2024-11-20 17:30:00+00:00,12,6,Climatology,4.0,110.16666666666667
test,2024-11-20 17:30:00+00:00,12,6,HistGradientBoosting,4.5,110.16666666666667
test,2024-11-20 17:30:00+00:00,12,6,RandomForest,4.5,110.16666666666667
test,2024-11-20 17:30:00+00:00,6,3,Immediate,0.0,159.16666666666666
test,2024-11-20 17:30:00+00:00,6,3,Oracle,3.0,119.33333333333333
test,2024-11-20 17:30:00+00:00,6,3,Persistence,0.0,159.16666666666666
test,2024-11-20 17:30:00+00:00,6,3,DailySeasonal,3.0,119.33333333333333
test,2024-11-20 17:30:00+00:00,6,3,WeeklySeasonal,3.0,119.33333333333333
test,2024-11-20 17:30:00+00:00,6,3,Climatology,3.0,119.33333333333333
test,2024-11-20 17:30:00+00:00,6,3,HistGradientBoosting,3.0,119.33333333333333
test,2024-11-20 17:30:00+00:00,6,3,RandomForest,3.0,119.33333333333333
test,2024-11-20 17:30:00+00:00,24,3,Immediate,0.0,159.16666666666666
test,2024-11-20 17:30:00+00:00,24,3,Oracle,5.0,107.16666666666667
test,2024-11-20 17:30:00+00:00,24,3,Persistence,0.0,159.16666666666666
test,2024-11-20 17:30:00+00:00,24,3,DailySeasonal,8.0,116.83333333333333
test,2024-11-20 17:30:00+00:00,24,3,WeeklySeasonal,7.0,110.16666666666667
test,2024-11-20 17:30:00+00:00,24,3,Climatology,5.5,108.33333333333333
test,2024-11-20 17:30:00+00:00,24,3,HistGradientBoosting,7.0,110.16666666666667
test,2024-11-20 17:30:00+00:00,24,3,RandomForest,6.0,109.66666666666667
test,2024-11-21 17:30:00+00:00,12,1,Immediate,0.0,178.5
test,2024-11-21 17:30:00+00:00,12,1,Oracle,8.5,56.0
test,2024-11-21 17:30:00+00:00,12,1,Persistence,0.0,178.5
test,2024-11-21 17:30:00+00:00,12,1,DailySeasonal,6.5,57.0
test,2024-11-21 17:30:00+00:00,12,1,WeeklySeasonal,7.5,57.0
test,2024-11-21 17:30:00+00:00,12,1,Climatology,7.5,57.0
test,2024-11-21 17:30:00+00:00,12,1,HistGradientBoosting,4.5,70.0
test,2024-11-21 17:30:00+00:00,12,1,RandomForest,4.5,70.0
test,2024-11-21 17:30:00+00:00,12,3,Immediate,0.0,166.66666666666666
test,2024-11-21 17:30:00+00:00,12,3,Oracle,6.5,56.666666666666664
test,2024-11-21 17:30:00+00:00,12,3,Persistence,0.0,166.66666666666666
test,2024-11-21 17:30:00+00:00,12,3,DailySeasonal,5.0,59.166666666666664
test,2024-11-21 17:30:00+00:00,12,3,WeeklySeasonal,7.0,57.0
test,2024-11-21 17:30:00+00:00,12,3,Climatology,6.5,56.666666666666664
test,2024-11-21 17:30:00+00:00,12,3,HistGradientBoosting,4.5,62.666666666666664
test,2024-11-21 17:30:00+00:00,12,3,RandomForest,4.5,62.666666666666664
test,2024-11-21 17:30:00+00:00,12,6,Immediate,0.0,131.33333333333334
test,2024-11-21 17:30:00+00:00,12,6,Oracle,4.5,60.833333333333336
test,2024-11-21 17:30:00+00:00,12,6,Persistence,0.0,131.33333333333334
test,2024-11-21 17:30:00+00:00,12,6,DailySeasonal,4.0,64.41666666666667
test,2024-11-21 17:30:00+00:00,12,6,WeeklySeasonal,4.5,60.833333333333336
test,2024-11-21 17:30:00+00:00,12,6,Climatology,4.5,60.833333333333336
test,2024-11-21 17:30:00+00:00,12,6,HistGradientBoosting,4.5,60.833333333333336
test,2024-11-21 17:30:00+00:00,12,6,RandomForest,4.0,64.41666666666667
test,2024-11-21 17:30:00+00:00,6,3,Immediate,0.0,166.66666666666666
test,2024-11-21 17:30:00+00:00,6,3,Oracle,3.0,96.0
test,2024-11-21 17:30:00+00:00,6,3,Persistence,0.0,166.66666666666666
test,2024-11-21 17:30:00+00:00,6,3,DailySeasonal,3.0,96.0
test,2024-11-21 17:30:00+00:00,6,3,WeeklySeasonal,3.0,96.0
test,2024-11-21 17:30:00+00:00,6,3,Climatology,3.0,96.0
test,2024-11-21 17:30:00+00:00,6,3,HistGradientBoosting,3.0,96.0
test,2024-11-21 17:30:00+00:00,6,3,RandomForest,3.0,96.0
test,2024-11-21 17:30:00+00:00,24,3,Immediate,0.0,166.66666666666666
test,2024-11-21 17:30:00+00:00,24,3,Oracle,6.5,56.666666666666664
test,2024-11-21 17:30:00+00:00,24,3,Persistence,0.0,166.66666666666666
test,2024-11-21 17:30:00+00:00,24,3,DailySeasonal,5.0,59.166666666666664
test,2024-11-21 17:30:00+00:00,24,3,WeeklySeasonal,7.0,57.0
test,2024-11-21 17:30:00+00:00,24,3,Climatology,17.0,163.0
test,2024-11-21 17:30:00+00:00,24,3,HistGradientBoosting,4.5,62.666666666666664
test,2024-11-21 17:30:00+00:00,24,3,RandomForest,4.5,62.666666666666664
test,2024-11-22 17:30:00+00:00,12,1,Immediate,0.0,224.5
test,2024-11-22 17:30:00+00:00,12,1,Oracle,11.0,62.0
test,2024-11-22 17:30:00+00:00,12,1,Persistence,0.0,224.5
test,2024-11-22 17:30:00+00:00,12,1,DailySeasonal,8.5,92.0
test,2024-11-22 17:30:00+00:00,12,1,WeeklySeasonal,8.0,101.5
test,2024-11-22 17:30:00+00:00,12,1,Climatology,7.5,119.0
test,2024-11-22 17:30:00+00:00,12,1,HistGradientBoosting,10.5,66.0
test,2024-11-22 17:30:00+00:00,12,1,RandomForest,10.0,71.5
test,2024-11-22 17:30:00+00:00,12,3,Immediate,0.0,226.83333333333334
test,2024-11-22 17:30:00+00:00,12,3,Oracle,9.0,72.5
test,2024-11-22 17:30:00+00:00,12,3,Persistence,0.0,226.83333333333334
test,2024-11-22 17:30:00+00:00,12,3,DailySeasonal,6.5,122.16666666666667
test,2024-11-22 17:30:00+00:00,12,3,WeeklySeasonal,7.5,96.16666666666667
test,2024-11-22 17:30:00+00:00,12,3,Climatology,7.0,108.16666666666667
test,2024-11-22 17:30:00+00:00,12,3,HistGradientBoosting,9.0,72.5
test,2024-11-22 17:30:00+00:00,12,3,RandomForest,9.0,72.5
test,2024-11-22 17:30:00+00:00,12,6,Immediate,0.0,214.66666666666666
test,2024-11-22 17:30:00+00:00,12,6,Oracle,6.0,104.83333333333333
test,2024-11-22 17:30:00+00:00,12,6,Persistence,0.0,214.66666666666666
test,2024-11-22 17:30:00+00:00,12,6,DailySeasonal,4.5,135.25
test,2024-11-22 17:30:00+00:00,12,6,WeeklySeasonal,6.0,104.83333333333333
test,2024-11-22 17:30:00+00:00,12,6,Climatology,6.0,104.83333333333333
test,2024-11-22 17:30:00+00:00,12,6,HistGradientBoosting,6.0,104.83333333333333
test,2024-11-22 17:30:00+00:00,12,6,RandomForest,6.0,104.83333333333333
test,2024-11-22 17:30:00+00:00,6,3,Immediate,0.0,226.83333333333334
test,2024-11-22 17:30:00+00:00,6,3,Oracle,3.0,202.5
test,2024-11-22 17:30:00+00:00,6,3,Persistence,0.0,226.83333333333334
test,2024-11-22 17:30:00+00:00,6,3,DailySeasonal,3.0,202.5
test,2024-11-22 17:30:00+00:00,6,3,WeeklySeasonal,3.0,202.5
test,2024-11-22 17:30:00+00:00,6,3,Climatology,3.0,202.5
test,2024-11-22 17:30:00+00:00,6,3,HistGradientBoosting,3.0,202.5
test,2024-11-22 17:30:00+00:00,6,3,RandomForest,3.0,202.5
test,2024-11-22 17:30:00+00:00,24,3,Immediate,0.0,226.83333333333334
test,2024-11-22 17:30:00+00:00,24,3,Oracle,11.0,59.166666666666664
test,2024-11-22 17:30:00+00:00,24,3,Persistence,0.0,226.83333333333334
test,2024-11-22 17:30:00+00:00,24,3,DailySeasonal,6.5,122.16666666666667
test,2024-11-22 17:30:00+00:00,24,3,WeeklySeasonal,7.5,96.16666666666667
test,2024-11-22 17:30:00+00:00,24,3,Climatology,17.0,94.5
test,2024-11-22 17:30:00+00:00,24,3,HistGradientBoosting,10.5,60.5
test,2024-11-22 17:30:00+00:00,24,3,RandomForest,17.5,96.83333333333333
test,2024-11-23 17:30:00+00:00,12,1,Immediate,0.0,92.0
test,2024-11-23 17:30:00+00:00,12,1,Oracle,11.0,53.0
test,2024-11-23 17:30:00+00:00,12,1,Persistence,0.0,92.0
test,2024-11-23 17:30:00+00:00,12,1,DailySeasonal,11.0,53.0
test,2024-11-23 17:30:00+00:00,12,1,WeeklySeasonal,4.5,57.5
test,2024-11-23 17:30:00+00:00,12,1,Climatology,9.0,55.5
test,2024-11-23 17:30:00+00:00,12,1,HistGradientBoosting,4.5,57.5
test,2024-11-23 17:30:00+00:00,12,1,RandomForest,4.0,57.0
test,2024-11-23 17:30:00+00:00,12,3,Immediate,0.0,74.66666666666667
test,2024-11-23 17:30:00+00:00,12,3,Oracle,9.0,54.5
test,2024-11-23 17:30:00+00:00,12,3,Persistence,0.0,74.66666666666667
test,2024-11-23 17:30:00+00:00,12,3,DailySeasonal,9.0,54.5
test,2024-11-23 17:30:00+00:00,12,3,WeeklySeasonal,4.5,58.5
test,2024-11-23 17:30:00+00:00,12,3,Climatology,9.0,54.5
test,2024-11-23 17:30:00+00:00,12,3,HistGradientBoosting,3.0,58.333333333333336
test,2024-11-23 17:30:00+00:00,12,3,RandomForest,3.0,58.333333333333336
test,2024-11-23 17:30:00+00:00,12,6,Immediate,0.0,66.5
test,2024-11-23 17:30:00+00:00,12,6,Oracle,6.0,56.666666666666664
test,2024-11-23 17:30:00+00:00,12,6,Persistence,0.0,66.5
test,2024-11-23 17:30:00+00:00,12,6,DailySeasonal,6.0,56.666666666666664
test,2024-11-23 17:30:00+00:00,12,6,WeeklySeasonal,4.0,57.75
test,2024-11-23 17:30:00+00:00,12,6,Climatology,6.0,56.666666666666664
test,2024-11-23 17:30:00+00:00,12,6,HistGradientBoosting,2.5,58.916666666666664
test,2024-11-23 17:30:00+00:00,12,6,RandomForest,3.0,58.583333333333336
test,2024-11-23 17:30:00+00:00,6,3,Immediate,0.0,74.66666666666667
test,2024-11-23 17:30:00+00:00,6,3,Oracle,3.0,58.333333333333336
test,2024-11-23 17:30:00+00:00,6,3,Persistence,0.0,74.66666666666667
test,2024-11-23 17:30:00+00:00,6,3,DailySeasonal,3.0,58.333333333333336
test,2024-11-23 17:30:00+00:00,6,3,WeeklySeasonal,3.0,58.333333333333336
test,2024-11-23 17:30:00+00:00,6,3,Climatology,3.0,58.333333333333336
test,2024-11-23 17:30:00+00:00,6,3,HistGradientBoosting,3.0,58.333333333333336
test,2024-11-23 17:30:00+00:00,6,3,RandomForest,3.0,58.333333333333336
test,2024-11-23 17:30:00+00:00,24,3,Immediate,0.0,74.66666666666667
test,2024-11-23 17:30:00+00:00,24,3,Oracle,9.0,54.5
test,2024-11-23 17:30:00+00:00,24,3,Persistence,0.0,74.66666666666667
test,2024-11-23 17:30:00+00:00,24,3,DailySeasonal,11.0,58.0
test,2024-11-23 17:30:00+00:00,24,3,WeeklySeasonal,4.5,58.5
test,2024-11-23 17:30:00+00:00,24,3,Climatology,16.0,69.16666666666667
test,2024-11-23 17:30:00+00:00,24,3,HistGradientBoosting,3.0,58.333333333333336
test,2024-11-23 17:30:00+00:00,24,3,RandomForest,3.0,58.333333333333336
test,2024-11-24 17:30:00+00:00,12,1,Immediate,0.0,87.0
test,2024-11-24 17:30:00+00:00,12,1,Oracle,3.5,57.5
test,2024-11-24 17:30:00+00:00,12,1,Persistence,0.0,87.0
test,2024-11-24 17:30:00+00:00,12,1,DailySeasonal,11.0,68.0
test,2024-11-24 17:30:00+00:00,12,1,WeeklySeasonal,4.5,60.0
test,2024-11-24 17:30:00+00:00,12,1,Climatology,5.0,59.0
test,2024-11-24 17:30:00+00:00,12,1,HistGradientBoosting,4.0,60.5
test,2024-11-24 17:30:00+00:00,12,1,RandomForest,3.0,61.5
test,2024-11-24 17:30:00+00:00,12,3,Immediate,0.0,84.16666666666667
test,2024-11-24 17:30:00+00:00,12,3,Oracle,3.5,60.166666666666664
test,2024-11-24 17:30:00+00:00,12,3,Persistence,0.0,84.16666666666667
test,2024-11-24 17:30:00+00:00,12,3,DailySeasonal,9.0,69.83333333333333
test,2024-11-24 17:30:00+00:00,12,3,WeeklySeasonal,4.0,61.166666666666664
test,2024-11-24 17:30:00+00:00,12,3,Climatology,5.0,61.833333333333336
test,2024-11-24 17:30:00+00:00,12,3,HistGradientBoosting,2.5,62.666666666666664
test,2024-11-24 17:30:00+00:00,12,3,RandomForest,2.5,62.666666666666664
test,2024-11-24 17:30:00+00:00,12,6,Immediate,0.0,72.25
test,2024-11-24 17:30:00+00:00,12,6,Oracle,3.0,62.583333333333336
test,2024-11-24 17:30:00+00:00,12,6,Persistence,0.0,72.25
test,2024-11-24 17:30:00+00:00,12,6,DailySeasonal,6.0,67.33333333333333
test,2024-11-24 17:30:00+00:00,12,6,WeeklySeasonal,4.0,64.16666666666667
test,2024-11-24 17:30:00+00:00,12,6,Climatology,4.0,64.16666666666667
test,2024-11-24 17:30:00+00:00,12,6,HistGradientBoosting,2.5,62.916666666666664
test,2024-11-24 17:30:00+00:00,12,6,RandomForest,2.5,62.916666666666664
test,2024-11-24 17:30:00+00:00,6,3,Immediate,0.0,84.16666666666667
test,2024-11-24 17:30:00+00:00,6,3,Oracle,3.0,60.333333333333336
test,2024-11-24 17:30:00+00:00,6,3,Persistence,0.0,84.16666666666667
test,2024-11-24 17:30:00+00:00,6,3,DailySeasonal,3.0,60.333333333333336
test,2024-11-24 17:30:00+00:00,6,3,WeeklySeasonal,3.0,60.333333333333336
test,2024-11-24 17:30:00+00:00,6,3,Climatology,3.0,60.333333333333336
test,2024-11-24 17:30:00+00:00,6,3,HistGradientBoosting,2.5,62.666666666666664
test,2024-11-24 17:30:00+00:00,6,3,RandomForest,2.5,62.666666666666664
test,2024-11-24 17:30:00+00:00,24,3,Immediate,0.0,84.16666666666667
test,2024-11-24 17:30:00+00:00,24,3,Oracle,3.5,60.166666666666664
test,2024-11-24 17:30:00+00:00,24,3,Persistence,0.0,84.16666666666667
test,2024-11-24 17:30:00+00:00,24,3,DailySeasonal,9.0,69.83333333333333
test,2024-11-24 17:30:00+00:00,24,3,WeeklySeasonal,4.0,61.166666666666664
test,2024-11-24 17:30:00+00:00,24,3,Climatology,5.0,61.833333333333336
test,2024-11-24 17:30:00+00:00,24,3,HistGradientBoosting,2.5,62.666666666666664
test,2024-11-24 17:30:00+00:00,24,3,RandomForest,2.5,62.666666666666664
test,2024-11-25 17:30:00+00:00,12,1,Immediate,0.0,129.5
test,2024-11-25 17:30:00+00:00,12,1,Oracle,4.5,72.0
test,2024-11-25 17:30:00+00:00,12,1,Persistence,0.0,129.5
test,2024-11-25 17:30:00+00:00,12,1,DailySeasonal,3.5,84.0
test,2024-11-25 17:30:00+00:00,12,1,WeeklySeasonal,9.5,83.0
test,2024-11-25 17:30:00+00:00,12,1,Climatology,5.0,74.5
test,2024-11-25 17:30:00+00:00,12,1,HistGradientBoosting,4.5,72.0
test,2024-11-25 17:30:00+00:00,12,1,RandomForest,4.5,72.0
test,2024-11-25 17:30:00+00:00,12,3,Immediate,0.0,118.33333333333333
test,2024-11-25 17:30:00+00:00,12,3,Oracle,7.0,76.33333333333333
test,2024-11-25 17:30:00+00:00,12,3,Persistence,0.0,118.33333333333333
test,2024-11-25 17:30:00+00:00,12,3,DailySeasonal,3.5,78.66666666666667
test,2024-11-25 17:30:00+00:00,12,3,WeeklySeasonal,8.5,87.0
test,2024-11-25 17:30:00+00:00,12,3,Climatology,5.0,77.33333333333333
test,2024-11-25 17:30:00+00:00,12,3,HistGradientBoosting,3.5,78.66666666666667
test,2024-11-25 17:30:00+00:00,12,3,RandomForest,4.0,77.33333333333333
test,2024-11-25 17:30:00+00:00,12,6,Immediate,0.0,98.83333333333333
test,2024-11-25 17:30:00+00:00,12,6,Oracle,4.0,76.83333333333333
test,2024-11-25 17:30:00+00:00,12,6,Persistence,0.0,98.83333333333333
test,2024-11-25 17:30:00+00:00,12,6,DailySeasonal,3.0,78.33333333333333
test,2024-11-25 17:30:00+00:00,12,6,WeeklySeasonal,5.5,82.41666666666667
test,2024-11-25 17:30:00+00:00,12,6,Climatology,4.0,76.83333333333333
test,2024-11-25 17:30:00+00:00,12,6,HistGradientBoosting,3.0,78.33333333333333
test,2024-11-25 17:30:00+00:00,12,6,RandomForest,2.5,80.5
test,2024-11-25 17:30:00+00:00,6,3,Immediate,0.0,118.33333333333333
test,2024-11-25 17:30:00+00:00,6,3,Oracle,3.0,79.33333333333333
test,2024-11-25 17:30:00+00:00,6,3,Persistence,0.0,118.33333333333333
test,2024-11-25 17:30:00+00:00,6,3,DailySeasonal,3.0,79.33333333333333
test,2024-11-25 17:30:00+00:00,6,3,WeeklySeasonal,3.0,79.33333333333333
test,2024-11-25 17:30:00+00:00,6,3,Climatology,3.0,79.33333333333333
test,2024-11-25 17:30:00+00:00,6,3,HistGradientBoosting,3.0,79.33333333333333
test,2024-11-25 17:30:00+00:00,6,3,RandomForest,3.0,79.33333333333333
test,2024-11-25 17:30:00+00:00,24,3,Immediate,0.0,118.33333333333333
test,2024-11-25 17:30:00+00:00,24,3,Oracle,7.0,76.33333333333333
test,2024-11-25 17:30:00+00:00,24,3,Persistence,0.0,118.33333333333333
test,2024-11-25 17:30:00+00:00,24,3,DailySeasonal,3.5,78.66666666666667
test,2024-11-25 17:30:00+00:00,24,3,WeeklySeasonal,8.5,87.0
test,2024-11-25 17:30:00+00:00,24,3,Climatology,5.0,77.33333333333333
test,2024-11-25 17:30:00+00:00,24,3,HistGradientBoosting,3.5,78.66666666666667
test,2024-11-25 17:30:00+00:00,24,3,RandomForest,4.0,77.33333333333333
test,2024-11-26 17:30:00+00:00,12,1,Immediate,0.0,266.0
test,2024-11-26 17:30:00+00:00,12,1,Oracle,9.5,186.5
test,2024-11-26 17:30:00+00:00,12,1,Persistence,0.0,266.0
test,2024-11-26 17:30:00+00:00,12,1,DailySeasonal,4.5,244.5
test,2024-11-26 17:30:00+00:00,12,1,WeeklySeasonal,9.5,186.5
test,2024-11-26 17:30:00+00:00,12,1,Climatology,7.5,216.0
test,2024-11-26 17:30:00+00:00,12,1,HistGradientBoosting,10.5,191.5
test,2024-11-26 17:30:00+00:00,12,1,RandomForest,5.5,238.0
test,2024-11-26 17:30:00+00:00,12,3,Immediate,0.0,270.5
test,2024-11-26 17:30:00+00:00,12,3,Oracle,8.5,192.5
test,2024-11-26 17:30:00+00:00,12,3,Persistence,0.0,270.5
test,2024-11-26 17:30:00+00:00,12,3,DailySeasonal,7.0,208.5
test,2024-11-26 17:30:00+00:00,12,3,WeeklySeasonal,8.0,195.66666666666666
test,2024-11-26 17:30:00+00:00,12,3,Climatology,7.0,208.5
test,2024-11-26 17:30:00+00:00,12,3,HistGradientBoosting,8.5,192.5
test,2024-11-26 17:30:00+00:00,12,3,RandomForest,4.0,242.83333333333334
test,2024-11-26 17:30:00+00:00,12,6,Immediate,0.0,261.4166666666667
test,2024-11-26 17:30:00+00:00,12,6,Oracle,6.0,208.25
test,2024-11-26 17:30:00+00:00,12,6,Persistence,0.0,261.4166666666667
test,2024-11-26 17:30:00+00:00,12,6,DailySeasonal,4.0,225.66666666666666
test,2024-11-26 17:30:00+00:00,12,6,WeeklySeasonal,5.0,215.08333333333334
test,2024-11-26 17:30:00+00:00,12,6,Climatology,5.0,215.08333333333334
test,2024-11-26 17:30:00+00:00,12,6,HistGradientBoosting,6.0,208.25
test,2024-11-26 17:30:00+00:00,12,6,RandomForest,4.0,225.66666666666666
test,2024-11-26 17:30:00+00:00,6,3,Immediate,0.0,270.5
test,2024-11-26 17:30:00+00:00,6,3,Oracle,3.0,252.33333333333334
test,2024-11-26 17:30:00+00:00,6,3,Persistence,0.0,270.5
test,2024-11-26 17:30:00+00:00,6,3,DailySeasonal,3.0,252.33333333333334
test,2024-11-26 17:30:00+00:00,6,3,WeeklySeasonal,3.0,252.33333333333334
test,2024-11-26 17:30:00+00:00,6,3,Climatology,3.0,252.33333333333334
test,2024-11-26 17:30:00+00:00,6,3,HistGradientBoosting,3.0,252.33333333333334
test,2024-11-26 17:30:00+00:00,6,3,RandomForest,3.0,252.33333333333334
test,2024-11-26 17:30:00+00:00,24,3,Immediate,0.0,270.5
test,2024-11-26 17:30:00+00:00,24,3,Oracle,8.5,192.5
test,2024-11-26 17:30:00+00:00,24,3,Persistence,0.0,270.5
test,2024-11-26 17:30:00+00:00,24,3,DailySeasonal,7.0,208.5
test,2024-11-26 17:30:00+00:00,24,3,WeeklySeasonal,8.0,195.66666666666666
test,2024-11-26 17:30:00+00:00,24,3,Climatology,17.0,200.0
test,2024-11-26 17:30:00+00:00,24,3,HistGradientBoosting,8.5,192.5
test,2024-11-26 17:30:00+00:00,24,3,RandomForest,4.0,242.83333333333334
test,2024-11-27 17:30:00+00:00,12,1,Immediate,0.0,212.5
test,2024-11-27 17:30:00+00:00,12,1,Oracle,5.0,200.5
test,2024-11-27 17:30:00+00:00,12,1,Persistence,0.0,212.5
test,2024-11-27 17:30:00+00:00,12,1,DailySeasonal,9.5,217.0
test,2024-11-27 17:30:00+00:00,12,1,WeeklySeasonal,6.5,204.5
test,2024-11-27 17:30:00+00:00,12,1,Climatology,7.5,208.5
test,2024-11-27 17:30:00+00:00,12,1,HistGradientBoosting,7.5,208.5
test,2024-11-27 17:30:00+00:00,12,1,RandomForest,9.0,214.0
test,2024-11-27 17:30:00+00:00,12,3,Immediate,0.0,213.33333333333334
test,2024-11-27 17:30:00+00:00,12,3,Oracle,3.0,201.5
test,2024-11-27 17:30:00+00:00,12,3,Persistence,0.0,213.33333333333334
test,2024-11-27 17:30:00+00:00,12,3,DailySeasonal,8.5,219.66666666666666
test,2024-11-27 17:30:00+00:00,12,3,WeeklySeasonal,5.0,203.66666666666666
test,2024-11-27 17:30:00+00:00,12,3,Climatology,5.5,205.16666666666666
test,2024-11-27 17:30:00+00:00,12,3,HistGradientBoosting,5.5,205.16666666666666
test,2024-11-27 17:30:00+00:00,12,3,RandomForest,8.5,219.66666666666666
test,2024-11-27 17:30:00+00:00,12,6,Immediate,0.0,207.41666666666666
test,2024-11-27 17:30:00+00:00,12,6,Oracle,2.5,204.0
test,2024-11-27 17:30:00+00:00,12,6,Persistence,0.0,207.41666666666666
test,2024-11-27 17:30:00+00:00,12,6,DailySeasonal,6.0,216.25
test,2024-11-27 17:30:00+00:00,12,6,WeeklySeasonal,4.0,206.16666666666666
test,2024-11-27 17:30:00+00:00,12,6,Climatology,4.0,206.16666666666666
test,2024-11-27 17:30:00+00:00,12,6,HistGradientBoosting,4.5,207.75
test,2024-11-27 17:30:00+00:00,12,6,RandomForest,6.0,216.25
test,2024-11-27 17:30:00+00:00,6,3,Immediate,0.0,213.33333333333334
test,2024-11-27 17:30:00+00:00,6,3,Oracle,3.0,201.5
test,2024-11-27 17:30:00+00:00,6,3,Persistence,0.0,213.33333333333334
test,2024-11-27 17:30:00+00:00,6,3,DailySeasonal,3.0,201.5
test,2024-11-27 17:30:00+00:00,6,3,WeeklySeasonal,3.0,201.5
test,2024-11-27 17:30:00+00:00,6,3,Climatology,3.0,201.5
test,2024-11-27 17:30:00+00:00,6,3,HistGradientBoosting,3.0,201.5
test,2024-11-27 17:30:00+00:00,6,3,RandomForest,3.0,201.5
test,2024-11-27 17:30:00+00:00,24,3,Immediate,0.0,213.33333333333334
test,2024-11-27 17:30:00+00:00,24,3,Oracle,3.0,201.5
test,2024-11-27 17:30:00+00:00,24,3,Persistence,0.0,213.33333333333334
test,2024-11-27 17:30:00+00:00,24,3,DailySeasonal,8.5,219.66666666666666
test,2024-11-27 17:30:00+00:00,24,3,WeeklySeasonal,5.0,203.66666666666666
test,2024-11-27 17:30:00+00:00,24,3,Climatology,5.5,205.16666666666666
test,2024-11-27 17:30:00+00:00,24,3,HistGradientBoosting,5.5,205.16666666666666
test,2024-11-27 17:30:00+00:00,24,3,RandomForest,8.5,219.66666666666666
test,2024-11-28 17:30:00+00:00,12,1,Immediate,0.0,211.0
test,2024-11-28 17:30:00+00:00,12,1,Oracle,9.0,93.0
test,2024-11-28 17:30:00+00:00,12,1,Persistence,0.0,211.0
test,2024-11-28 17:30:00+00:00,12,1,DailySeasonal,5.0,123.5
test,2024-11-28 17:30:00+00:00,12,1,WeeklySeasonal,8.5,98.5
test,2024-11-28 17:30:00+00:00,12,1,Climatology,7.5,102.5
test,2024-11-28 17:30:00+00:00,12,1,HistGradientBoosting,5.0,123.5
test,2024-11-28 17:30:00+00:00,12,1,RandomForest,5.0,123.5
test,2024-11-28 17:30:00+00:00,12,3,Immediate,0.0,204.66666666666666
test,2024-11-28 17:30:00+00:00,12,3,Oracle,7.5,98.0
test,2024-11-28 17:30:00+00:00,12,3,Persistence,0.0,204.66666666666666
test,2024-11-28 17:30:00+00:00,12,3,DailySeasonal,3.0,151.33333333333334
test,2024-11-28 17:30:00+00:00,12,3,WeeklySeasonal,6.5,104.33333333333333
test,2024-11-28 17:30:00+00:00,12,3,Climatology,6.5,104.33333333333333
test,2024-11-28 17:30:00+00:00,12,3,HistGradientBoosting,4.5,121.33333333333333
test,2024-11-28 17:30:00+00:00,12,3,RandomForest,4.5,121.33333333333333
test,2024-11-28 17:30:00+00:00,12,6,Immediate,0.0,178.0
test,2024-11-28 17:30:00+00:00,12,6,Oracle,5.5,106.83333333333333
test,2024-11-28 17:30:00+00:00,12,6,Persistence,0.0,178.0
test,2024-11-28 17:30:00+00:00,12,6,DailySeasonal,2.5,137.91666666666666
test,2024-11-28 17:30:00+00:00,12,6,WeeklySeasonal,4.5,109.66666666666667
test,2024-11-28 17:30:00+00:00,12,6,Climatology,4.5,109.66666666666667
test,2024-11-28 17:30:00+00:00,12,6,HistGradientBoosting,4.5,109.66666666666667
test,2024-11-28 17:30:00+00:00,12,6,RandomForest,4.0,115.25
test,2024-11-28 17:30:00+00:00,6,3,Immediate,0.0,204.66666666666666
test,2024-11-28 17:30:00+00:00,6,3,Oracle,3.0,151.33333333333334
test,2024-11-28 17:30:00+00:00,6,3,Persistence,0.0,204.66666666666666
test,2024-11-28 17:30:00+00:00,6,3,DailySeasonal,3.0,151.33333333333334
test,2024-11-28 17:30:00+00:00,6,3,WeeklySeasonal,3.0,151.33333333333334
test,2024-11-28 17:30:00+00:00,6,3,Climatology,3.0,151.33333333333334
test,2024-11-28 17:30:00+00:00,6,3,HistGradientBoosting,3.0,151.33333333333334
test,2024-11-28 17:30:00+00:00,6,3,RandomForest,3.0,151.33333333333334
test,2024-11-28 17:30:00+00:00,24,3,Immediate,0.0,204.66666666666666
test,2024-11-28 17:30:00+00:00,24,3,Oracle,7.5,98.0
test,2024-11-28 17:30:00+00:00,24,3,Persistence,0.0,204.66666666666666
test,2024-11-28 17:30:00+00:00,24,3,DailySeasonal,3.0,151.33333333333334
test,2024-11-28 17:30:00+00:00,24,3,WeeklySeasonal,6.5,104.33333333333333
test,2024-11-28 17:30:00+00:00,24,3,Climatology,17.0,126.5
test,2024-11-28 17:30:00+00:00,24,3,HistGradientBoosting,4.5,121.33333333333333
test,2024-11-28 17:30:00+00:00,24,3,RandomForest,4.5,121.33333333333333
test,2024-11-29 17:30:00+00:00,12,1,Immediate,0.0,146.0
test,2024-11-29 17:30:00+00:00,12,1,Oracle,5.0,67.5
test,2024-11-29 17:30:00+00:00,12,1,Persistence,0.0,146.0
test,2024-11-29 17:30:00+00:00,12,1,DailySeasonal,9.0,76.0
test,2024-11-29 17:30:00+00:00,12,1,WeeklySeasonal,11.0,87.0
test,2024-11-29 17:30:00+00:00,12,1,Climatology,7.5,78.0
test,2024-11-29 17:30:00+00:00,12,1,HistGradientBoosting,7.0,76.0
test,2024-11-29 17:30:00+00:00,12,1,RandomForest,5.0,67.5
test,2024-11-29 17:30:00+00:00,12,3,Immediate,0.0,133.66666666666666
test,2024-11-29 17:30:00+00:00,12,3,Oracle,4.5,71.66666666666667
test,2024-11-29 17:30:00+00:00,12,3,Persistence,0.0,133.66666666666666
test,2024-11-29 17:30:00+00:00,12,3,DailySeasonal,7.5,77.5
test,2024-11-29 17:30:00+00:00,12,3,WeeklySeasonal,9.0,80.5
test,2024-11-29 17:30:00+00:00,12,3,Climatology,7.0,76.83333333333333
test,2024-11-29 17:30:00+00:00,12,3,HistGradientBoosting,5.0,72.16666666666667
test,2024-11-29 17:30:00+00:00,12,3,RandomForest,4.0,74.66666666666667
test,2024-11-29 17:30:00+00:00,12,6,Immediate,0.0,110.0
test,2024-11-29 17:30:00+00:00,12,6,Oracle,4.5,74.58333333333333
test,2024-11-29 17:30:00+00:00,12,6,Persistence,0.0,110.0
test,2024-11-29 17:30:00+00:00,12,6,DailySeasonal,5.5,75.75
test,2024-11-29 17:30:00+00:00,12,6,WeeklySeasonal,6.0,78.16666666666667
test,2024-11-29 17:30:00+00:00,12,6,Climatology,6.0,78.16666666666667
test,2024-11-29 17:30:00+00:00,12,6,HistGradientBoosting,3.5,78.08333333333333
test,2024-11-29 17:30:00+00:00,12,6,RandomForest,3.0,81.08333333333333
test,2024-11-29 17:30:00+00:00,6,3,Immediate,0.0,133.66666666666666
test,2024-11-29 17:30:00+00:00,6,3,Oracle,3.0,86.33333333333333
test,2024-11-29 17:30:00+00:00,6,3,Persistence,0.0,133.66666666666666
test,2024-11-29 17:30:00+00:00,6,3,DailySeasonal,3.0,86.33333333333333
test,2024-11-29 17:30:00+00:00,6,3,WeeklySeasonal,3.0,86.33333333333333
test,2024-11-29 17:30:00+00:00,6,3,Climatology,3.0,86.33333333333333
test,2024-11-29 17:30:00+00:00,6,3,HistGradientBoosting,3.0,86.33333333333333
test,2024-11-29 17:30:00+00:00,6,3,RandomForest,3.0,86.33333333333333
test,2024-11-29 17:30:00+00:00,24,3,Immediate,0.0,133.66666666666666
test,2024-11-29 17:30:00+00:00,24,3,Oracle,4.5,71.66666666666667
test,2024-11-29 17:30:00+00:00,24,3,Persistence,0.0,133.66666666666666
test,2024-11-29 17:30:00+00:00,24,3,DailySeasonal,7.5,77.5
test,2024-11-29 17:30:00+00:00,24,3,WeeklySeasonal,11.0,103.0
test,2024-11-29 17:30:00+00:00,24,3,Climatology,17.0,130.83333333333334
test,2024-11-29 17:30:00+00:00,24,3,HistGradientBoosting,5.0,72.16666666666667
test,2024-11-29 17:30:00+00:00,24,3,RandomForest,4.0,74.66666666666667
test,2024-11-30 17:30:00+00:00,12,1,Immediate,0.0,132.5
test,2024-11-30 17:30:00+00:00,12,1,Oracle,10.5,64.0
test,2024-11-30 17:30:00+00:00,12,1,Persistence,0.0,132.5
test,2024-11-30 17:30:00+00:00,12,1,DailySeasonal,5.0,90.5
test,2024-11-30 17:30:00+00:00,12,1,WeeklySeasonal,11.0,68.0
test,2024-11-30 17:30:00+00:00,12,1,Climatology,9.0,73.0
test,2024-11-30 17:30:00+00:00,12,1,HistGradientBoosting,7.0,80.0
test,2024-11-30 17:30:00+00:00,12,1,RandomForest,5.5,90.0
test,2024-11-30 17:30:00+00:00,12,3,Immediate,0.0,122.66666666666667
test,2024-11-30 17:30:00+00:00,12,3,Oracle,9.0,69.16666666666667
test,2024-11-30 17:30:00+00:00,12,3,Persistence,0.0,122.66666666666667
test,2024-11-30 17:30:00+00:00,12,3,DailySeasonal,4.5,90.16666666666667
test,2024-11-30 17:30:00+00:00,12,3,WeeklySeasonal,9.0,69.16666666666667
test,2024-11-30 17:30:00+00:00,12,3,Climatology,9.0,69.16666666666667
test,2024-11-30 17:30:00+00:00,12,3,HistGradientBoosting,6.0,82.16666666666667
test,2024-11-30 17:30:00+00:00,12,3,RandomForest,4.5,90.16666666666667
test,2024-11-30 17:30:00+00:00,12,6,Immediate,0.0,109.41666666666667
test,2024-11-30 17:30:00+00:00,12,6,Oracle,6.0,75.66666666666667
test,2024-11-30 17:30:00+00:00,12,6,Persistence,0.0,109.41666666666667
test,2024-11-30 17:30:00+00:00,12,6,DailySeasonal,4.5,82.08333333333333
test,2024-11-30 17:30:00+00:00,12,6,WeeklySeasonal,6.0,75.66666666666667
test,2024-11-30 17:30:00+00:00,12,6,Climatology,6.0,75.66666666666667
test,2024-11-30 17:30:00+00:00,12,6,HistGradientBoosting,4.5,82.08333333333333
test,2024-11-30 17:30:00+00:00,12,6,RandomForest,4.5,82.08333333333333
test,2024-11-30 17:30:00+00:00,6,3,Immediate,0.0,122.66666666666667
test,2024-11-30 17:30:00+00:00,6,3,Oracle,3.0,96.16666666666667
test,2024-11-30 17:30:00+00:00,6,3,Persistence,0.0,122.66666666666667
test,2024-11-30 17:30:00+00:00,6,3,DailySeasonal,3.0,96.16666666666667
test,2024-11-30 17:30:00+00:00,6,3,WeeklySeasonal,3.0,96.16666666666667
test,2024-11-30 17:30:00+00:00,6,3,Climatology,3.0,96.16666666666667
test,2024-11-30 17:30:00+00:00,6,3,HistGradientBoosting,3.0,96.16666666666667
test,2024-11-30 17:30:00+00:00,6,3,RandomForest,3.0,96.16666666666667
test,2024-11-30 17:30:00+00:00,24,3,Immediate,0.0,122.66666666666667
test,2024-11-30 17:30:00+00:00,24,3,Oracle,9.0,69.16666666666667
test,2024-11-30 17:30:00+00:00,24,3,Persistence,0.0,122.66666666666667
test,2024-11-30 17:30:00+00:00,24,3,DailySeasonal,4.5,90.16666666666667
test,2024-11-30 17:30:00+00:00,24,3,WeeklySeasonal,9.0,69.16666666666667
test,2024-11-30 17:30:00+00:00,24,3,Climatology,16.0,101.66666666666667
test,2024-11-30 17:30:00+00:00,24,3,HistGradientBoosting,6.0,82.16666666666667
test,2024-11-30 17:30:00+00:00,24,3,RandomForest,4.5,90.16666666666667
test,2024-12-01 17:30:00+00:00,12,1,Immediate,0.0,137.0
test,2024-12-01 17:30:00+00:00,12,1,Oracle,10.0,74.5
test,2024-12-01 17:30:00+00:00,12,1,Persistence,0.0,137.0
test,2024-12-01 17:30:00+00:00,12,1,DailySeasonal,10.5,76.5
test,2024-12-01 17:30:00+00:00,12,1,WeeklySeasonal,3.5,79.5
test,2024-12-01 17:30:00+00:00,12,1,Climatology,5.0,79.0
test,2024-12-01 17:30:00+00:00,12,1,HistGradientBoosting,6.5,87.0
test,2024-12-01 17:30:00+00:00,12,1,RandomForest,5.5,80.0
test,2024-12-01 17:30:00+00:00,12,3,Immediate,0.0,123.16666666666667
test,2024-12-01 17:30:00+00:00,12,3,Oracle,3.5,79.5
test,2024-12-01 17:30:00+00:00,12,3,Persistence,0.0,123.16666666666667
test,2024-12-01 17:30:00+00:00,12,3,DailySeasonal,9.0,84.83333333333333
test,2024-12-01 17:30:00+00:00,12,3,WeeklySeasonal,3.5,79.5
test,2024-12-01 17:30:00+00:00,12,3,Climatology,5.0,84.0
test,2024-12-01 17:30:00+00:00,12,3,HistGradientBoosting,4.5,82.0
test,2024-12-01 17:30:00+00:00,12,3,RandomForest,4.5,82.0
test,2024-12-01 17:30:00+00:00,12,6,Immediate,0.0,102.0
test,2024-12-01 17:30:00+00:00,12,6,Oracle,5.0,82.91666666666667
test,2024-12-01 17:30:00+00:00,12,6,Persistence,0.0,102.0
test,2024-12-01 17:30:00+00:00,12,6,DailySeasonal,6.0,85.66666666666667
test,2024-12-01 17:30:00+00:00,12,6,WeeklySeasonal,3.0,83.66666666666667
test,2024-12-01 17:30:00+00:00,12,6,Climatology,4.0,83.58333333333333
test,2024-12-01 17:30:00+00:00,12,6,HistGradientBoosting,3.0,83.66666666666667
test,2024-12-01 17:30:00+00:00,12,6,RandomForest,3.5,83.08333333333333
test,2024-12-01 17:30:00+00:00,6,3,Immediate,0.0,123.16666666666667
test,2024-12-01 17:30:00+00:00,6,3,Oracle,3.0,80.83333333333333
test,2024-12-01 17:30:00+00:00,6,3,Persistence,0.0,123.16666666666667
test,2024-12-01 17:30:00+00:00,6,3,DailySeasonal,3.0,80.83333333333333
test,2024-12-01 17:30:00+00:00,6,3,WeeklySeasonal,3.0,80.83333333333333
test,2024-12-01 17:30:00+00:00,6,3,Climatology,3.0,80.83333333333333
test,2024-12-01 17:30:00+00:00,6,3,HistGradientBoosting,3.0,80.83333333333333
test,2024-12-01 17:30:00+00:00,6,3,RandomForest,3.0,80.83333333333333
test,2024-12-01 17:30:00+00:00,24,3,Immediate,0.0,123.16666666666667
test,2024-12-01 17:30:00+00:00,24,3,Oracle,3.5,79.5
test,2024-12-01 17:30:00+00:00,24,3,Persistence,0.0,123.16666666666667
test,2024-12-01 17:30:00+00:00,24,3,DailySeasonal,9.0,84.83333333333333
test,2024-12-01 17:30:00+00:00,24,3,WeeklySeasonal,3.5,79.5
test,2024-12-01 17:30:00+00:00,24,3,Climatology,5.0,84.0
test,2024-12-01 17:30:00+00:00,24,3,HistGradientBoosting,4.5,82.0
test,2024-12-01 17:30:00+00:00,24,3,RandomForest,4.5,82.0
test,2024-12-02 17:30:00+00:00,12,1,Immediate,0.0,176.0
test,2024-12-02 17:30:00+00:00,12,1,Oracle,4.5,139.0
test,2024-12-02 17:30:00+00:00,12,1,Persistence,0.0,176.0
test,2024-12-02 17:30:00+00:00,12,1,DailySeasonal,10.0,188.0
test,2024-12-02 17:30:00+00:00,12,1,WeeklySeasonal,4.5,139.0
test,2024-12-02 17:30:00+00:00,12,1,Climatology,5.0,141.5
test,2024-12-02 17:30:00+00:00,12,1,HistGradientBoosting,10.0,188.0
test,2024-12-02 17:30:00+00:00,12,1,RandomForest,9.0,164.5
test,2024-12-02 17:30:00+00:00,12,3,Immediate,0.0,176.16666666666666
test,2024-12-02 17:30:00+00:00,12,3,Oracle,4.0,147.0
test,2024-12-02 17:30:00+00:00,12,3,Persistence,0.0,176.16666666666666
test,2024-12-02 17:30:00+00:00,12,3,DailySeasonal,3.5,148.83333333333334
test,2024-12-02 17:30:00+00:00,12,3,WeeklySeasonal,7.0,163.66666666666666
test,2024-12-02 17:30:00+00:00,12,3,Climatology,5.0,151.33333333333334
test,2024-12-02 17:30:00+00:00,12,3,HistGradientBoosting,7.5,166.16666666666666
test,2024-12-02 17:30:00+00:00,12,3,RandomForest,8.5,181.5
test,2024-12-02 17:30:00+00:00,12,6,Immediate,0.0,163.66666666666666
test,2024-12-02 17:30:00+00:00,12,6,Oracle,3.0,155.25
test,2024-12-02 17:30:00+00:00,12,6,Persistence,0.0,163.66666666666666
test,2024-12-02 17:30:00+00:00,12,6,DailySeasonal,5.0,162.0
test,2024-12-02 17:30:00+00:00,12,6,WeeklySeasonal,4.0,155.33333333333334
test,2024-12-02 17:30:00+00:00,12,6,Climatology,4.0,155.33333333333334
test,2024-12-02 17:30:00+00:00,12,6,HistGradientBoosting,5.0,162.0
test,2024-12-02 17:30:00+00:00,12,6,RandomForest,5.5,168.5
test,2024-12-02 17:30:00+00:00,6,3,Immediate,0.0,176.16666666666666
test,2024-12-02 17:30:00+00:00,6,3,Oracle,3.0,151.16666666666666
test,2024-12-02 17:30:00+00:00,6,3,Persistence,0.0,176.16666666666666
test,2024-12-02 17:30:00+00:00,6,3,DailySeasonal,3.0,151.16666666666666
test,2024-12-02 17:30:00+00:00,6,3,WeeklySeasonal,3.0,151.16666666666666
test,2024-12-02 17:30:00+00:00,6,3,Climatology,3.0,151.16666666666666
test,2024-12-02 17:30:00+00:00,6,3,HistGradientBoosting,3.0,151.16666666666666
test,2024-12-02 17:30:00+00:00,6,3,RandomForest,3.0,151.16666666666666
test,2024-12-02 17:30:00+00:00,24,3,Immediate,0.0,176.16666666666666
test,2024-12-02 17:30:00+00:00,24,3,Oracle,4.0,147.0
test,2024-12-02 17:30:00+00:00,24,3,Persistence,0.0,176.16666666666666
test,2024-12-02 17:30:00+00:00,24,3,DailySeasonal,3.5,148.83333333333334
test,2024-12-02 17:30:00+00:00,24,3,WeeklySeasonal,7.0,163.66666666666666
test,2024-12-02 17:30:00+00:00,24,3,Climatology,5.0,151.33333333333334
test,2024-12-02 17:30:00+00:00,24,3,HistGradientBoosting,7.5,166.16666666666666
test,2024-12-02 17:30:00+00:00,24,3,RandomForest,8.5,181.5
test,2024-12-03 17:30:00+00:00,12,1,Immediate,0.0,216.5
test,2024-12-03 17:30:00+00:00,12,1,Oracle,7.5,194.5
test,2024-12-03 17:30:00+00:00,12,1,Persistence,0.0,216.5
test,2024-12-03 17:30:00+00:00,12,1,DailySeasonal,4.5,208.5
test,2024-12-03 17:30:00+00:00,12,1,WeeklySeasonal,9.5,213.0
test,2024-12-03 17:30:00+00:00,12,1,Climatology,7.5,194.5
test,2024-12-03 17:30:00+00:00,12,1,HistGradientBoosting,5.0,206.5
test,2024-12-03 17:30:00+00:00,12,1,RandomForest,5.0,206.5
test,2024-12-03 17:30:00+00:00,12,3,Immediate,0.0,222.83333333333334
test,2024-12-03 17:30:00+00:00,12,3,Oracle,6.5,197.66666666666666
test,2024-12-03 17:30:00+00:00,12,3,Persistence,0.0,222.83333333333334
test,2024-12-03 17:30:00+00:00,12,3,DailySeasonal,4.0,208.33333333333334
test,2024-12-03 17:30:00+00:00,12,3,WeeklySeasonal,8.5,216.33333333333334
test,2024-12-03 17:30:00+00:00,12,3,Climatology,7.0,199.33333333333334
test,2024-12-03 17:30:00+00:00,12,3,HistGradientBoosting,4.5,203.83333333333334
test,2024-12-03 17:30:00+00:00,12,3,RandomForest,4.0,208.33333333333334
test,2024-12-03 17:30:00+00:00,12,6,Immediate,0.0,218.91666666666666
test,2024-12-03 17:30:00+00:00,12,6,Oracle,4.5,203.25
test,2024-12-03 17:30:00+00:00,12,6,Persistence,0.0,218.91666666666666
test,2024-12-03 17:30:00+00:00,12,6,DailySeasonal,3.0,206.66666666666666
test,2024-12-03 17:30:00+00:00,12,6,WeeklySeasonal,6.0,211.91666666666666
test,2024-12-03 17:30:00+00:00,12,6,Climatology,5.0,204.91666666666666
test,2024-12-03 17:30:00+00:00,12,6,HistGradientBoosting,4.5,203.25
test,2024-12-03 17:30:00+00:00,12,6,RandomForest,2.5,209.25
test,2024-12-03 17:30:00+00:00,6,3,Immediate,0.0,222.83333333333334
test,2024-12-03 17:30:00+00:00,6,3,Oracle,3.0,215.0
test,2024-12-03 17:30:00+00:00,6,3,Persistence,0.0,222.83333333333334
test,2024-12-03 17:30:00+00:00,6,3,DailySeasonal,3.0,215.0
test,2024-12-03 17:30:00+00:00,6,3,WeeklySeasonal,3.0,215.0
test,2024-12-03 17:30:00+00:00,6,3,Climatology,3.0,215.0
test,2024-12-03 17:30:00+00:00,6,3,HistGradientBoosting,3.0,215.0
test,2024-12-03 17:30:00+00:00,6,3,RandomForest,3.0,215.0
test,2024-12-03 17:30:00+00:00,24,3,Immediate,0.0,222.83333333333334
test,2024-12-03 17:30:00+00:00,24,3,Oracle,6.5,197.66666666666666
test,2024-12-03 17:30:00+00:00,24,3,Persistence,0.0,222.83333333333334
test,2024-12-03 17:30:00+00:00,24,3,DailySeasonal,4.0,208.33333333333334
test,2024-12-03 17:30:00+00:00,24,3,WeeklySeasonal,8.5,216.33333333333334
test,2024-12-03 17:30:00+00:00,24,3,Climatology,17.0,223.5
test,2024-12-03 17:30:00+00:00,24,3,HistGradientBoosting,4.5,203.83333333333334
test,2024-12-03 17:30:00+00:00,24,3,RandomForest,4.0,208.33333333333334
test,2024-12-04 17:30:00+00:00,12,1,Immediate,0.0,195.0
test,2024-12-04 17:30:00+00:00,12,1,Oracle,8.5,58.5
test,2024-12-04 17:30:00+00:00,12,1,Persistence,0.0,195.0
test,2024-12-04 17:30:00+00:00,12,1,DailySeasonal,7.5,69.5
test,2024-12-04 17:30:00+00:00,12,1,WeeklySeasonal,5.0,78.0
test,2024-12-04 17:30:00+00:00,12,1,Climatology,7.5,69.5
test,2024-12-04 17:30:00+00:00,12,1,HistGradientBoosting,5.0,78.0
test,2024-12-04 17:30:00+00:00,12,1,RandomForest,4.5,82.0
test,2024-12-04 17:30:00+00:00,12,3,Immediate,0.0,176.33333333333334
test,2024-12-04 17:30:00+00:00,12,3,Oracle,8.5,60.833333333333336
test,2024-12-04 17:30:00+00:00,12,3,Persistence,0.0,176.33333333333334
test,2024-12-04 17:30:00+00:00,12,3,DailySeasonal,6.5,67.5
test,2024-12-04 17:30:00+00:00,12,3,WeeklySeasonal,3.0,98.0
test,2024-12-04 17:30:00+00:00,12,3,Climatology,5.5,74.0
test,2024-12-04 17:30:00+00:00,12,3,HistGradientBoosting,4.5,78.16666666666667
test,2024-12-04 17:30:00+00:00,12,3,RandomForest,4.0,82.66666666666667
test,2024-12-04 17:30:00+00:00,12,6,Immediate,0.0,137.16666666666666
test,2024-12-04 17:30:00+00:00,12,6,Oracle,5.5,67.41666666666667
test,2024-12-04 17:30:00+00:00,12,6,Persistence,0.0,137.16666666666666
test,2024-12-04 17:30:00+00:00,12,6,DailySeasonal,4.5,70.58333333333333
test,2024-12-04 17:30:00+00:00,12,6,WeeklySeasonal,2.5,92.0
test,2024-12-04 17:30:00+00:00,12,6,Climatology,4.0,73.83333333333333
test,2024-12-04 17:30:00+00:00,12,6,HistGradientBoosting,4.0,73.83333333333333
test,2024-12-04 17:30:00+00:00,12,6,RandomForest,4.0,73.83333333333333
test,2024-12-04 17:30:00+00:00,6,3,Immediate,0.0,176.33333333333334
test,2024-12-04 17:30:00+00:00,6,3,Oracle,3.0,98.0
test,2024-12-04 17:30:00+00:00,6,3,Persistence,0.0,176.33333333333334
test,2024-12-04 17:30:00+00:00,6,3,DailySeasonal,3.0,98.0
test,2024-12-04 17:30:00+00:00,6,3,WeeklySeasonal,3.0,98.0
test,2024-12-04 17:30:00+00:00,6,3,Climatology,3.0,98.0
test,2024-12-04 17:30:00+00:00,6,3,HistGradientBoosting,3.0,98.0
test,2024-12-04 17:30:00+00:00,6,3,RandomForest,3.0,98.0
test,2024-12-04 17:30:00+00:00,24,3,Immediate,0.0,176.33333333333334
test,2024-12-04 17:30:00+00:00,24,3,Oracle,8.5,60.833333333333336
test,2024-12-04 17:30:00+00:00,24,3,Persistence,0.0,176.33333333333334
test,2024-12-04 17:30:00+00:00,24,3,DailySeasonal,6.5,67.5
test,2024-12-04 17:30:00+00:00,24,3,WeeklySeasonal,3.0,98.0
test,2024-12-04 17:30:00+00:00,24,3,Climatology,5.5,74.0
test,2024-12-04 17:30:00+00:00,24,3,HistGradientBoosting,4.5,78.16666666666667
test,2024-12-04 17:30:00+00:00,24,3,RandomForest,4.0,82.66666666666667
test,2024-12-05 17:30:00+00:00,12,1,Immediate,0.0,91.0
test,2024-12-05 17:30:00+00:00,12,1,Oracle,4.5,52.5
test,2024-12-05 17:30:00+00:00,12,1,Persistence,0.0,91.0
test,2024-12-05 17:30:00+00:00,12,1,DailySeasonal,8.5,59.5
test,2024-12-05 17:30:00+00:00,12,1,WeeklySeasonal,9.0,58.0
test,2024-12-05 17:30:00+00:00,12,1,Climatology,7.5,62.0
test,2024-12-05 17:30:00+00:00,12,1,HistGradientBoosting,5.0,53.5
test,2024-12-05 17:30:00+00:00,12,1,RandomForest,4.5,52.5
test,2024-12-05 17:30:00+00:00,12,3,Immediate,0.0,76.66666666666667
test,2024-12-05 17:30:00+00:00,12,3,Oracle,3.5,56.0
test,2024-12-05 17:30:00+00:00,12,3,Persistence,0.0,76.66666666666667
test,2024-12-05 17:30:00+00:00,12,3,DailySeasonal,8.5,60.166666666666664
test,2024-12-05 17:30:00+00:00,12,3,WeeklySeasonal,7.5,59.833333333333336
test,2024-12-05 17:30:00+00:00,12,3,Climatology,6.5,61.0
test,2024-12-05 17:30:00+00:00,12,3,HistGradientBoosting,4.5,56.666666666666664
test,2024-12-05 17:30:00+00:00,12,3,RandomForest,4.5,56.666666666666664
test,2024-12-05 17:30:00+00:00,12,6,Immediate,0.0,66.66666666666667
test,2024-12-05 17:30:00+00:00,12,6,Oracle,4.0,58.166666666666664
test,2024-12-05 17:30:00+00:00,12,6,Persistence,0.0,66.66666666666667
test,2024-12-05 17:30:00+00:00,12,6,DailySeasonal,5.5,60.0
test,2024-12-05 17:30:00+00:00,12,6,WeeklySeasonal,5.5,60.0
test,2024-12-05 17:30:00+00:00,12,6,Climatology,4.5,58.25
test,2024-12-05 17:30:00+00:00,12,6,HistGradientBoosting,3.0,58.75
test,2024-12-05 17:30:00+00:00,12,6,RandomForest,3.0,58.75
test,2024-12-05 17:30:00+00:00,6,3,Immediate,0.0,76.66666666666667
test,2024-12-05 17:30:00+00:00,6,3,Oracle,3.0,56.666666666666664
test,2024-12-05 17:30:00+00:00,6,3,Persistence,0.0,76.66666666666667
test,2024-12-05 17:30:00+00:00,6,3,DailySeasonal,3.0,56.666666666666664
test,2024-12-05 17:30:00+00:00,6,3,WeeklySeasonal,3.0,56.666666666666664
test,2024-12-05 17:30:00+00:00,6,3,Climatology,3.0,56.666666666666664
test,2024-12-05 17:30:00+00:00,6,3,HistGradientBoosting,3.0,56.666666666666664
test,2024-12-05 17:30:00+00:00,6,3,RandomForest,3.0,56.666666666666664
test,2024-12-05 17:30:00+00:00,24,3,Immediate,0.0,76.66666666666667
test,2024-12-05 17:30:00+00:00,24,3,Oracle,3.5,56.0
test,2024-12-05 17:30:00+00:00,24,3,Persistence,0.0,76.66666666666667
test,2024-12-05 17:30:00+00:00,24,3,DailySeasonal,8.5,60.166666666666664
test,2024-12-05 17:30:00+00:00,24,3,WeeklySeasonal,7.5,59.833333333333336
test,2024-12-05 17:30:00+00:00,24,3,Climatology,17.0,178.16666666666666
test,2024-12-05 17:30:00+00:00,24,3,HistGradientBoosting,4.5,56.666666666666664
test,2024-12-05 17:30:00+00:00,24,3,RandomForest,4.5,56.666666666666664
test,2024-12-06 17:30:00+00:00,12,1,Immediate,0.0,146.5
test,2024-12-06 17:30:00+00:00,12,1,Oracle,4.5,55.5
test,2024-12-06 17:30:00+00:00,12,1,Persistence,0.0,146.5
test,2024-12-06 17:30:00+00:00,12,1,DailySeasonal,4.5,55.5
test,2024-12-06 17:30:00+00:00,12,1,WeeklySeasonal,5.0,55.5
test,2024-12-06 17:30:00+00:00,12,1,Climatology,7.5,58.5
test,2024-12-06 17:30:00+00:00,12,1,HistGradientBoosting,10.0,57.0
test,2024-12-06 17:30:00+00:00,12,1,RandomForest,5.5,58.0
test,2024-12-06 17:30:00+00:00,12,3,Immediate,0.0,106.0
test,2024-12-06 17:30:00+00:00,12,3,Oracle,4.5,56.833333333333336
test,2024-12-06 17:30:00+00:00,12,3,Persistence,0.0,106.0
test,2024-12-06 17:30:00+00:00,12,3,DailySeasonal,3.5,57.333333333333336
test,2024-12-06 17:30:00+00:00,12,3,WeeklySeasonal,4.5,56.833333333333336
test,2024-12-06 17:30:00+00:00,12,3,Climatology,7.0,60.5
test,2024-12-06 17:30:00+00:00,12,3,HistGradientBoosting,5.5,57.833333333333336
test,2024-12-06 17:30:00+00:00,12,3,RandomForest,5.5,57.833333333333336
test,2024-12-06 17:30:00+00:00,12,6,Immediate,0.0,82.08333333333333
test,2024-12-06 17:30:00+00:00,12,6,Oracle,3.5,58.583333333333336
test,2024-12-06 17:30:00+00:00,12,6,Persistence,0.0,82.08333333333333
test,2024-12-06 17:30:00+00:00,12,6,DailySeasonal,4.0,58.75
test,2024-12-06 17:30:00+00:00,12,6,WeeklySeasonal,4.5,58.833333333333336
test,2024-12-06 17:30:00+00:00,12,6,Climatology,6.0,58.916666666666664
test,2024-12-06 17:30:00+00:00,12,6,HistGradientBoosting,5.0,58.833333333333336
test,2024-12-06 17:30:00+00:00,12,6,RandomForest,4.5,58.833333333333336
test,2024-12-06 17:30:00+00:00,6,3,Immediate,0.0,106.0
test,2024-12-06 17:30:00+00:00,6,3,Oracle,3.0,58.166666666666664
test,2024-12-06 17:30:00+00:00,6,3,Persistence,0.0,106.0
test,2024-12-06 17:30:00+00:00,6,3,DailySeasonal,3.0,58.166666666666664
test,2024-12-06 17:30:00+00:00,6,3,WeeklySeasonal,3.0,58.166666666666664
test,2024-12-06 17:30:00+00:00,6,3,Climatology,3.0,58.166666666666664
test,2024-12-06 17:30:00+00:00,6,3,HistGradientBoosting,3.0,58.166666666666664
test,2024-12-06 17:30:00+00:00,6,3,RandomForest,3.0,58.166666666666664
test,2024-12-06 17:30:00+00:00,24,3,Immediate,0.0,106.0
test,2024-12-06 17:30:00+00:00,24,3,Oracle,10.0,56.333333333333336
test,2024-12-06 17:30:00+00:00,24,3,Persistence,0.0,106.0
test,2024-12-06 17:30:00+00:00,24,3,DailySeasonal,3.5,57.333333333333336
test,2024-12-06 17:30:00+00:00,24,3,WeeklySeasonal,4.5,56.833333333333336
test,2024-12-06 17:30:00+00:00,24,3,Climatology,17.0,103.83333333333333
test,2024-12-06 17:30:00+00:00,24,3,HistGradientBoosting,5.5,57.833333333333336
test,2024-12-06 17:30:00+00:00,24,3,RandomForest,5.5,57.833333333333336
test,2024-12-07 17:30:00+00:00,12,1,Immediate,0.0,80.0
test,2024-12-07 17:30:00+00:00,12,1,Oracle,7.0,54.5
test,2024-12-07 17:30:00+00:00,12,1,Persistence,0.0,80.0
test,2024-12-07 17:30:00+00:00,12,1,DailySeasonal,4.5,60.5
test,2024-12-07 17:30:00+00:00,12,1,WeeklySeasonal,10.5,55.0
test,2024-12-07 17:30:00+00:00,12,1,Climatology,9.0,58.5
test,2024-12-07 17:30:00+00:00,12,1,HistGradientBoosting,5.0,57.5
test,2024-12-07 17:30:00+00:00,12,1,RandomForest,6.0,59.0
test,2024-12-07 17:30:00+00:00,12,3,Immediate,0.0,73.5
test,2024-12-07 17:30:00+00:00,12,3,Oracle,6.5,56.666666666666664
test,2024-12-07 17:30:00+00:00,12,3,Persistence,0.0,73.5
test,2024-12-07 17:30:00+00:00,12,3,DailySeasonal,4.5,58.5
test,2024-12-07 17:30:00+00:00,12,3,WeeklySeasonal,9.0,57.166666666666664
test,2024-12-07 17:30:00+00:00,12,3,Climatology,9.0,57.166666666666664
test,2024-12-07 17:30:00+00:00,12,3,HistGradientBoosting,3.0,61.0
test,2024-12-07 17:30:00+00:00,12,3,RandomForest,4.5,58.5
test,2024-12-07 17:30:00+00:00,12,6,Immediate,0.0,67.25
test,2024-12-07 17:30:00+00:00,12,6,Oracle,5.5,57.083333333333336
test,2024-12-07 17:30:00+00:00,12,6,Persistence,0.0,67.25
test,2024-12-07 17:30:00+00:00,12,6,DailySeasonal,3.5,58.416666666666664
test,2024-12-07 17:30:00+00:00,12,6,WeeklySeasonal,6.0,57.166666666666664
test,2024-12-07 17:30:00+00:00,12,6,Climatology,6.0,57.166666666666664
test,2024-12-07 17:30:00+00:00,12,6,HistGradientBoosting,1.5,62.166666666666664
test,2024-12-07 17:30:00+00:00,12,6,RandomForest,2.0,60.583333333333336
test,2024-12-07 17:30:00+00:00,6,3,Immediate,0.0,73.5
test,2024-12-07 17:30:00+00:00,6,3,Oracle,3.0,61.0
test,2024-12-07 17:30:00+00:00,6,3,Persistence,0.0,73.5
test,2024-12-07 17:30:00+00:00,6,3,DailySeasonal,3.0,61.0
test,2024-12-07 17:30:00+00:00,6,3,WeeklySeasonal,3.0,61.0
test,2024-12-07 17:30:00+00:00,6,3,Climatology,3.0,61.0
test,2024-12-07 17:30:00+00:00,6,3,HistGradientBoosting,3.0,61.0
test,2024-12-07 17:30:00+00:00,6,3,RandomForest,2.5,62.666666666666664
test,2024-12-07 17:30:00+00:00,24,3,Immediate,0.0,73.5
test,2024-12-07 17:30:00+00:00,24,3,Oracle,10.5,56.166666666666664
test,2024-12-07 17:30:00+00:00,24,3,Persistence,0.0,73.5
test,2024-12-07 17:30:00+00:00,24,3,DailySeasonal,10.0,56.333333333333336
test,2024-12-07 17:30:00+00:00,24,3,WeeklySeasonal,9.0,57.166666666666664
test,2024-12-07 17:30:00+00:00,24,3,Climatology,16.0,62.0
test,2024-12-07 17:30:00+00:00,24,3,HistGradientBoosting,3.0,61.0
test,2024-12-07 17:30:00+00:00,24,3,RandomForest,4.5,58.5
test,2024-12-08 17:30:00+00:00,12,1,Immediate,0.0,94.5
test,2024-12-08 17:30:00+00:00,12,1,Oracle,5.5,48.0
test,2024-12-08 17:30:00+00:00,12,1,Persistence,0.0,94.5
test,2024-12-08 17:30:00+00:00,12,1,DailySeasonal,7.0,50.0
test,2024-12-08 17:30:00+00:00,12,1,WeeklySeasonal,10.0,57.5
test,2024-12-08 17:30:00+00:00,12,1,Climatology,5.0,48.5
test,2024-12-08 17:30:00+00:00,12,1,HistGradientBoosting,3.0,54.5
test,2024-12-08 17:30:00+00:00,12,1,RandomForest,3.5,53.0
test,2024-12-08 17:30:00+00:00,12,3,Immediate,0.0,83.5
test,2024-12-08 17:30:00+00:00,12,3,Oracle,4.5,49.0
test,2024-12-08 17:30:00+00:00,12,3,Persistence,0.0,83.5
test,2024-12-08 17:30:00+00:00,12,3,DailySeasonal,6.5,50.5
test,2024-12-08 17:30:00+00:00,12,3,WeeklySeasonal,3.5,50.166666666666664
test,2024-12-08 17:30:00+00:00,12,3,Climatology,5.0,49.166666666666664
test,2024-12-08 17:30:00+00:00,12,3,HistGradientBoosting,2.5,53.833333333333336
test,2024-12-08 17:30:00+00:00,12,3,RandomForest,3.0,51.333333333333336
test,2024-12-08 17:30:00+00:00,12,6,Immediate,0.0,67.41666666666667
test,2024-12-08 17:30:00+00:00,12,6,Oracle,3.5,50.333333333333336
test,2024-12-08 17:30:00+00:00,12,6,Persistence,0.0,67.41666666666667
test,2024-12-08 17:30:00+00:00,12,6,DailySeasonal,5.5,52.916666666666664
test,2024-12-08 17:30:00+00:00,12,6,WeeklySeasonal,5.0,51.416666666666664
test,2024-12-08 17:30:00+00:00,12,6,Climatology,4.0,50.333333333333336
test,2024-12-08 17:30:00+00:00,12,6,HistGradientBoosting,1.5,56.416666666666664
test,2024-12-08 17:30:00+00:00,12,6,RandomForest,2.0,53.75
test,2024-12-08 17:30:00+00:00,6,3,Immediate,0.0,83.5
test,2024-12-08 17:30:00+00:00,6,3,Oracle,3.0,51.333333333333336
test,2024-12-08 17:30:00+00:00,6,3,Persistence,0.0,83.5
test,2024-12-08 17:30:00+00:00,6,3,DailySeasonal,3.0,51.333333333333336
test,2024-12-08 17:30:00+00:00,6,3,WeeklySeasonal,3.0,51.333333333333336
test,2024-12-08 17:30:00+00:00,6,3,Climatology,3.0,51.333333333333336
test,2024-12-08 17:30:00+00:00,6,3,HistGradientBoosting,2.5,53.833333333333336
test,2024-12-08 17:30:00+00:00,6,3,RandomForest,3.0,51.333333333333336
test,2024-12-08 17:30:00+00:00,24,3,Immediate,0.0,83.5
test,2024-12-08 17:30:00+00:00,24,3,Oracle,4.5,49.0
test,2024-12-08 17:30:00+00:00,24,3,Persistence,0.0,83.5
test,2024-12-08 17:30:00+00:00,24,3,DailySeasonal,10.5,102.5
test,2024-12-08 17:30:00+00:00,24,3,WeeklySeasonal,3.5,50.166666666666664
test,2024-12-08 17:30:00+00:00,24,3,Climatology,5.0,49.166666666666664
test,2024-12-08 17:30:00+00:00,24,3,HistGradientBoosting,2.5,53.833333333333336
test,2024-12-08 17:30:00+00:00,24,3,RandomForest,3.0,51.333333333333336
test,2024-12-09 17:30:00+00:00,12,1,Immediate,0.0,180.5
test,2024-12-09 17:30:00+00:00,12,1,Oracle,8.5,102.0
test,2024-12-09 17:30:00+00:00,12,1,Persistence,0.0,180.5
test,2024-12-09 17:30:00+00:00,12,1,DailySeasonal,5.5,108.5
test,2024-12-09 17:30:00+00:00,12,1,WeeklySeasonal,4.5,105.5
test,2024-12-09 17:30:00+00:00,12,1,Climatology,5.0,105.0
test,2024-12-09 17:30:00+00:00,12,1,HistGradientBoosting,5.0,105.0
test,2024-12-09 17:30:00+00:00,12,1,RandomForest,9.0,103.5
test,2024-12-09 17:30:00+00:00,12,3,Immediate,0.0,171.83333333333334
test,2024-12-09 17:30:00+00:00,12,3,Oracle,7.5,104.5
test,2024-12-09 17:30:00+00:00,12,3,Persistence,0.0,171.83333333333334
test,2024-12-09 17:30:00+00:00,12,3,DailySeasonal,4.5,107.83333333333333
test,2024-12-09 17:30:00+00:00,12,3,WeeklySeasonal,4.0,110.33333333333333
test,2024-12-09 17:30:00+00:00,12,3,Climatology,5.0,107.66666666666667
test,2024-12-09 17:30:00+00:00,12,3,HistGradientBoosting,4.5,107.83333333333333
test,2024-12-09 17:30:00+00:00,12,3,RandomForest,7.0,104.66666666666667
test,2024-12-09 17:30:00+00:00,12,6,Immediate,0.0,146.33333333333334
test,2024-12-09 17:30:00+00:00,12,6,Oracle,4.5,106.16666666666667
test,2024-12-09 17:30:00+00:00,12,6,Persistence,0.0,146.33333333333334
test,2024-12-09 17:30:00+00:00,12,6,DailySeasonal,3.5,110.25
test,2024-12-09 17:30:00+00:00,12,6,WeeklySeasonal,3.0,114.0
test,2024-12-09 17:30:00+00:00,12,6,Climatology,4.0,107.5
test,2024-12-09 17:30:00+00:00,12,6,HistGradientBoosting,4.5,106.16666666666667
test,2024-12-09 17:30:00+00:00,12,6,RandomForest,4.5,106.16666666666667
test,2024-12-09 17:30:00+00:00,6,3,Immediate,0.0,171.83333333333334
test,2024-12-09 17:30:00+00:00,6,3,Oracle,3.0,120.83333333333333
test,2024-12-09 17:30:00+00:00,6,3,Persistence,0.0,171.83333333333334
test,2024-12-09 17:30:00+00:00,6,3,DailySeasonal,3.0,120.83333333333333
test,2024-12-09 17:30:00+00:00,6,3,WeeklySeasonal,3.0,120.83333333333333
test,2024-12-09 17:30:00+00:00,6,3,Climatology,3.0,120.83333333333333
test,2024-12-09 17:30:00+00:00,6,3,HistGradientBoosting,3.0,120.83333333333333
test,2024-12-09 17:30:00+00:00,6,3,RandomForest,3.0,120.83333333333333
test,2024-12-09 17:30:00+00:00,24,3,Immediate,0.0,171.83333333333334
test,2024-12-09 17:30:00+00:00,24,3,Oracle,7.5,104.5
test,2024-12-09 17:30:00+00:00,24,3,Persistence,0.0,171.83333333333334
test,2024-12-09 17:30:00+00:00,24,3,DailySeasonal,4.5,107.83333333333333
test,2024-12-09 17:30:00+00:00,24,3,WeeklySeasonal,4.0,110.33333333333333
test,2024-12-09 17:30:00+00:00,24,3,Climatology,5.0,107.66666666666667
test,2024-12-09 17:30:00+00:00,24,3,HistGradientBoosting,4.5,107.83333333333333
test,2024-12-09 17:30:00+00:00,24,3,RandomForest,7.0,104.66666666666667
test,2024-12-10 17:30:00+00:00,12,1,Immediate,0.0,223.0
test,2024-12-10 17:30:00+00:00,12,1,Oracle,0.0,223.0
test,2024-12-10 17:30:00+00:00,12,1,Persistence,0.0,223.0
test,2024-12-10 17:30:00+00:00,12,1,DailySeasonal,8.5,248.5
test,2024-12-10 17:30:00+00:00,12,1,WeeklySeasonal,7.5,248.5
test,2024-12-10 17:30:00+00:00,12,1,Climatology,7.5,248.5
test,2024-12-10 17:30:00+00:00,12,1,HistGradientBoosting,10.0,255.0
test,2024-12-10 17:30:00+00:00,12,1,RandomForest,9.5,251.0
test,2024-12-10 17:30:00+00:00,12,3,Immediate,0.0,227.33333333333334
test,2024-12-10 17:30:00+00:00,12,3,Oracle,0.0,227.33333333333334
test,2024-12-10 17:30:00+00:00,12,3,Persistence,0.0,227.33333333333334
test,2024-12-10 17:30:00+00:00,12,3,DailySeasonal,7.5,249.33333333333334
test,2024-12-10 17:30:00+00:00,12,3,WeeklySeasonal,6.5,248.33333333333334
test,2024-12-10 17:30:00+00:00,12,3,Climatology,7.0,248.66666666666666
test,2024-12-10 17:30:00+00:00,12,3,HistGradientBoosting,8.0,251.16666666666666
test,2024-12-10 17:30:00+00:00,12,3,RandomForest,8.5,253.66666666666666
test,2024-12-10 17:30:00+00:00,12,6,Immediate,0.0,235.83333333333334
test,2024-12-10 17:30:00+00:00,12,6,Oracle,0.0,235.83333333333334
test,2024-12-10 17:30:00+00:00,12,6,Persistence,0.0,235.83333333333334
test,2024-12-10 17:30:00+00:00,12,6,DailySeasonal,4.5,248.41666666666666
test,2024-12-10 17:30:00+00:00,12,6,WeeklySeasonal,4.5,248.41666666666666
test,2024-12-10 17:30:00+00:00,12,6,Climatology,5.0,249.58333333333334
test,2024-12-10 17:30:00+00:00,12,6,HistGradientBoosting,5.0,249.58333333333334
test,2024-12-10 17:30:00+00:00,12,6,RandomForest,5.5,251.08333333333334
test,2024-12-10 17:30:00+00:00,6,3,Immediate,0.0,227.33333333333334
test,2024-12-10 17:30:00+00:00,6,3,Oracle,0.0,227.33333333333334
test,2024-12-10 17:30:00+00:00,6,3,Persistence,0.0,227.33333333333334
test,2024-12-10 17:30:00+00:00,6,3,DailySeasonal,3.0,244.33333333333334
test,2024-12-10 17:30:00+00:00,6,3,WeeklySeasonal,3.0,244.33333333333334
test,2024-12-10 17:30:00+00:00,6,3,Climatology,3.0,244.33333333333334
test,2024-12-10 17:30:00+00:00,6,3,HistGradientBoosting,3.0,244.33333333333334
test,2024-12-10 17:30:00+00:00,6,3,RandomForest,3.0,244.33333333333334
test,2024-12-10 17:30:00+00:00,24,3,Immediate,0.0,227.33333333333334
test,2024-12-10 17:30:00+00:00,24,3,Oracle,0.0,227.33333333333334
test,2024-12-10 17:30:00+00:00,24,3,Persistence,0.0,227.33333333333334
test,2024-12-10 17:30:00+00:00,24,3,DailySeasonal,7.5,249.33333333333334
test,2024-12-10 17:30:00+00:00,24,3,WeeklySeasonal,6.5,248.33333333333334
test,2024-12-10 17:30:00+00:00,24,3,Climatology,17.0,265.0
test,2024-12-10 17:30:00+00:00,24,3,HistGradientBoosting,8.0,251.16666666666666
test,2024-12-10 17:30:00+00:00,24,3,RandomForest,8.5,253.66666666666666
test,2024-12-11 17:30:00+00:00,12,1,Immediate,0.0,265.0
test,2024-12-11 17:30:00+00:00,12,1,Oracle,0.0,265.0
test,2024-12-11 17:30:00+00:00,12,1,Persistence,0.0,265.0
test,2024-12-11 17:30:00+00:00,12,1,DailySeasonal,0.0,265.0
test,2024-12-11 17:30:00+00:00,12,1,WeeklySeasonal,8.5,285.0
test,2024-12-11 17:30:00+00:00,12,1,Climatology,7.5,283.5
test,2024-12-11 17:30:00+00:00,12,1,HistGradientBoosting,9.5,290.5
test,2024-12-11 17:30:00+00:00,12,1,RandomForest,5.0,284.0
test,2024-12-11 17:30:00+00:00,12,3,Immediate,0.0,267.5
test,2024-12-11 17:30:00+00:00,12,3,Oracle,0.0,267.5
test,2024-12-11 17:30:00+00:00,12,3,Persistence,0.0,267.5
test,2024-12-11 17:30:00+00:00,12,3,DailySeasonal,0.0,267.5
test,2024-12-11 17:30:00+00:00,12,3,WeeklySeasonal,8.5,290.8333333333333
test,2024-12-11 17:30:00+00:00,12,3,Climatology,5.5,283.6666666666667
test,2024-12-11 17:30:00+00:00,12,3,HistGradientBoosting,8.5,290.8333333333333
test,2024-12-11 17:30:00+00:00,12,3,RandomForest,4.5,283.8333333333333
test,2024-12-11 17:30:00+00:00,12,6,Immediate,0.0,274.25
test,2024-12-11 17:30:00+00:00,12,6,Oracle,0.0,274.25
test,2024-12-11 17:30:00+00:00,12,6,Persistence,0.0,274.25
test,2024-12-11 17:30:00+00:00,12,6,DailySeasonal,0.0,274.25
test,2024-12-11 17:30:00+00:00,12,6,WeeklySeasonal,5.5,287.25
test,2024-12-11 17:30:00+00:00,12,6,Climatology,4.0,284.25
test,2024-12-11 17:30:00+00:00,12,6,HistGradientBoosting,6.0,288.5
test,2024-12-11 17:30:00+00:00,12,6,RandomForest,4.0,284.25
test,2024-12-11 17:30:00+00:00,6,3,Immediate,0.0,267.5
test,2024-12-11 17:30:00+00:00,6,3,Oracle,0.0,267.5
test,2024-12-11 17:30:00+00:00,6,3,Persistence,0.0,267.5
test,2024-12-11 17:30:00+00:00,6,3,DailySeasonal,0.0,267.5
test,2024-12-11 17:30:00+00:00,6,3,WeeklySeasonal,3.0,281.0
test,2024-12-11 17:30:00+00:00,6,3,Climatology,3.0,281.0
test,2024-12-11 17:30:00+00:00,6,3,HistGradientBoosting,3.0,281.0
test,2024-12-11 17:30:00+00:00,6,3,RandomForest,3.0,281.0
test,2024-12-11 17:30:00+00:00,24,3,Immediate,0.0,267.5
test,2024-12-11 17:30:00+00:00,24,3,Oracle,21.0,267.0
test,2024-12-11 17:30:00+00:00,24,3,Persistence,0.0,267.5
test,2024-12-11 17:30:00+00:00,24,3,DailySeasonal,0.0,267.5
test,2024-12-11 17:30:00+00:00,24,3,WeeklySeasonal,8.5,290.8333333333333
test,2024-12-11 17:30:00+00:00,24,3,Climatology,5.5,283.6666666666667
test,2024-12-11 17:30:00+00:00,24,3,HistGradientBoosting,21.0,267.0
test,2024-12-11 17:30:00+00:00,24,3,RandomForest,18.0,274.1666666666667
test,2024-12-12 17:30:00+00:00,12,1,Immediate,0.0,263.5
test,2024-12-12 17:30:00+00:00,12,1,Oracle,1.5,263.0
test,2024-12-12 17:30:00+00:00,12,1,Persistence,0.0,263.5
test,2024-12-12 17:30:00+00:00,12,1,DailySeasonal,0.0,263.5
test,2024-12-12 17:30:00+00:00,12,1,WeeklySeasonal,4.5,282.5
test,2024-12-12 17:30:00+00:00,12,1,Climatology,7.5,276.5
test,2024-12-12 17:30:00+00:00,12,1,HistGradientBoosting,7.0,278.0
test,2024-12-12 17:30:00+00:00,12,1,RandomForest,10.0,284.0
test,2024-12-12 17:30:00+00:00,12,3,Immediate,0.0,264.6666666666667
test,2024-12-12 17:30:00+00:00,12,3,Oracle,0.0,264.6666666666667
test,2024-12-12 17:30:00+00:00,12,3,Persistence,0.0,264.6666666666667
test,2024-12-12 17:30:00+00:00,12,3,DailySeasonal,0.0,264.6666666666667
test,2024-12-12 17:30:00+00:00,12,3,WeeklySeasonal,3.5,280.6666666666667
test,2024-12-12 17:30:00+00:00,12,3,Climatology,6.5,277.3333333333333
test,2024-12-12 17:30:00+00:00,12,3,HistGradientBoosting,7.0,277.5
test,2024-12-12 17:30:00+00:00,12,3,RandomForest,7.5,277.8333333333333
test,2024-12-12 17:30:00+00:00,12,6,Immediate,0.0,271.75
test,2024-12-12 17:30:00+00:00,12,6,Oracle,0.0,271.75
test,2024-12-12 17:30:00+00:00,12,6,Persistence,0.0,271.75
test,2024-12-12 17:30:00+00:00,12,6,DailySeasonal,0.0,271.75
test,2024-12-12 17:30:00+00:00,12,6,WeeklySeasonal,4.0,278.9166666666667
test,2024-12-12 17:30:00+00:00,12,6,Climatology,4.5,279.0
test,2024-12-12 17:30:00+00:00,12,6,HistGradientBoosting,6.0,281.75
test,2024-12-12 17:30:00+00:00,12,6,RandomForest,5.5,280.3333333333333
test,2024-12-12 17:30:00+00:00,6,3,Immediate,0.0,264.6666666666667
test,2024-12-12 17:30:00+00:00,6,3,Oracle,0.0,264.6666666666667
test,2024-12-12 17:30:00+00:00,6,3,Persistence,0.0,264.6666666666667
test,2024-12-12 17:30:00+00:00,6,3,DailySeasonal,0.0,264.6666666666667
test,2024-12-12 17:30:00+00:00,6,3,WeeklySeasonal,3.0,278.8333333333333
test,2024-12-12 17:30:00+00:00,6,3,Climatology,3.0,278.8333333333333
test,2024-12-12 17:30:00+00:00,6,3,HistGradientBoosting,0.5,266.0
test,2024-12-12 17:30:00+00:00,6,3,RandomForest,0.0,264.6666666666667
test,2024-12-12 17:30:00+00:00,24,3,Immediate,0.0,264.6666666666667
test,2024-12-12 17:30:00+00:00,24,3,Oracle,0.0,264.6666666666667
test,2024-12-12 17:30:00+00:00,24,3,Persistence,0.0,264.6666666666667
test,2024-12-12 17:30:00+00:00,24,3,DailySeasonal,21.0,272.6666666666667
test,2024-12-12 17:30:00+00:00,24,3,WeeklySeasonal,3.5,280.6666666666667
test,2024-12-12 17:30:00+00:00,24,3,Climatology,17.0,273.6666666666667
test,2024-12-12 17:30:00+00:00,24,3,HistGradientBoosting,20.0,276.5
test,2024-12-12 17:30:00+00:00,24,3,RandomForest,18.0,275.6666666666667
test,2024-12-13 17:30:00+00:00,12,1,Immediate,0.0,265.0
test,2024-12-13 17:30:00+00:00,12,1,Oracle,9.5,148.0
test,2024-12-13 17:30:00+00:00,12,1,Persistence,0.0,265.0
test,2024-12-13 17:30:00+00:00,12,1,DailySeasonal,1.5,255.5
test,2024-12-13 17:30:00+00:00,12,1,WeeklySeasonal,4.5,213.5
test,2024-12-13 17:30:00+00:00,12,1,Climatology,7.5,167.5
test,2024-12-13 17:30:00+00:00,12,1,HistGradientBoosting,10.0,151.0
test,2024-12-13 17:30:00+00:00,12,1,RandomForest,10.5,156.0
test,2024-12-13 17:30:00+00:00,12,3,Immediate,0.0,258.6666666666667
test,2024-12-13 17:30:00+00:00,12,3,Oracle,8.5,152.0
test,2024-12-13 17:30:00+00:00,12,3,Persistence,0.0,258.6666666666667
test,2024-12-13 17:30:00+00:00,12,3,DailySeasonal,0.0,258.6666666666667
test,2024-12-13 17:30:00+00:00,12,3,WeeklySeasonal,4.5,195.16666666666666
test,2024-12-13 17:30:00+00:00,12,3,Climatology,7.0,159.83333333333334
test,2024-12-13 17:30:00+00:00,12,3,HistGradientBoosting,9.0,153.83333333333334
test,2024-12-13 17:30:00+00:00,12,3,RandomForest,9.0,153.83333333333334
test,2024-12-13 17:30:00+00:00,12,6,Immediate,0.0,243.83333333333334
test,2024-12-13 17:30:00+00:00,12,6,Oracle,6.0,163.16666666666666
test,2024-12-13 17:30:00+00:00,12,6,Persistence,0.0,243.83333333333334
test,2024-12-13 17:30:00+00:00,12,6,DailySeasonal,0.0,243.83333333333334
test,2024-12-13 17:30:00+00:00,12,6,WeeklySeasonal,3.5,192.33333333333334
test,2024-12-13 17:30:00+00:00,12,6,Climatology,6.0,163.16666666666666
test,2024-12-13 17:30:00+00:00,12,6,HistGradientBoosting,6.0,163.16666666666666
test,2024-12-13 17:30:00+00:00,12,6,RandomForest,6.0,163.16666666666666
test,2024-12-13 17:30:00+00:00,6,3,Immediate,0.0,258.6666666666667
test,2024-12-13 17:30:00+00:00,6,3,Oracle,3.0,229.0
test,2024-12-13 17:30:00+00:00,6,3,Persistence,0.0,258.6666666666667
test,2024-12-13 17:30:00+00:00,6,3,DailySeasonal,0.0,258.6666666666667
test,2024-12-13 17:30:00+00:00,6,3,WeeklySeasonal,3.0,229.0
test,2024-12-13 17:30:00+00:00,6,3,Climatology,3.0,229.0
test,2024-12-13 17:30:00+00:00,6,3,HistGradientBoosting,3.0,229.0
test,2024-12-13 17:30:00+00:00,6,3,RandomForest,3.0,229.0
test,2024-12-13 17:30:00+00:00,24,3,Immediate,0.0,258.6666666666667
test,2024-12-13 17:30:00+00:00,24,3,Oracle,17.0,135.5
test,2024-12-13 17:30:00+00:00,24,3,Persistence,0.0,258.6666666666667
test,2024-12-13 17:30:00+00:00,24,3,DailySeasonal,0.0,258.6666666666667
test,2024-12-13 17:30:00+00:00,24,3,WeeklySeasonal,10.0,160.0
test,2024-12-13 17:30:00+00:00,24,3,Climatology,17.0,135.5
test,2024-12-13 17:30:00+00:00,24,3,HistGradientBoosting,18.5,144.16666666666666
test,2024-12-13 17:30:00+00:00,24,3,RandomForest,17.5,136.83333333333334
test,2024-12-14 17:30:00+00:00,12,1,Immediate,0.0,133.5
test,2024-12-14 17:30:00+00:00,12,1,Oracle,9.0,49.0
test,2024-12-14 17:30:00+00:00,12,1,Persistence,0.0,133.5
test,2024-12-14 17:30:00+00:00,12,1,DailySeasonal,9.5,50.0
test,2024-12-14 17:30:00+00:00,12,1,WeeklySeasonal,7.0,54.0
test,2024-12-14 17:30:00+00:00,12,1,Climatology,9.0,49.0
test,2024-12-14 17:30:00+00:00,12,1,HistGradientBoosting,4.5,53.0
test,2024-12-14 17:30:00+00:00,12,1,RandomForest,5.0,51.0
test,2024-12-14 17:30:00+00:00,12,3,Immediate,0.0,114.66666666666667
test,2024-12-14 17:30:00+00:00,12,3,Oracle,7.5,50.666666666666664
test,2024-12-14 17:30:00+00:00,12,3,Persistence,0.0,114.66666666666667
test,2024-12-14 17:30:00+00:00,12,3,DailySeasonal,8.5,52.0
test,2024-12-14 17:30:00+00:00,12,3,WeeklySeasonal,6.5,52.833333333333336
test,2024-12-14 17:30:00+00:00,12,3,Climatology,9.0,53.166666666666664
test,2024-12-14 17:30:00+00:00,12,3,HistGradientBoosting,4.5,54.666666666666664
test,2024-12-14 17:30:00+00:00,12,3,RandomForest,3.5,62.0
test,2024-12-14 17:30:00+00:00,12,6,Immediate,0.0,91.08333333333333
test,2024-12-14 17:30:00+00:00,12,6,Oracle,5.0,52.5
test,2024-12-14 17:30:00+00:00,12,6,Persistence,0.0,91.08333333333333
test,2024-12-14 17:30:00+00:00,12,6,DailySeasonal,6.0,53.666666666666664
test,2024-12-14 17:30:00+00:00,12,6,WeeklySeasonal,5.5,53.166666666666664
test,2024-12-14 17:30:00+00:00,12,6,Climatology,6.0,53.666666666666664
test,2024-12-14 17:30:00+00:00,12,6,HistGradientBoosting,3.5,57.416666666666664
test,2024-12-14 17:30:00+00:00,12,6,RandomForest,2.0,68.33333333333333
test,2024-12-14 17:30:00+00:00,6,3,Immediate,0.0,114.66666666666667
test,2024-12-14 17:30:00+00:00,6,3,Oracle,3.0,67.5
test,2024-12-14 17:30:00+00:00,6,3,Persistence,0.0,114.66666666666667
test,2024-12-14 17:30:00+00:00,6,3,DailySeasonal,3.0,67.5
test,2024-12-14 17:30:00+00:00,6,3,WeeklySeasonal,3.0,67.5
test,2024-12-14 17:30:00+00:00,6,3,Climatology,3.0,67.5
test,2024-12-14 17:30:00+00:00,6,3,HistGradientBoosting,3.0,67.5
test,2024-12-14 17:30:00+00:00,6,3,RandomForest,3.0,67.5
test,2024-12-14 17:30:00+00:00,24,3,Immediate,0.0,114.66666666666667
test,2024-12-14 17:30:00+00:00,24,3,Oracle,7.5,50.666666666666664
test,2024-12-14 17:30:00+00:00,24,3,Persistence,0.0,114.66666666666667
test,2024-12-14 17:30:00+00:00,24,3,DailySeasonal,17.0,58.166666666666664
test,2024-12-14 17:30:00+00:00,24,3,WeeklySeasonal,10.5,60.666666666666664
test,2024-12-14 17:30:00+00:00,24,3,Climatology,16.0,60.166666666666664
test,2024-12-14 17:30:00+00:00,24,3,HistGradientBoosting,4.5,54.666666666666664
test,2024-12-14 17:30:00+00:00,24,3,RandomForest,3.5,62.0
test,2024-12-15 17:30:00+00:00,12,1,Immediate,0.0,67.0
test,2024-12-15 17:30:00+00:00,12,1,Oracle,9.5,45.0
test,2024-12-15 17:30:00+00:00,12,1,Persistence,0.0,67.0
test,2024-12-15 17:30:00+00:00,12,1,DailySeasonal,9.0,46.5
test,2024-12-15 17:30:00+00:00,12,1,WeeklySeasonal,5.5,55.0
test,2024-12-15 17:30:00+00:00,12,1,Climatology,5.0,54.5
test,2024-12-15 17:30:00+00:00,12,1,HistGradientBoosting,4.5,54.0
test,2024-12-15 17:30:00+00:00,12,1,RandomForest,4.0,52.0
test,2024-12-15 17:30:00+00:00,12,3,Immediate,0.0,62.166666666666664
test,2024-12-15 17:30:00+00:00,12,3,Oracle,8.0,47.333333333333336
test,2024-12-15 17:30:00+00:00,12,3,Persistence,0.0,62.166666666666664
test,2024-12-15 17:30:00+00:00,12,3,DailySeasonal,7.5,47.5
test,2024-12-15 17:30:00+00:00,12,3,WeeklySeasonal,4.5,54.333333333333336
test,2024-12-15 17:30:00+00:00,12,3,Climatology,5.0,53.666666666666664
test,2024-12-15 17:30:00+00:00,12,3,HistGradientBoosting,3.0,53.833333333333336
test,2024-12-15 17:30:00+00:00,12,3,RandomForest,3.0,53.833333333333336
test,2024-12-15 17:30:00+00:00,12,6,Immediate,0.0,58.0
test,2024-12-15 17:30:00+00:00,12,6,Oracle,5.0,50.5
test,2024-12-15 17:30:00+00:00,12,6,Persistence,0.0,58.0
test,2024-12-15 17:30:00+00:00,12,6,DailySeasonal,5.0,50.5
test,2024-12-15 17:30:00+00:00,12,6,WeeklySeasonal,3.5,52.25
test,2024-12-15 17:30:00+00:00,12,6,Climatology,4.0,51.333333333333336
test,2024-12-15 17:30:00+00:00,12,6,HistGradientBoosting,1.5,55.166666666666664
test,2024-12-15 17:30:00+00:00,12,6,RandomForest,0.0,58.0
test,2024-12-15 17:30:00+00:00,6,3,Immediate,0.0,62.166666666666664
test,2024-12-15 17:30:00+00:00,6,3,Oracle,3.0,53.833333333333336
test,2024-12-15 17:30:00+00:00,6,3,Persistence,0.0,62.166666666666664
test,2024-12-15 17:30:00+00:00,6,3,DailySeasonal,3.0,53.833333333333336
test,2024-12-15 17:30:00+00:00,6,3,WeeklySeasonal,3.0,53.833333333333336
test,2024-12-15 17:30:00+00:00,6,3,Climatology,3.0,53.833333333333336
test,2024-12-15 17:30:00+00:00,6,3,HistGradientBoosting,3.0,53.833333333333336
test,2024-12-15 17:30:00+00:00,6,3,RandomForest,3.0,53.833333333333336
test,2024-12-15 17:30:00+00:00,24,3,Immediate,0.0,62.166666666666664
test,2024-12-15 17:30:00+00:00,24,3,Oracle,8.0,47.333333333333336
test,2024-12-15 17:30:00+00:00,24,3,Persistence,0.0,62.166666666666664
test,2024-12-15 17:30:00+00:00,24,3,DailySeasonal,7.5,47.5
test,2024-12-15 17:30:00+00:00,24,3,WeeklySeasonal,4.5,54.333333333333336
test,2024-12-15 17:30:00+00:00,24,3,Climatology,5.0,53.666666666666664
test,2024-12-15 17:30:00+00:00,24,3,HistGradientBoosting,3.0,53.833333333333336
test,2024-12-15 17:30:00+00:00,24,3,RandomForest,3.0,53.833333333333336
test,2024-12-16 17:30:00+00:00,12,1,Immediate,0.0,114.0
test,2024-12-16 17:30:00+00:00,12,1,Oracle,5.0,44.5
test,2024-12-16 17:30:00+00:00,12,1,Persistence,0.0,114.0
test,2024-12-16 17:30:00+00:00,12,1,DailySeasonal,9.5,64.0
test,2024-12-16 17:30:00+00:00,12,1,WeeklySeasonal,8.5,55.0
test,2024-12-16 17:30:00+00:00,12,1,Climatology,5.0,44.5
test,2024-12-16 17:30:00+00:00,12,1,HistGradientBoosting,4.0,52.5
test,2024-12-16 17:30:00+00:00,12,1,RandomForest,3.5,64.5
test,2024-12-16 17:30:00+00:00,12,3,Immediate,0.0,104.5
test,2024-12-16 17:30:00+00:00,12,3,Oracle,4.5,46.5
test,2024-12-16 17:30:00+00:00,12,3,Persistence,0.0,104.5
test,2024-12-16 17:30:00+00:00,12,3,DailySeasonal,8.0,61.5
test,2024-12-16 17:30:00+00:00,12,3,WeeklySeasonal,7.5,56.5
test,2024-12-16 17:30:00+00:00,12,3,Climatology,5.0,47.0
test,2024-12-16 17:30:00+00:00,12,3,HistGradientBoosting,3.5,52.0
test,2024-12-16 17:30:00+00:00,12,3,RandomForest,3.0,57.833333333333336
test,2024-12-16 17:30:00+00:00,12,6,Immediate,0.0,81.16666666666667
test,2024-12-16 17:30:00+00:00,12,6,Oracle,4.0,50.75
test,2024-12-16 17:30:00+00:00,12,6,Persistence,0.0,81.16666666666667
test,2024-12-16 17:30:00+00:00,12,6,DailySeasonal,5.0,54.25
test,2024-12-16 17:30:00+00:00,12,6,WeeklySeasonal,4.5,51.5
test,2024-12-16 17:30:00+00:00,12,6,Climatology,4.0,50.75
test,2024-12-16 17:30:00+00:00,12,6,HistGradientBoosting,3.5,51.583333333333336
test,2024-12-16 17:30:00+00:00,12,6,RandomForest,2.5,56.75
test,2024-12-16 17:30:00+00:00,6,3,Immediate,0.0,104.5
test,2024-12-16 17:30:00+00:00,6,3,Oracle,3.0,57.833333333333336
test,2024-12-16 17:30:00+00:00,6,3,Persistence,0.0,104.5
test,2024-12-16 17:30:00+00:00,6,3,DailySeasonal,3.0,57.833333333333336
test,2024-12-16 17:30:00+00:00,6,3,WeeklySeasonal,3.0,57.833333333333336
test,2024-12-16 17:30:00+00:00,6,3,Climatology,3.0,57.833333333333336
test,2024-12-16 17:30:00+00:00,6,3,HistGradientBoosting,3.0,57.833333333333336
test,2024-12-16 17:30:00+00:00,6,3,RandomForest,3.0,57.833333333333336
test,2024-12-16 17:30:00+00:00,24,3,Immediate,0.0,104.5
test,2024-12-16 17:30:00+00:00,24,3,Oracle,4.5,46.5
test,2024-12-16 17:30:00+00:00,24,3,Persistence,0.0,104.5
test,2024-12-16 17:30:00+00:00,24,3,DailySeasonal,8.0,61.5
test,2024-12-16 17:30:00+00:00,24,3,WeeklySeasonal,7.5,56.5
test,2024-12-16 17:30:00+00:00,24,3,Climatology,5.0,47.0
test,2024-12-16 17:30:00+00:00,24,3,HistGradientBoosting,3.5,52.0
test,2024-12-16 17:30:00+00:00,24,3,RandomForest,3.0,57.833333333333336
test,2024-12-17 17:30:00+00:00,12,1,Immediate,0.0,112.0
test,2024-12-17 17:30:00+00:00,12,1,Oracle,9.0,48.0
test,2024-12-17 17:30:00+00:00,12,1,Persistence,0.0,112.0
test,2024-12-17 17:30:00+00:00,12,1,DailySeasonal,5.0,63.0
test,2024-12-17 17:30:00+00:00,12,1,WeeklySeasonal,0.0,112.0
test,2024-12-17 17:30:00+00:00,12,1,Climatology,7.5,63.5
test,2024-12-17 17:30:00+00:00,12,1,HistGradientBoosting,6.0,65.5
test,2024-12-17 17:30:00+00:00,12,1,RandomForest,6.0,65.5
test,2024-12-17 17:30:00+00:00,12,3,Immediate,0.0,99.16666666666667
test,2024-12-17 17:30:00+00:00,12,3,Oracle,8.5,51.166666666666664
test,2024-12-17 17:30:00+00:00,12,3,Persistence,0.0,99.16666666666667
test,2024-12-17 17:30:00+00:00,12,3,DailySeasonal,4.5,64.83333333333333
test,2024-12-17 17:30:00+00:00,12,3,WeeklySeasonal,0.0,99.16666666666667
test,2024-12-17 17:30:00+00:00,12,3,Climatology,7.0,56.833333333333336
test,2024-12-17 17:30:00+00:00,12,3,HistGradientBoosting,4.0,65.83333333333333
test,2024-12-17 17:30:00+00:00,12,3,RandomForest,4.0,65.83333333333333
test,2024-12-17 17:30:00+00:00,12,6,Immediate,0.0,84.25
test,2024-12-17 17:30:00+00:00,12,6,Oracle,6.0,57.416666666666664
test,2024-12-17 17:30:00+00:00,12,6,Persistence,0.0,84.25
test,2024-12-17 17:30:00+00:00,12,6,DailySeasonal,4.0,61.333333333333336
test,2024-12-17 17:30:00+00:00,12,6,WeeklySeasonal,0.0,84.25
test,2024-12-17 17:30:00+00:00,12,6,Climatology,5.0,58.25
test,2024-12-17 17:30:00+00:00,12,6,HistGradientBoosting,3.0,66.0
test,2024-12-17 17:30:00+00:00,12,6,RandomForest,3.0,66.0
test,2024-12-17 17:30:00+00:00,6,3,Immediate,0.0,99.16666666666667
test,2024-12-17 17:30:00+00:00,6,3,Oracle,3.0,69.33333333333333
test,2024-12-17 17:30:00+00:00,6,3,Persistence,0.0,99.16666666666667
test,2024-12-17 17:30:00+00:00,6,3,DailySeasonal,3.0,69.33333333333333
test,2024-12-17 17:30:00+00:00,6,3,WeeklySeasonal,0.0,99.16666666666667
test,2024-12-17 17:30:00+00:00,6,3,Climatology,3.0,69.33333333333333
test,2024-12-17 17:30:00+00:00,6,3,HistGradientBoosting,3.0,69.33333333333333
test,2024-12-17 17:30:00+00:00,6,3,RandomForest,3.0,69.33333333333333
test,2024-12-17 17:30:00+00:00,24,3,Immediate,0.0,99.16666666666667
test,2024-12-17 17:30:00+00:00,24,3,Oracle,8.5,51.166666666666664
test,2024-12-17 17:30:00+00:00,24,3,Persistence,0.0,99.16666666666667
test,2024-12-17 17:30:00+00:00,24,3,DailySeasonal,4.5,64.83333333333333
test,2024-12-17 17:30:00+00:00,24,3,WeeklySeasonal,0.0,99.16666666666667
test,2024-12-17 17:30:00+00:00,24,3,Climatology,17.0,66.0
test,2024-12-17 17:30:00+00:00,24,3,HistGradientBoosting,4.0,65.83333333333333
test,2024-12-17 17:30:00+00:00,24,3,RandomForest,4.0,65.83333333333333
test,2024-12-18 17:30:00+00:00,12,1,Immediate,0.0,135.0
test,2024-12-18 17:30:00+00:00,12,1,Oracle,7.5,45.0
test,2024-12-18 17:30:00+00:00,12,1,Persistence,0.0,135.0
test,2024-12-18 17:30:00+00:00,12,1,DailySeasonal,9.0,46.0
test,2024-12-18 17:30:00+00:00,12,1,WeeklySeasonal,0.0,135.0
test,2024-12-18 17:30:00+00:00,12,1,Climatology,7.5,45.0
test,2024-12-18 17:30:00+00:00,12,1,HistGradientBoosting,7.0,46.0
test,2024-12-18 17:30:00+00:00,12,1,RandomForest,4.0,66.0
test,2024-12-18 17:30:00+00:00,12,3,Immediate,0.0,133.66666666666666
test,2024-12-18 17:30:00+00:00,12,3,Oracle,6.5,45.666666666666664
test,2024-12-18 17:30:00+00:00,12,3,Persistence,0.0,133.66666666666666
test,2024-12-18 17:30:00+00:00,12,3,DailySeasonal,8.5,47.833333333333336
test,2024-12-18 17:30:00+00:00,12,3,WeeklySeasonal,0.0,133.66666666666666
test,2024-12-18 17:30:00+00:00,12,3,Climatology,5.5,47.166666666666664
test,2024-12-18 17:30:00+00:00,12,3,HistGradientBoosting,6.0,46.5
test,2024-12-18 17:30:00+00:00,12,3,RandomForest,3.5,62.0
test,2024-12-18 17:30:00+00:00,12,6,Immediate,0.0,102.91666666666667
test,2024-12-18 17:30:00+00:00,12,6,Oracle,5.0,47.333333333333336
test,2024-12-18 17:30:00+00:00,12,6,Persistence,0.0,102.91666666666667
test,2024-12-18 17:30:00+00:00,12,6,DailySeasonal,6.0,47.916666666666664
test,2024-12-18 17:30:00+00:00,12,6,WeeklySeasonal,0.0,102.91666666666667
test,2024-12-18 17:30:00+00:00,12,6,Climatology,4.0,50.583333333333336
test,2024-12-18 17:30:00+00:00,12,6,HistGradientBoosting,4.0,50.583333333333336
test,2024-12-18 17:30:00+00:00,12,6,RandomForest,3.5,53.833333333333336
test,2024-12-18 17:30:00+00:00,6,3,Immediate,0.0,133.66666666666666
test,2024-12-18 17:30:00+00:00,6,3,Oracle,3.0,72.16666666666667
test,2024-12-18 17:30:00+00:00,6,3,Persistence,0.0,133.66666666666666
test,2024-12-18 17:30:00+00:00,6,3,DailySeasonal,3.0,72.16666666666667
test,2024-12-18 17:30:00+00:00,6,3,WeeklySeasonal,0.0,133.66666666666666
test,2024-12-18 17:30:00+00:00,6,3,Climatology,3.0,72.16666666666667
test,2024-12-18 17:30:00+00:00,6,3,HistGradientBoosting,3.0,72.16666666666667
test,2024-12-18 17:30:00+00:00,6,3,RandomForest,3.0,72.16666666666667
test,2024-12-18 17:30:00+00:00,24,3,Immediate,0.0,133.66666666666666
test,2024-12-18 17:30:00+00:00,24,3,Oracle,6.5,45.666666666666664
test,2024-12-18 17:30:00+00:00,24,3,Persistence,0.0,133.66666666666666
test,2024-12-18 17:30:00+00:00,24,3,DailySeasonal,8.5,47.833333333333336
test,2024-12-18 17:30:00+00:00,24,3,WeeklySeasonal,21.0,98.83333333333333
test,2024-12-18 17:30:00+00:00,24,3,Climatology,5.5,47.166666666666664
test,2024-12-18 17:30:00+00:00,24,3,HistGradientBoosting,6.0,46.5
test,2024-12-18 17:30:00+00:00,24,3,RandomForest,3.5,62.0
test,2024-12-19 17:30:00+00:00,12,1,Immediate,0.0,103.5
test,2024-12-19 17:30:00+00:00,12,1,Oracle,5.0,39.0
test,2024-12-19 17:30:00+00:00,12,1,Persistence,0.0,103.5
test,2024-12-19 17:30:00+00:00,12,1,DailySeasonal,7.5,39.5
test,2024-12-19 17:30:00+00:00,12,1,WeeklySeasonal,1.5,91.5
test,2024-12-19 17:30:00+00:00,12,1,Climatology,7.5,39.5
test,2024-12-19 17:30:00+00:00,12,1,HistGradientBoosting,7.0,39.5
test,2024-12-19 17:30:00+00:00,12,1,RandomForest,4.0,45.0
test,2024-12-19 17:30:00+00:00,12,3,Immediate,0.0,95.0
test,2024-12-19 17:30:00+00:00,12,3,Oracle,5.0,39.5
test,2024-12-19 17:30:00+00:00,12,3,Persistence,0.0,95.0
test,2024-12-19 17:30:00+00:00,12,3,DailySeasonal,6.5,39.666666666666664
test,2024-12-19 17:30:00+00:00,12,3,WeeklySeasonal,0.0,95.0
test,2024-12-19 17:30:00+00:00,12,3,Climatology,6.5,39.666666666666664
test,2024-12-19 17:30:00+00:00,12,3,HistGradientBoosting,5.5,39.5
test,2024-12-19 17:30:00+00:00,12,3,RandomForest,3.5,45.5
test,2024-12-19 17:30:00+00:00,12,6,Immediate,0.0,73.33333333333333
test,2024-12-19 17:30:00+00:00,12,6,Oracle,4.0,41.166666666666664
test,2024-12-19 17:30:00+00:00,12,6,Persistence,0.0,73.33333333333333
test,2024-12-19 17:30:00+00:00,12,6,DailySeasonal,5.0,43.5
test,2024-12-19 17:30:00+00:00,12,6,WeeklySeasonal,0.0,73.33333333333333
test,2024-12-19 17:30:00+00:00,12,6,Climatology,4.5,41.583333333333336
test,2024-12-19 17:30:00+00:00,12,6,HistGradientBoosting,3.0,45.583333333333336
test,2024-12-19 17:30:00+00:00,12,6,RandomForest,2.5,49.25
test,2024-12-19 17:30:00+00:00,6,3,Immediate,0.0,95.0
test,2024-12-19 17:30:00+00:00,6,3,Oracle,3.0,51.666666666666664
test,2024-12-19 17:30:00+00:00,6,3,Persistence,0.0,95.0
test,2024-12-19 17:30:00+00:00,6,3,DailySeasonal,3.0,51.666666666666664
test,2024-12-19 17:30:00+00:00,6,3,WeeklySeasonal,0.0,95.0
test,2024-12-19 17:30:00+00:00,6,3,Climatology,3.0,51.666666666666664
test,2024-12-19 17:30:00+00:00,6,3,HistGradientBoosting,3.0,51.666666666666664
test,2024-12-19 17:30:00+00:00,6,3,RandomForest,3.0,51.666666666666664
test,2024-12-19 17:30:00+00:00,24,3,Immediate,0.0,95.0
test,2024-12-19 17:30:00+00:00,24,3,Oracle,5.0,39.5
test,2024-12-19 17:30:00+00:00,24,3,Persistence,0.0,95.0
test,2024-12-19 17:30:00+00:00,24,3,DailySeasonal,6.5,39.666666666666664
test,2024-12-19 17:30:00+00:00,24,3,WeeklySeasonal,0.0,95.0
test,2024-12-19 17:30:00+00:00,24,3,Climatology,17.0,73.5
test,2024-12-19 17:30:00+00:00,24,3,HistGradientBoosting,5.5,39.5
test,2024-12-19 17:30:00+00:00,24,3,RandomForest,3.5,45.5
test,2024-12-20 17:30:00+00:00,12,1,Immediate,0.0,84.0
test,2024-12-20 17:30:00+00:00,12,1,Oracle,4.0,46.5
test,2024-12-20 17:30:00+00:00,12,1,Persistence,0.0,84.0
test,2024-12-20 17:30:00+00:00,12,1,DailySeasonal,5.0,48.5
test,2024-12-20 17:30:00+00:00,12,1,WeeklySeasonal,9.5,65.5
test,2024-12-20 17:30:00+00:00,12,1,Climatology,7.5,68.0
test,2024-12-20 17:30:00+00:00,12,1,HistGradientBoosting,5.5,52.5
test,2024-12-20 17:30:00+00:00,12,1,RandomForest,10.5,64.0
test,2024-12-20 17:30:00+00:00,12,3,Immediate,0.0,73.66666666666667
test,2024-12-20 17:30:00+00:00,12,3,Oracle,3.0,49.5
test,2024-12-20 17:30:00+00:00,12,3,Persistence,0.0,73.66666666666667
test,2024-12-20 17:30:00+00:00,12,3,DailySeasonal,5.0,58.0
test,2024-12-20 17:30:00+00:00,12,3,WeeklySeasonal,8.5,65.0
test,2024-12-20 17:30:00+00:00,12,3,Climatology,7.0,66.16666666666667
test,2024-12-20 17:30:00+00:00,12,3,HistGradientBoosting,8.0,65.5
test,2024-12-20 17:30:00+00:00,12,3,RandomForest,8.5,65.0
test,2024-12-20 17:30:00+00:00,12,6,Immediate,0.0,61.583333333333336
test,2024-12-20 17:30:00+00:00,12,6,Oracle,1.5,56.25
test,2024-12-20 17:30:00+00:00,12,6,Persistence,0.0,61.583333333333336
test,2024-12-20 17:30:00+00:00,12,6,DailySeasonal,4.0,58.75
test,2024-12-20 17:30:00+00:00,12,6,WeeklySeasonal,6.0,64.25
test,2024-12-20 17:30:00+00:00,12,6,Climatology,6.0,64.25
test,2024-12-20 17:30:00+00:00,12,6,HistGradientBoosting,5.0,61.75
test,2024-12-20 17:30:00+00:00,12,6,RandomForest,5.5,63.166666666666664
test,2024-12-20 17:30:00+00:00,6,3,Immediate,0.0,73.66666666666667
test,2024-12-20 17:30:00+00:00,6,3,Oracle,3.0,49.5
test,2024-12-20 17:30:00+00:00,6,3,Persistence,0.0,73.66666666666667
test,2024-12-20 17:30:00+00:00,6,3,DailySeasonal,3.0,49.5
test,2024-12-20 17:30:00+00:00,6,3,WeeklySeasonal,3.0,49.5
test,2024-12-20 17:30:00+00:00,6,3,Climatology,3.0,49.5
test,2024-12-20 17:30:00+00:00,6,3,HistGradientBoosting,3.0,49.5
test,2024-12-20 17:30:00+00:00,6,3,RandomForest,3.0,49.5
test,2024-12-20 17:30:00+00:00,24,3,Immediate,0.0,73.66666666666667
test,2024-12-20 17:30:00+00:00,24,3,Oracle,3.0,49.5
test,2024-12-20 17:30:00+00:00,24,3,Persistence,0.0,73.66666666666667
test,2024-12-20 17:30:00+00:00,24,3,DailySeasonal,5.0,58.0
test,2024-12-20 17:30:00+00:00,24,3,WeeklySeasonal,17.0,52.333333333333336
test,2024-12-20 17:30:00+00:00,24,3,Climatology,17.0,52.333333333333336
test,2024-12-20 17:30:00+00:00,24,3,HistGradientBoosting,8.0,65.5
test,2024-12-20 17:30:00+00:00,24,3,RandomForest,8.5,65.0
test,2024-12-21 17:30:00+00:00,12,1,Immediate,0.0,52.5
test,2024-12-21 17:30:00+00:00,12,1,Oracle,10.0,47.0
test,2024-12-21 17:30:00+00:00,12,1,Persistence,0.0,52.5
test,2024-12-21 17:30:00+00:00,12,1,DailySeasonal,4.0,52.5
test,2024-12-21 17:30:00+00:00,12,1,WeeklySeasonal,9.0,48.0
test,2024-12-21 17:30:00+00:00,12,1,Climatology,9.0,48.0
test,2024-12-21 17:30:00+00:00,12,1,HistGradientBoosting,3.0,55.5
test,2024-12-21 17:30:00+00:00,12,1,RandomForest,0.0,52.5
test,2024-12-21 17:30:00+00:00,12,3,Immediate,0.0,54.166666666666664
test,2024-12-21 17:30:00+00:00,12,3,Oracle,9.0,48.0
test,2024-12-21 17:30:00+00:00,12,3,Persistence,0.0,54.166666666666664
test,2024-12-21 17:30:00+00:00,12,3,DailySeasonal,3.0,54.333333333333336
test,2024-12-21 17:30:00+00:00,12,3,WeeklySeasonal,7.5,50.5
test,2024-12-21 17:30:00+00:00,12,3,Climatology,9.0,48.0
test,2024-12-21 17:30:00+00:00,12,3,HistGradientBoosting,1.5,54.666666666666664
test,2024-12-21 17:30:00+00:00,12,3,RandomForest,0.0,54.166666666666664
test,2024-12-21 17:30:00+00:00,12,6,Immediate,0.0,54.25
test,2024-12-21 17:30:00+00:00,12,6,Oracle,6.0,50.166666666666664
test,2024-12-21 17:30:00+00:00,12,6,Persistence,0.0,54.25
test,2024-12-21 17:30:00+00:00,12,6,DailySeasonal,1.5,53.75
test,2024-12-21 17:30:00+00:00,12,6,WeeklySeasonal,5.0,51.166666666666664
test,2024-12-21 17:30:00+00:00,12,6,Climatology,6.0,50.166666666666664
test,2024-12-21 17:30:00+00:00,12,6,HistGradientBoosting,0.0,54.25
test,2024-12-21 17:30:00+00:00,12,6,RandomForest,0.0,54.25
test,2024-12-21 17:30:00+00:00,6,3,Immediate,0.0,54.166666666666664
test,2024-12-21 17:30:00+00:00,6,3,Oracle,0.0,54.166666666666664
test,2024-12-21 17:30:00+00:00,6,3,Persistence,0.0,54.166666666666664
test,2024-12-21 17:30:00+00:00,6,3,DailySeasonal,3.0,54.333333333333336
test,2024-12-21 17:30:00+00:00,6,3,WeeklySeasonal,3.0,54.333333333333336
test,2024-12-21 17:30:00+00:00,6,3,Climatology,3.0,54.333333333333336
test,2024-12-21 17:30:00+00:00,6,3,HistGradientBoosting,1.5,54.666666666666664
test,2024-12-21 17:30:00+00:00,6,3,RandomForest,0.0,54.166666666666664
test,2024-12-21 17:30:00+00:00,24,3,Immediate,0.0,54.166666666666664
test,2024-12-21 17:30:00+00:00,24,3,Oracle,16.0,42.5
test,2024-12-21 17:30:00+00:00,24,3,Persistence,0.0,54.166666666666664
test,2024-12-21 17:30:00+00:00,24,3,DailySeasonal,3.0,54.333333333333336
test,2024-12-21 17:30:00+00:00,24,3,WeeklySeasonal,7.5,50.5
test,2024-12-21 17:30:00+00:00,24,3,Climatology,16.0,42.5
test,2024-12-21 17:30:00+00:00,24,3,HistGradientBoosting,1.5,54.666666666666664
test,2024-12-21 17:30:00+00:00,24,3,RandomForest,0.0,54.166666666666664
test,2024-12-22 17:30:00+00:00,12,1,Immediate,0.0,61.0
test,2024-12-22 17:30:00+00:00,12,1,Oracle,6.0,32.5
test,2024-12-22 17:30:00+00:00,12,1,Persistence,0.0,61.0
test,2024-12-22 17:30:00+00:00,12,1,DailySeasonal,10.0,36.5
test,2024-12-22 17:30:00+00:00,12,1,WeeklySeasonal,9.5,34.5
test,2024-12-22 17:30:00+00:00,12,1,Climatology,5.0,40.0
test,2024-12-22 17:30:00+00:00,12,1,HistGradientBoosting,5.5,34.5
test,2024-12-22 17:30:00+00:00,12,1,RandomForest,0.0,61.0
test,2024-12-22 17:30:00+00:00,12,3,Immediate,0.0,55.5
test,2024-12-22 17:30:00+00:00,12,3,Oracle,6.0,32.5
test,2024-12-22 17:30:00+00:00,12,3,Persistence,0.0,55.5
test,2024-12-22 17:30:00+00:00,12,3,DailySeasonal,9.0,38.166666666666664
test,2024-12-22 17:30:00+00:00,12,3,WeeklySeasonal,8.0,34.166666666666664
test,2024-12-22 17:30:00+00:00,12,3,Climatology,5.0,35.0
test,2024-12-22 17:30:00+00:00,12,3,HistGradientBoosting,5.0,35.0
test,2024-12-22 17:30:00+00:00,12,3,RandomForest,0.0,55.5
test,2024-12-22 17:30:00+00:00,12,6,Immediate,0.0,50.166666666666664
test,2024-12-22 17:30:00+00:00,12,6,Oracle,5.5,34.5
test,2024-12-22 17:30:00+00:00,12,6,Persistence,0.0,50.166666666666664
test,2024-12-22 17:30:00+00:00,12,6,DailySeasonal,6.0,35.333333333333336
test,2024-12-22 17:30:00+00:00,12,6,WeeklySeasonal,5.0,34.583333333333336
test,2024-12-22 17:30:00+00:00,12,6,Climatology,4.0,36.166666666666664
test,2024-12-22 17:30:00+00:00,12,6,HistGradientBoosting,2.0,41.416666666666664
test,2024-12-22 17:30:00+00:00,12,6,RandomForest,0.0,50.166666666666664
test,2024-12-22 17:30:00+00:00,6,3,Immediate,0.0,55.5
test,2024-12-22 17:30:00+00:00,6,3,Oracle,3.0,44.833333333333336
test,2024-12-22 17:30:00+00:00,6,3,Persistence,0.0,55.5
test,2024-12-22 17:30:00+00:00,6,3,DailySeasonal,0.0,55.5
test,2024-12-22 17:30:00+00:00,6,3,WeeklySeasonal,3.0,44.833333333333336
test,2024-12-22 17:30:00+00:00,6,3,Climatology,3.0,44.833333333333336
test,2024-12-22 17:30:00+00:00,6,3,HistGradientBoosting,3.0,44.833333333333336
test,2024-12-22 17:30:00+00:00,6,3,RandomForest,0.0,55.5
test,2024-12-22 17:30:00+00:00,24,3,Immediate,0.0,55.5
test,2024-12-22 17:30:00+00:00,24,3,Oracle,6.0,32.5
test,2024-12-22 17:30:00+00:00,24,3,Persistence,0.0,55.5
test,2024-12-22 17:30:00+00:00,24,3,DailySeasonal,16.0,138.0
test,2024-12-22 17:30:00+00:00,24,3,WeeklySeasonal,8.0,34.166666666666664
test,2024-12-22 17:30:00+00:00,24,3,Climatology,5.0,35.0
test,2024-12-22 17:30:00+00:00,24,3,HistGradientBoosting,5.0,35.0
test,2024-12-22 17:30:00+00:00,24,3,RandomForest,0.0,55.5
test,2024-12-23 17:30:00+00:00,12,1,Immediate,0.0,149.0
test,2024-12-23 17:30:00+00:00,12,1,Oracle,6.0,64.0
test,2024-12-23 17:30:00+00:00,12,1,Persistence,0.0,149.0
test,2024-12-23 17:30:00+00:00,12,1,DailySeasonal,6.0,64.0
test,2024-12-23 17:30:00+00:00,12,1,WeeklySeasonal,5.0,67.5
test,2024-12-23 17:30:00+00:00,12,1,Climatology,5.0,67.5
test,2024-12-23 17:30:00+00:00,12,1,HistGradientBoosting,5.5,66.0
test,2024-12-23 17:30:00+00:00,12,1,RandomForest,6.5,66.0
test,2024-12-23 17:30:00+00:00,12,3,Immediate,0.0,144.33333333333334
test,2024-12-23 17:30:00+00:00,12,3,Oracle,5.0,66.5
test,2024-12-23 17:30:00+00:00,12,3,Persistence,0.0,144.33333333333334
test,2024-12-23 17:30:00+00:00,12,3,DailySeasonal,6.0,67.16666666666667
test,2024-12-23 17:30:00+00:00,12,3,WeeklySeasonal,4.5,67.0
test,2024-12-23 17:30:00+00:00,12,3,Climatology,5.0,66.5
test,2024-12-23 17:30:00+00:00,12,3,HistGradientBoosting,5.5,66.66666666666667
test,2024-12-23 17:30:00+00:00,12,3,RandomForest,6.5,68.5
test,2024-12-23 17:30:00+00:00,12,6,Immediate,0.0,115.16666666666667
test,2024-12-23 17:30:00+00:00,12,6,Oracle,4.5,68.66666666666667
test,2024-12-23 17:30:00+00:00,12,6,Persistence,0.0,115.16666666666667
test,2024-12-23 17:30:00+00:00,12,6,DailySeasonal,5.5,69.75
test,2024-12-23 17:30:00+00:00,12,6,WeeklySeasonal,4.0,69.75
test,2024-12-23 17:30:00+00:00,12,6,Climatology,4.0,69.75
test,2024-12-23 17:30:00+00:00,12,6,HistGradientBoosting,5.0,69.0
test,2024-12-23 17:30:00+00:00,12,6,RandomForest,6.0,70.91666666666667
test,2024-12-23 17:30:00+00:00,6,3,Immediate,0.0,144.33333333333334
test,2024-12-23 17:30:00+00:00,6,3,Oracle,3.0,86.0
test,2024-12-23 17:30:00+00:00,6,3,Persistence,0.0,144.33333333333334
test,2024-12-23 17:30:00+00:00,6,3,DailySeasonal,3.0,86.0
test,2024-12-23 17:30:00+00:00,6,3,WeeklySeasonal,3.0,86.0
test,2024-12-23 17:30:00+00:00,6,3,Climatology,3.0,86.0
test,2024-12-23 17:30:00+00:00,6,3,HistGradientBoosting,3.0,86.0
test,2024-12-23 17:30:00+00:00,6,3,RandomForest,3.0,86.0
test,2024-12-23 17:30:00+00:00,24,3,Immediate,0.0,144.33333333333334
test,2024-12-23 17:30:00+00:00,24,3,Oracle,5.0,66.5
test,2024-12-23 17:30:00+00:00,24,3,Persistence,0.0,144.33333333333334
test,2024-12-23 17:30:00+00:00,24,3,DailySeasonal,6.0,67.16666666666667
test,2024-12-23 17:30:00+00:00,24,3,WeeklySeasonal,4.5,67.0
test,2024-12-23 17:30:00+00:00,24,3,Climatology,5.0,66.5
test,2024-12-23 17:30:00+00:00,24,3,HistGradientBoosting,5.5,66.66666666666667
test,2024-12-23 17:30:00+00:00,24,3,RandomForest,11.0,87.66666666666667
test,2024-12-24 17:30:00+00:00,12,1,Immediate,0.0,99.5
test,2024-12-24 17:30:00+00:00,12,1,Oracle,3.0,66.0
test,2024-12-24 17:30:00+00:00,12,1,Persistence,0.0,99.5
test,2024-12-24 17:30:00+00:00,12,1,DailySeasonal,6.0,84.5
test,2024-12-24 17:30:00+00:00,12,1,WeeklySeasonal,9.0,93.0
test,2024-12-24 17:30:00+00:00,12,1,Climatology,7.5,80.0
test,2024-12-24 17:30:00+00:00,12,1,HistGradientBoosting,6.0,84.5
test,2024-12-24 17:30:00+00:00,12,1,RandomForest,4.5,73.0
test,2024-12-24 17:30:00+00:00,12,3,Immediate,0.0,85.66666666666667
test,2024-12-24 17:30:00+00:00,12,3,Oracle,2.0,69.0
test,2024-12-24 17:30:00+00:00,12,3,Persistence,0.0,85.66666666666667
test,2024-12-24 17:30:00+00:00,12,3,DailySeasonal,5.0,79.33333333333333
test,2024-12-24 17:30:00+00:00,12,3,WeeklySeasonal,8.5,92.83333333333333
test,2024-12-24 17:30:00+00:00,12,3,Climatology,7.0,84.66666666666667
test,2024-12-24 17:30:00+00:00,12,3,HistGradientBoosting,6.0,81.83333333333333
test,2024-12-24 17:30:00+00:00,12,3,RandomForest,4.0,77.0
test,2024-12-24 17:30:00+00:00,12,6,Immediate,0.0,78.25
test,2024-12-24 17:30:00+00:00,12,6,Oracle,2.0,74.16666666666667
test,2024-12-24 17:30:00+00:00,12,6,Persistence,0.0,78.25
test,2024-12-24 17:30:00+00:00,12,6,DailySeasonal,4.5,83.16666666666667
test,2024-12-24 17:30:00+00:00,12,6,WeeklySeasonal,6.0,87.75
test,2024-12-24 17:30:00+00:00,12,6,Climatology,5.0,85.08333333333333
test,2024-12-24 17:30:00+00:00,12,6,HistGradientBoosting,6.0,87.75
test,2024-12-24 17:30:00+00:00,12,6,RandomForest,2.5,74.75
test,2024-12-24 17:30:00+00:00,6,3,Immediate,0.0,85.66666666666667
test,2024-12-24 17:30:00+00:00,6,3,Oracle,2.0,69.0
test,2024-12-24 17:30:00+00:00,6,3,Persistence,0.0,85.66666666666667
test,2024-12-24 17:30:00+00:00,6,3,DailySeasonal,3.0,70.83333333333333
test,2024-12-24 17:30:00+00:00,6,3,WeeklySeasonal,3.0,70.83333333333333
test,2024-12-24 17:30:00+00:00,6,3,Climatology,3.0,70.83333333333333
test,2024-12-24 17:30:00+00:00,6,3,HistGradientBoosting,3.0,70.83333333333333
test,2024-12-24 17:30:00+00:00,6,3,RandomForest,3.0,70.83333333333333
test,2024-12-24 17:30:00+00:00,24,3,Immediate,0.0,85.66666666666667
test,2024-12-24 17:30:00+00:00,24,3,Oracle,2.0,69.0
test,2024-12-24 17:30:00+00:00,24,3,Persistence,0.0,85.66666666666667
test,2024-12-24 17:30:00+00:00,24,3,DailySeasonal,5.0,79.33333333333333
test,2024-12-24 17:30:00+00:00,24,3,WeeklySeasonal,8.5,92.83333333333333
test,2024-12-24 17:30:00+00:00,24,3,Climatology,17.0,111.0
test,2024-12-24 17:30:00+00:00,24,3,HistGradientBoosting,6.0,81.83333333333333
test,2024-12-24 17:30:00+00:00,24,3,RandomForest,4.0,77.0
test,2024-12-25 17:30:00+00:00,12,1,Immediate,0.0,107.5
test,2024-12-25 17:30:00+00:00,12,1,Oracle,6.5,72.5
test,2024-12-25 17:30:00+00:00,12,1,Persistence,0.0,107.5
test,2024-12-25 17:30:00+00:00,12,1,DailySeasonal,3.0,100.5
test,2024-12-25 17:30:00+00:00,12,1,WeeklySeasonal,7.5,76.5
test,2024-12-25 17:30:00+00:00,12,1,Climatology,7.5,76.5
test,2024-12-25 17:30:00+00:00,12,1,HistGradientBoosting,6.5,72.5
test,2024-12-25 17:30:00+00:00,12,1,RandomForest,7.0,75.0
test,2024-12-25 17:30:00+00:00,12,3,Immediate,0.0,106.16666666666667
test,2024-12-25 17:30:00+00:00,12,3,Oracle,7.0,74.0
test,2024-12-25 17:30:00+00:00,12,3,Persistence,0.0,106.16666666666667
test,2024-12-25 17:30:00+00:00,12,3,DailySeasonal,2.0,96.16666666666667
test,2024-12-25 17:30:00+00:00,12,3,WeeklySeasonal,6.5,74.16666666666667
test,2024-12-25 17:30:00+00:00,12,3,Climatology,5.5,75.0
test,2024-12-25 17:30:00+00:00,12,3,HistGradientBoosting,5.5,75.0
test,2024-12-25 17:30:00+00:00,12,3,RandomForest,5.0,75.0
test,2024-12-25 17:30:00+00:00,12,6,Immediate,0.0,95.83333333333333
test,2024-12-25 17:30:00+00:00,12,6,Oracle,4.5,74.66666666666667
test,2024-12-25 17:30:00+00:00,12,6,Persistence,0.0,95.83333333333333
test,2024-12-25 17:30:00+00:00,12,6,DailySeasonal,2.0,85.58333333333333
test,2024-12-25 17:30:00+00:00,12,6,WeeklySeasonal,5.0,75.75
test,2024-12-25 17:30:00+00:00,12,6,Climatology,4.0,75.58333333333333
test,2024-12-25 17:30:00+00:00,12,6,HistGradientBoosting,4.0,75.58333333333333
test,2024-12-25 17:30:00+00:00,12,6,RandomForest,3.0,80.16666666666667
test,2024-12-25 17:30:00+00:00,6,3,Immediate,0.0,106.16666666666667
test,2024-12-25 17:30:00+00:00,6,3,Oracle,3.0,85.5
test,2024-12-25 17:30:00+00:00,6,3,Persistence,0.0,106.16666666666667
test,2024-12-25 17:30:00+00:00,6,3,DailySeasonal,2.0,96.16666666666667
test,2024-12-25 17:30:00+00:00,6,3,WeeklySeasonal,3.0,85.5
test,2024-12-25 17:30:00+00:00,6,3,Climatology,3.0,85.5
test,2024-12-25 17:30:00+00:00,6,3,HistGradientBoosting,3.0,85.5
test,2024-12-25 17:30:00+00:00,6,3,RandomForest,3.0,85.5
test,2024-12-25 17:30:00+00:00,24,3,Immediate,0.0,106.16666666666667
test,2024-12-25 17:30:00+00:00,24,3,Oracle,7.0,74.0
test,2024-12-25 17:30:00+00:00,24,3,Persistence,0.0,106.16666666666667
test,2024-12-25 17:30:00+00:00,24,3,DailySeasonal,2.0,96.16666666666667
test,2024-12-25 17:30:00+00:00,24,3,WeeklySeasonal,6.5,74.16666666666667
test,2024-12-25 17:30:00+00:00,24,3,Climatology,5.5,75.0
test,2024-12-25 17:30:00+00:00,24,3,HistGradientBoosting,5.5,75.0
test,2024-12-25 17:30:00+00:00,24,3,RandomForest,5.0,75.0
test,2024-12-26 17:30:00+00:00,12,1,Immediate,0.0,211.0
test,2024-12-26 17:30:00+00:00,12,1,Oracle,7.5,160.5
test,2024-12-26 17:30:00+00:00,12,1,Persistence,0.0,211.0
test,2024-12-26 17:30:00+00:00,12,1,DailySeasonal,6.5,163.5
test,2024-12-26 17:30:00+00:00,12,1,WeeklySeasonal,5.0,163.5
test,2024-12-26 17:30:00+00:00,12,1,Climatology,7.5,160.5
test,2024-12-26 17:30:00+00:00,12,1,HistGradientBoosting,10.5,194.0
test,2024-12-26 17:30:00+00:00,12,1,RandomForest,11.0,206.0
test,2024-12-26 17:30:00+00:00,12,3,Immediate,0.0,206.83333333333334
test,2024-12-26 17:30:00+00:00,12,3,Oracle,5.5,162.16666666666666
test,2024-12-26 17:30:00+00:00,12,3,Persistence,0.0,206.83333333333334
test,2024-12-26 17:30:00+00:00,12,3,DailySeasonal,7.0,162.83333333333334
test,2024-12-26 17:30:00+00:00,12,3,WeeklySeasonal,5.0,163.16666666666666
test,2024-12-26 17:30:00+00:00,12,3,Climatology,6.5,162.16666666666666
test,2024-12-26 17:30:00+00:00,12,3,HistGradientBoosting,8.5,175.0
test,2024-12-26 17:30:00+00:00,12,3,RandomForest,9.0,183.66666666666666
test,2024-12-26 17:30:00+00:00,12,6,Immediate,0.0,190.83333333333334
test,2024-12-26 17:30:00+00:00,12,6,Oracle,4.5,164.0
test,2024-12-26 17:30:00+00:00,12,6,Persistence,0.0,190.83333333333334
test,2024-12-26 17:30:00+00:00,12,6,DailySeasonal,4.5,164.0
test,2024-12-26 17:30:00+00:00,12,6,WeeklySeasonal,4.0,164.41666666666666
test,2024-12-26 17:30:00+00:00,12,6,Climatology,4.5,164.0
test,2024-12-26 17:30:00+00:00,12,6,HistGradientBoosting,6.0,173.08333333333334
test,2024-12-26 17:30:00+00:00,12,6,RandomForest,6.0,173.08333333333334
test,2024-12-26 17:30:00+00:00,6,3,Immediate,0.0,206.83333333333334
test,2024-12-26 17:30:00+00:00,6,3,Oracle,3.0,174.83333333333334
test,2024-12-26 17:30:00+00:00,6,3,Persistence,0.0,206.83333333333334
test,2024-12-26 17:30:00+00:00,6,3,DailySeasonal,3.0,174.83333333333334
test,2024-12-26 17:30:00+00:00,6,3,WeeklySeasonal,3.0,174.83333333333334
test,2024-12-26 17:30:00+00:00,6,3,Climatology,3.0,174.83333333333334
test,2024-12-26 17:30:00+00:00,6,3,HistGradientBoosting,3.0,174.83333333333334
test,2024-12-26 17:30:00+00:00,6,3,RandomForest,3.0,174.83333333333334
test,2024-12-26 17:30:00+00:00,24,3,Immediate,0.0,206.83333333333334
test,2024-12-26 17:30:00+00:00,24,3,Oracle,5.5,162.16666666666666
test,2024-12-26 17:30:00+00:00,24,3,Persistence,0.0,206.83333333333334
test,2024-12-26 17:30:00+00:00,24,3,DailySeasonal,7.0,162.83333333333334
test,2024-12-26 17:30:00+00:00,24,3,WeeklySeasonal,5.0,163.16666666666666
test,2024-12-26 17:30:00+00:00,24,3,Climatology,17.0,219.66666666666666
test,2024-12-26 17:30:00+00:00,24,3,HistGradientBoosting,9.5,195.16666666666666
test,2024-12-26 17:30:00+00:00,24,3,RandomForest,19.5,227.66666666666666
test,2024-12-27 17:30:00+00:00,12,1,Immediate,0.0,229.5
test,2024-12-27 17:30:00+00:00,12,1,Oracle,7.0,156.5
test,2024-12-27 17:30:00+00:00,12,1,Persistence,0.0,229.5
test,2024-12-27 17:30:00+00:00,12,1,DailySeasonal,7.5,159.5
test,2024-12-27 17:30:00+00:00,12,1,WeeklySeasonal,4.0,192.5
test,2024-12-27 17:30:00+00:00,12,1,Climatology,7.5,159.5
test,2024-12-27 17:30:00+00:00,12,1,HistGradientBoosting,10.5,172.0
test,2024-12-27 17:30:00+00:00,12,1,RandomForest,10.0,169.0
test,2024-12-27 17:30:00+00:00,12,3,Immediate,0.0,226.66666666666666
test,2024-12-27 17:30:00+00:00,12,3,Oracle,5.5,160.83333333333334
test,2024-12-27 17:30:00+00:00,12,3,Persistence,0.0,226.66666666666666
test,2024-12-27 17:30:00+00:00,12,3,DailySeasonal,5.5,160.83333333333334
test,2024-12-27 17:30:00+00:00,12,3,WeeklySeasonal,3.0,190.66666666666666
test,2024-12-27 17:30:00+00:00,12,3,Climatology,7.0,162.16666666666666
test,2024-12-27 17:30:00+00:00,12,3,HistGradientBoosting,9.0,170.66666666666666
test,2024-12-27 17:30:00+00:00,12,3,RandomForest,9.0,170.66666666666666
test,2024-12-27 17:30:00+00:00,12,6,Immediate,0.0,208.66666666666666
test,2024-12-27 17:30:00+00:00,12,6,Oracle,5.5,164.58333333333334
test,2024-12-27 17:30:00+00:00,12,6,Persistence,0.0,208.66666666666666
test,2024-12-27 17:30:00+00:00,12,6,DailySeasonal,4.5,166.0
test,2024-12-27 17:30:00+00:00,12,6,WeeklySeasonal,1.5,191.33333333333334
test,2024-12-27 17:30:00+00:00,12,6,Climatology,6.0,165.83333333333334
test,2024-12-27 17:30:00+00:00,12,6,HistGradientBoosting,6.0,165.83333333333334
test,2024-12-27 17:30:00+00:00,12,6,RandomForest,6.0,165.83333333333334
test,2024-12-27 17:30:00+00:00,6,3,Immediate,0.0,226.66666666666666
test,2024-12-27 17:30:00+00:00,6,3,Oracle,3.0,190.66666666666666
test,2024-12-27 17:30:00+00:00,6,3,Persistence,0.0,226.66666666666666
test,2024-12-27 17:30:00+00:00,6,3,DailySeasonal,3.0,190.66666666666666
test,2024-12-27 17:30:00+00:00,6,3,WeeklySeasonal,3.0,190.66666666666666
test,2024-12-27 17:30:00+00:00,6,3,Climatology,3.0,190.66666666666666
test,2024-12-27 17:30:00+00:00,6,3,HistGradientBoosting,3.0,190.66666666666666
test,2024-12-27 17:30:00+00:00,6,3,RandomForest,3.0,190.66666666666666
test,2024-12-27 17:30:00+00:00,24,3,Immediate,0.0,226.66666666666666
test,2024-12-27 17:30:00+00:00,24,3,Oracle,5.5,160.83333333333334
test,2024-12-27 17:30:00+00:00,24,3,Persistence,0.0,226.66666666666666
test,2024-12-27 17:30:00+00:00,24,3,DailySeasonal,5.5,160.83333333333334
test,2024-12-27 17:30:00+00:00,24,3,WeeklySeasonal,3.0,190.66666666666666
test,2024-12-27 17:30:00+00:00,24,3,Climatology,17.0,172.33333333333334
test,2024-12-27 17:30:00+00:00,24,3,HistGradientBoosting,13.5,188.0
test,2024-12-27 17:30:00+00:00,24,3,RandomForest,13.5,188.0
test,2024-12-28 17:30:00+00:00,12,1,Immediate,0.0,186.5
test,2024-12-28 17:30:00+00:00,12,1,Oracle,10.5,99.0
test,2024-12-28 17:30:00+00:00,12,1,Persistence,0.0,186.5
test,2024-12-28 17:30:00+00:00,12,1,DailySeasonal,7.0,101.5
test,2024-12-28 17:30:00+00:00,12,1,WeeklySeasonal,10.0,99.5
test,2024-12-28 17:30:00+00:00,12,1,Climatology,9.0,102.0
test,2024-12-28 17:30:00+00:00,12,1,HistGradientBoosting,7.5,99.5
test,2024-12-28 17:30:00+00:00,12,1,RandomForest,7.5,99.5
test,2024-12-28 17:30:00+00:00,12,3,Immediate,0.0,184.0
test,2024-12-28 17:30:00+00:00,12,3,Oracle,9.0,100.16666666666667
test,2024-12-28 17:30:00+00:00,12,3,Persistence,0.0,184.0
test,2024-12-28 17:30:00+00:00,12,3,DailySeasonal,5.5,110.0
test,2024-12-28 17:30:00+00:00,12,3,WeeklySeasonal,9.0,100.16666666666667
test,2024-12-28 17:30:00+00:00,12,3,Climatology,9.0,100.16666666666667
test,2024-12-28 17:30:00+00:00,12,3,HistGradientBoosting,5.5,110.0
test,2024-12-28 17:30:00+00:00,12,3,RandomForest,7.5,101.16666666666667
test,2024-12-28 17:30:00+00:00,12,6,Immediate,0.0,163.08333333333334
test,2024-12-28 17:30:00+00:00,12,6,Oracle,6.0,103.58333333333333
test,2024-12-28 17:30:00+00:00,12,6,Persistence,0.0,163.08333333333334
test,2024-12-28 17:30:00+00:00,12,6,DailySeasonal,5.5,105.5
test,2024-12-28 17:30:00+00:00,12,6,WeeklySeasonal,6.0,103.58333333333333
test,2024-12-28 17:30:00+00:00,12,6,Climatology,6.0,103.58333333333333
test,2024-12-28 17:30:00+00:00,12,6,HistGradientBoosting,5.0,107.58333333333333
test,2024-12-28 17:30:00+00:00,12,6,RandomForest,4.5,109.91666666666667
test,2024-12-28 17:30:00+00:00,6,3,Immediate,0.0,184.0
test,2024-12-28 17:30:00+00:00,6,3,Oracle,3.0,142.16666666666666
test,2024-12-28 17:30:00+00:00,6,3,Persistence,0.0,184.0
test,2024-12-28 17:30:00+00:00,6,3,DailySeasonal,3.0,142.16666666666666
test,2024-12-28 17:30:00+00:00,6,3,WeeklySeasonal,0.0,184.0
test,2024-12-28 17:30:00+00:00,6,3,Climatology,3.0,142.16666666666666
test,2024-12-28 17:30:00+00:00,6,3,HistGradientBoosting,3.0,142.16666666666666
test,2024-12-28 17:30:00+00:00,6,3,RandomForest,3.0,142.16666666666666
test,2024-12-28 17:30:00+00:00,24,3,Immediate,0.0,184.0
test,2024-12-28 17:30:00+00:00,24,3,Oracle,17.0,83.66666666666667
test,2024-12-28 17:30:00+00:00,24,3,Persistence,0.0,184.0
test,2024-12-28 17:30:00+00:00,24,3,DailySeasonal,5.5,110.0
test,2024-12-28 17:30:00+00:00,24,3,WeeklySeasonal,16.0,86.33333333333333
test,2024-12-28 17:30:00+00:00,24,3,Climatology,16.0,86.33333333333333
test,2024-12-28 17:30:00+00:00,24,3,HistGradientBoosting,5.5,110.0
test,2024-12-28 17:30:00+00:00,24,3,RandomForest,7.5,101.16666666666667
test,2024-12-29 17:30:00+00:00,12,1,Immediate,0.0,91.0
test,2024-12-29 17:30:00+00:00,12,1,Oracle,8.0,55.5
test,2024-12-29 17:30:00+00:00,12,1,Persistence,0.0,91.0
test,2024-12-29 17:30:00+00:00,12,1,DailySeasonal,10.5,62.0
test,2024-12-29 17:30:00+00:00,12,1,WeeklySeasonal,6.0,61.5
test,2024-12-29 17:30:00+00:00,12,1,Climatology,5.0,59.0
test,2024-12-29 17:30:00+00:00,12,1,HistGradientBoosting,3.5,56.0
test,2024-12-29 17:30:00+00:00,12,1,RandomForest,4.0,56.5
test,2024-12-29 17:30:00+00:00,12,3,Immediate,0.0,78.16666666666667
test,2024-12-29 17:30:00+00:00,12,3,Oracle,7.5,57.0
test,2024-12-29 17:30:00+00:00,12,3,Persistence,0.0,78.16666666666667
test,2024-12-29 17:30:00+00:00,12,3,DailySeasonal,9.0,60.166666666666664
test,2024-12-29 17:30:00+00:00,12,3,WeeklySeasonal,6.0,58.833333333333336
test,2024-12-29 17:30:00+00:00,12,3,Climatology,5.0,60.0
test,2024-12-29 17:30:00+00:00,12,3,HistGradientBoosting,3.0,57.666666666666664
test,2024-12-29 17:30:00+00:00,12,3,RandomForest,2.5,58.0
test,2024-12-29 17:30:00+00:00,12,6,Immediate,0.0,67.91666666666667
test,2024-12-29 17:30:00+00:00,12,6,Oracle,4.0,58.083333333333336
test,2024-12-29 17:30:00+00:00,12,6,Persistence,0.0,67.91666666666667
test,2024-12-29 17:30:00+00:00,12,6,DailySeasonal,6.0,59.5
test,2024-12-29 17:30:00+00:00,12,6,WeeklySeasonal,5.5,58.833333333333336
test,2024-12-29 17:30:00+00:00,12,6,Climatology,4.0,58.083333333333336
test,2024-12-29 17:30:00+00:00,12,6,HistGradientBoosting,1.5,60.833333333333336
test,2024-12-29 17:30:00+00:00,12,6,RandomForest,2.0,59.416666666666664
test,2024-12-29 17:30:00+00:00,6,3,Immediate,0.0,78.16666666666667
test,2024-12-29 17:30:00+00:00,6,3,Oracle,3.0,57.666666666666664
test,2024-12-29 17:30:00+00:00,6,3,Persistence,0.0,78.16666666666667
test,2024-12-29 17:30:00+00:00,6,3,DailySeasonal,3.0,57.666666666666664
test,2024-12-29 17:30:00+00:00,6,3,WeeklySeasonal,3.0,57.666666666666664
test,2024-12-29 17:30:00+00:00,6,3,Climatology,3.0,57.666666666666664
test,2024-12-29 17:30:00+00:00,6,3,HistGradientBoosting,3.0,57.666666666666664
test,2024-12-29 17:30:00+00:00,6,3,RandomForest,2.5,58.0
test,2024-12-29 17:30:00+00:00,24,3,Immediate,0.0,78.16666666666667
test,2024-12-29 17:30:00+00:00,24,3,Oracle,17.0,52.333333333333336
test,2024-12-29 17:30:00+00:00,24,3,Persistence,0.0,78.16666666666667
test,2024-12-29 17:30:00+00:00,24,3,DailySeasonal,17.0,52.333333333333336
test,2024-12-29 17:30:00+00:00,24,3,WeeklySeasonal,6.0,58.833333333333336
test,2024-12-29 17:30:00+00:00,24,3,Climatology,5.0,60.0
test,2024-12-29 17:30:00+00:00,24,3,HistGradientBoosting,3.0,57.666666666666664
test,2024-12-29 17:30:00+00:00,24,3,RandomForest,2.5,58.0
test,2024-12-30 17:30:00+00:00,12,1,Immediate,0.0,101.5
test,2024-12-30 17:30:00+00:00,12,1,Oracle,5.0,50.5
test,2024-12-30 17:30:00+00:00,12,1,Persistence,0.0,101.5
test,2024-12-30 17:30:00+00:00,12,1,DailySeasonal,8.0,60.0
test,2024-12-30 17:30:00+00:00,12,1,WeeklySeasonal,6.0,61.0
test,2024-12-30 17:30:00+00:00,12,1,Climatology,5.0,50.5
test,2024-12-30 17:30:00+00:00,12,1,HistGradientBoosting,8.0,60.0
test,2024-12-30 17:30:00+00:00,12,1,RandomForest,6.0,61.0
test,2024-12-30 17:30:00+00:00,12,3,Immediate,0.0,92.16666666666667
test,2024-12-30 17:30:00+00:00,12,3,Oracle,4.0,56.0
test,2024-12-30 17:30:00+00:00,12,3,Persistence,0.0,92.16666666666667
test,2024-12-30 17:30:00+00:00,12,3,DailySeasonal,7.5,59.333333333333336
test,2024-12-30 17:30:00+00:00,12,3,WeeklySeasonal,5.0,58.166666666666664
test,2024-12-30 17:30:00+00:00,12,3,Climatology,5.0,58.166666666666664
test,2024-12-30 17:30:00+00:00,12,3,HistGradientBoosting,5.5,59.666666666666664
test,2024-12-30 17:30:00+00:00,12,3,RandomForest,5.0,58.166666666666664
test,2024-12-30 17:30:00+00:00,12,6,Immediate,0.0,74.91666666666667
test,2024-12-30 17:30:00+00:00,12,6,Oracle,4.5,58.0
test,2024-12-30 17:30:00+00:00,12,6,Persistence,0.0,74.91666666666667
test,2024-12-30 17:30:00+00:00,12,6,DailySeasonal,4.0,58.166666666666664
test,2024-12-30 17:30:00+00:00,12,6,WeeklySeasonal,4.5,58.0
test,2024-12-30 17:30:00+00:00,12,6,Climatology,4.0,58.166666666666664
test,2024-12-30 17:30:00+00:00,12,6,HistGradientBoosting,4.5,58.0
test,2024-12-30 17:30:00+00:00,12,6,RandomForest,3.5,58.833333333333336
test,2024-12-30 17:30:00+00:00,6,3,Immediate,0.0,92.16666666666667
test,2024-12-30 17:30:00+00:00,6,3,Oracle,3.0,57.666666666666664
test,2024-12-30 17:30:00+00:00,6,3,Persistence,0.0,92.16666666666667
test,2024-12-30 17:30:00+00:00,6,3,DailySeasonal,3.0,57.666666666666664
test,2024-12-30 17:30:00+00:00,6,3,WeeklySeasonal,3.0,57.666666666666664
test,2024-12-30 17:30:00+00:00,6,3,Climatology,3.0,57.666666666666664
test,2024-12-30 17:30:00+00:00,6,3,HistGradientBoosting,3.0,57.666666666666664
test,2024-12-30 17:30:00+00:00,6,3,RandomForest,3.0,57.666666666666664
test,2024-12-30 17:30:00+00:00,24,3,Immediate,0.0,92.16666666666667
test,2024-12-30 17:30:00+00:00,24,3,Oracle,4.0,56.0
test,2024-12-30 17:30:00+00:00,24,3,Persistence,0.0,92.16666666666667
test,2024-12-30 17:30:00+00:00,24,3,DailySeasonal,17.0,56.5
test,2024-12-30 17:30:00+00:00,24,3,WeeklySeasonal,5.0,58.166666666666664
test,2024-12-30 17:30:00+00:00,24,3,Climatology,5.0,58.166666666666664
test,2024-12-30 17:30:00+00:00,24,3,HistGradientBoosting,5.5,59.666666666666664
test,2024-12-30 17:30:00+00:00,24,3,RandomForest,5.0,58.166666666666664
